order_id,customer_id,employee_id,order_date,status,region
1,48,20,2025-10-31,Completed,West
2,129,8,2026-07-21,Completed,South
3,103,16,2026-07-01,Completed,West
4,304,18,2025-09-03,Completed,Central
5,210,22,2025-11-20,Completed,East
6,360,18,2026-03-22,Completed,North
7,229,12,2026-07-08,Completed,Central
8,225,24,2026-03-01,Completed,East
9,95,6,2026-01-07,Completed,Central
10,135,22,2025-11-10,Completed,East
11,192,23,2025-10-14,Completed,West
12,72,6,2025-08-04,Completed,Central
13,431,15,2026-05-04,Completed,Central
14,422,25,2026-05-17,Completed,West
15,425,21,2026-06-04,Completed,North
16,416,24,2025-08-04,Completed,Central
17,471,2,2026-03-14,Completed,South
18,407,25,2026-02-20,Completed,East
19,2,25,2025-09-16,Completed,West
20,496,14,2026-02-19,Completed,East
21,24,4,2025-08-04,Completed,South
22,372,23,2025-12-25,Completed,North
23,357,11,2026-04-13,Pending,West
24,375,4,2025-10-20,Completed,East
25,69,21,2026-04-26,Completed,Central
26,227,7,2026-06-10,Completed,South
27,220,11,2025-12-02,Completed,North
28,155,7,2026-01-07,Completed,South
29,391,16,2025-12-20,Completed,North
30,486,13,2025-09-12,Completed,Central
31,434,8,2025-10-01,Completed,West
32,342,24,2026-01-14,Completed,South
33,400,9,2026-04-12,Completed,North
34,365,19,2026-03-17,Completed,Central
35,189,6,2025-11-08,Completed,Central
36,284,23,2025-11-11,Completed,South
37,397,10,2026-06-30,Completed,West
38,408,8,2026-02-26,Completed,West
39,435,24,2026-01-13,Completed,Central
40,499,24,2026-03-09,Completed,Central
41,223,22,2025-12-22,Completed,East
42,104,5,2026-03-27,Completed,North
43,47,23,2025-11-17,Pending,West
44,285,24,2026-04-23,Completed,West
45,415,11,2026-01-03,Completed,West
46,371,13,2026-05-22,Completed,West
47,215,7,2025-10-20,Completed,Central
48,120,6,2026-01-09,Completed,South
49,29,25,2026-03-04,Completed,West
50,486,19,2026-06-02,Completed,South
51,470,5,2026-03-06,Completed,East
52,301,4,2026-02-05,Completed,South
53,194,10,2025-10-10,Completed,North
54,170,24,2025-12-23,Completed,East
55,374,11,2026-03-07,Completed,South
56,443,19,2026-03-05,Completed,North
57,83,24,2026-02-05,Completed,North
58,361,1,2025-11-08,Cancelled,South
59,252,5,2025-11-29,Completed,West
60,246,7,2026-03-14,Completed,South
61,402,13,2025-12-13,Completed,East
62,50,3,2026-05-29,Completed,West
63,41,13,2026-05-02,Completed,Central
64,230,6,2026-01-03,Pending,South
65,428,20,2026-05-14,Completed,North
66,291,19,2025-09-24,Completed,North
67,354,8,2026-06-30,Completed,East
68,160,9,2026-07-03,Completed,North
69,421,2,2026-04-15,Completed,North
70,16,8,2025-09-17,Completed,West
71,293,25,2026-05-19,Completed,South
72,308,1,2025-10-30,Completed,East
73,267,20,2026-01-22,Completed,North
74,124,2,2026-06-02,Completed,East
75,337,18,2026-04-30,Completed,West
76,115,24,2025-10-03,Completed,East
77,257,4,2025-09-09,Completed,West
78,161,21,2025-10-24,Completed,East
79,403,25,2026-02-15,Completed,West
80,3,2,2026-01-04,Completed,East
81,173,14,2026-06-03,Completed,West
82,68,7,2025-12-11,Completed,South
83,193,21,2026-06-09,Completed,Central
84,79,7,2026-03-03,Completed,North
85,215,4,2026-03-28,Completed,North
86,57,19,2026-04-29,Completed,North
87,219,24,2026-04-24,Completed,North
88,184,15,2026-05-03,Completed,North
89,411,19,2025-08-22,Completed,West
90,393,24,2025-10-03,Completed,South
91,252,11,2025-12-31,Completed,East
92,294,15,2026-04-05,Completed,West
93,10,4,2025-08-04,Completed,Central
94,308,16,2026-06-10,Completed,North
95,381,24,2025-09-06,Completed,Central
96,259,5,2026-06-17,Completed,North
97,312,23,2025-09-27,Completed,East
98,161,23,2026-02-01,Completed,South
99,7,17,2026-07-27,Completed,South
100,83,10,2026-03-23,Completed,North
101,122,17,2026-01-18,Completed,North
102,227,8,2025-09-05,Completed,Central
103,136,5,2025-08-26,Completed,East
104,397,21,2025-11-12,Completed,East
105,386,20,2025-10-27,Completed,Central
106,334,7,2025-12-24,Completed,North
107,500,24,2025-09-02,Completed,North
108,222,11,2026-03-26,Completed,North
109,388,24,2025-08-16,Completed,North
110,153,22,2026-05-10,Pending,North
111,372,12,2025-12-29,Completed,Central
112,291,2,2026-07-29,Completed,Central
113,414,11,2026-01-04,Completed,East
114,42,9,2026-03-28,Completed,South
115,394,19,2026-04-13,Cancelled,Central
116,302,24,2026-02-20,Completed,Central
117,290,22,2025-11-21,Completed,West
118,106,17,2026-05-05,Completed,West
119,188,19,2026-03-22,Completed,West
120,177,16,2025-08-24,Completed,North
121,247,22,2026-05-29,Completed,Central
122,289,21,2026-06-16,Completed,East
123,445,16,2025-10-09,Completed,West
124,473,15,2026-04-07,Completed,South
125,1,25,2026-02-09,Completed,East
126,210,9,2026-01-19,Completed,North
127,219,21,2025-08-06,Completed,Central
128,383,8,2025-10-19,Completed,South
129,46,3,2026-06-28,Completed,North
130,337,17,2026-04-14,Completed,Central
131,181,22,2026-07-29,Completed,South
132,207,19,2026-06-10,Completed,West
133,175,4,2026-02-19,Pending,Central
134,181,17,2025-11-21,Completed,East
135,128,20,2025-10-16,Completed,North
136,452,19,2025-08-15,Completed,Central
137,352,25,2026-06-02,Completed,North
138,314,9,2026-03-22,Completed,South
139,386,12,2026-02-16,Completed,East
140,410,24,2026-02-18,Completed,North
141,154,9,2026-04-30,Completed,North
142,90,25,2025-10-30,Completed,Central
143,208,3,2026-03-28,Completed,South
144,310,21,2025-10-06,Completed,West
145,33,16,2026-04-20,Completed,West
146,479,9,2025-08-16,Completed,Central
147,389,5,2025-12-19,Completed,Central
148,288,14,2025-11-02,Completed,West
149,70,10,2026-04-13,Completed,Central
150,165,1,2025-08-02,Completed,Central
151,78,1,2025-10-02,Completed,West
152,129,13,2025-09-04,Completed,South
153,102,15,2025-11-17,Completed,South
154,166,6,2026-05-31,Completed,Central
155,102,12,2026-01-04,Completed,South
156,86,9,2025-12-17,Completed,South
157,286,21,2026-04-19,Completed,West
158,98,19,2026-01-02,Completed,East
159,152,9,2026-01-06,Completed,North
160,23,5,2026-03-17,Completed,South
161,132,2,2025-10-18,Completed,North
162,30,20,2026-02-19,Completed,North
163,321,6,2025-08-07,Completed,West
164,423,24,2026-05-15,Completed,Central
165,306,1,2026-05-02,Completed,East
166,128,8,2025-08-28,Completed,North
167,375,19,2026-07-24,Completed,North
168,358,8,2025-09-06,Completed,West
169,173,3,2026-03-03,Completed,North
170,125,3,2025-11-20,Completed,East
171,421,15,2026-05-11,Completed,North
172,385,9,2026-06-20,Completed,South
173,333,13,2026-03-07,Pending,Central
174,288,23,2026-07-23,Completed,Central
175,10,12,2026-03-16,Completed,East
176,175,13,2025-12-15,Completed,West
177,160,20,2025-12-14,Completed,South
178,395,5,2026-06-14,Cancelled,East
179,95,1,2025-11-17,Completed,Central
180,392,1,2025-10-28,Pending,South
181,312,24,2026-03-25,Completed,West
182,493,2,2025-10-16,Completed,West
183,331,15,2026-01-25,Completed,North
184,70,13,2026-07-29,Completed,North
185,406,17,2026-01-05,Cancelled,West
186,68,7,2026-03-13,Completed,East
187,414,1,2025-08-03,Completed,South
188,296,20,2025-11-11,Completed,North
189,297,12,2025-10-08,Completed,East
190,389,14,2026-01-07,Completed,West
191,270,19,2026-02-14,Completed,South
192,327,7,2025-09-12,Completed,East
193,166,25,2026-03-06,Completed,East
194,15,6,2025-08-30,Completed,East
195,275,11,2026-02-13,Completed,West
196,432,6,2025-11-24,Completed,South
197,13,16,2025-12-12,Completed,East
198,267,25,2025-09-16,Completed,East
199,491,20,2026-06-09,Completed,South
200,304,21,2026-02-17,Completed,East
201,364,25,2025-11-10,Completed,South
202,394,12,2026-07-08,Completed,Central
203,221,14,2026-02-26,Completed,Central
204,47,7,2026-06-13,Completed,North
205,163,10,2026-06-06,Completed,East
206,202,21,2026-03-13,Completed,West
207,344,5,2025-11-07,Completed,North
208,441,15,2026-04-28,Cancelled,Central
209,361,12,2026-01-20,Completed,North
210,399,9,2025-12-26,Completed,Central
211,170,14,2026-03-08,Pending,East
212,150,24,2026-02-05,Completed,West
213,17,11,2026-05-28,Pending,Central
214,197,8,2025-11-04,Completed,South
215,243,9,2026-05-23,Completed,West
216,470,18,2025-12-11,Pending,West
217,347,23,2026-05-30,Completed,North
218,129,7,2026-01-27,Completed,North
219,487,20,2026-04-23,Completed,North
220,461,21,2026-01-27,Completed,South
221,226,3,2026-07-16,Pending,South
222,255,5,2026-03-17,Cancelled,West
223,295,1,2026-07-02,Completed,West
224,42,15,2025-08-12,Completed,South
225,377,7,2026-02-05,Completed,North
226,231,1,2025-09-16,Completed,East
227,342,17,2025-11-10,Cancelled,Central
228,50,15,2025-08-28,Completed,Central
229,62,9,2025-12-28,Completed,South
230,324,20,2026-04-05,Completed,North
231,313,23,2026-06-04,Completed,West
232,121,7,2025-10-26,Pending,North
233,321,22,2026-04-21,Completed,South
234,23,2,2026-05-01,Completed,West
235,264,4,2025-10-30,Completed,West
236,460,11,2026-06-08,Completed,East
237,300,16,2025-12-02,Completed,South
238,70,15,2026-01-09,Completed,East
239,235,14,2025-12-17,Completed,South
240,45,14,2026-02-18,Completed,South
241,415,23,2026-02-26,Completed,South
242,209,7,2025-08-05,Completed,South
243,233,15,2026-05-01,Completed,West
244,272,2,2026-06-21,Completed,East
245,455,2,2025-11-12,Completed,West
246,361,3,2025-11-06,Completed,South
247,241,23,2025-11-21,Completed,Central
248,488,21,2025-09-07,Completed,Central
249,331,1,2026-01-03,Completed,North
250,68,10,2026-04-20,Completed,South
251,86,20,2026-05-19,Completed,East
252,163,19,2026-06-16,Completed,East
253,500,6,2025-12-12,Completed,North
254,461,2,2025-08-31,Completed,North
255,329,7,2026-03-05,Completed,East
256,448,18,2026-07-29,Completed,West
257,497,14,2025-10-10,Completed,Central
258,291,25,2026-02-03,Completed,West
259,238,8,2025-12-01,Completed,South
260,242,4,2025-12-17,Completed,West
261,244,23,2025-10-25,Completed,Central
262,164,15,2026-07-15,Completed,North
263,480,3,2026-03-12,Completed,South
264,53,7,2025-11-14,Completed,South
265,214,15,2025-10-11,Completed,South
266,72,15,2026-05-18,Completed,East
267,22,7,2026-04-24,Completed,Central
268,34,10,2026-07-29,Completed,North
269,180,1,2026-07-21,Completed,East
270,400,24,2025-10-14,Completed,Central
271,428,12,2026-02-11,Completed,Central
272,308,24,2026-05-15,Completed,West
273,252,22,2025-10-18,Completed,Central
274,303,4,2025-11-01,Completed,South
275,143,25,2026-05-14,Completed,West
276,196,20,2025-11-04,Completed,Central
277,441,18,2026-07-06,Completed,North
278,351,18,2025-11-13,Completed,Central
279,183,14,2025-10-21,Completed,South
280,217,19,2025-10-30,Cancelled,East
281,104,16,2025-10-19,Completed,Central
282,294,13,2026-06-22,Completed,North
283,408,3,2025-11-06,Completed,East
284,265,6,2026-06-22,Completed,West
285,147,21,2026-03-30,Completed,Central
286,249,18,2025-12-18,Completed,North
287,490,14,2025-10-01,Completed,North
288,308,4,2026-05-31,Completed,Central
289,274,12,2025-09-12,Completed,West
290,480,5,2025-09-17,Completed,East
291,491,23,2026-07-25,Cancelled,North
292,469,15,2025-09-01,Completed,West
293,423,6,2026-04-21,Completed,East
294,206,7,2026-04-16,Completed,North
295,134,6,2026-02-09,Completed,East
296,77,3,2026-03-28,Completed,Central
297,67,14,2025-08-04,Completed,East
298,231,8,2026-05-25,Completed,West
299,171,8,2026-06-30,Cancelled,Central
300,68,3,2026-02-28,Completed,West
301,314,25,2025-08-18,Completed,West
302,94,2,2026-06-27,Completed,West
303,146,6,2026-02-05,Completed,East
304,472,3,2025-12-24,Completed,North
305,55,11,2026-03-31,Completed,West
306,487,15,2025-12-02,Cancelled,Central
307,92,8,2026-02-09,Completed,South
308,199,16,2026-07-16,Completed,West
309,477,16,2026-07-10,Completed,Central
310,339,24,2026-07-16,Completed,East
311,471,6,2026-03-13,Completed,Central
312,236,23,2026-07-05,Completed,Central
313,333,8,2025-11-16,Completed,Central
314,425,13,2026-02-08,Completed,North
315,306,24,2025-10-12,Pending,North
316,148,24,2026-05-25,Completed,West
317,240,5,2026-07-23,Completed,West
318,311,16,2026-02-16,Completed,West
319,10,12,2025-11-18,Completed,South
320,182,25,2026-01-03,Completed,Central
321,310,22,2025-10-27,Completed,West
322,313,4,2026-05-20,Completed,North
323,175,10,2026-03-13,Completed,East
324,162,13,2025-09-20,Completed,West
325,359,18,2025-08-23,Completed,East
326,358,12,2026-02-22,Completed,East
327,304,9,2026-06-08,Completed,East
328,25,25,2026-01-13,Completed,Central
329,382,19,2026-02-03,Completed,Central
330,67,16,2026-08-01,Completed,East
331,226,23,2026-02-28,Completed,West
332,488,4,2025-08-14,Completed,North
333,251,1,2026-02-13,Completed,North
334,232,11,2025-12-14,Completed,Central
335,344,15,2026-01-01,Completed,South
336,388,2,2026-07-02,Completed,West
337,441,17,2026-04-25,Completed,North
338,93,1,2026-05-30,Completed,North
339,193,4,2025-10-08,Completed,Central
340,487,4,2026-01-26,Completed,West
341,65,10,2025-09-17,Completed,North
342,307,9,2026-04-30,Pending,South
343,163,22,2026-02-19,Completed,West
344,5,22,2026-01-27,Completed,West
345,344,15,2025-12-02,Completed,West
346,357,1,2026-04-26,Completed,South
347,144,22,2025-08-05,Completed,Central
348,203,4,2025-08-06,Completed,West
349,117,17,2026-04-20,Completed,North
350,141,4,2025-10-22,Completed,East
351,33,21,2025-12-27,Completed,West
352,431,9,2026-03-15,Completed,South
353,392,4,2025-09-10,Completed,North
354,196,13,2025-12-06,Completed,West
355,233,13,2025-12-20,Completed,Central
356,182,14,2026-03-27,Completed,West
357,150,12,2026-07-02,Completed,South
358,440,2,2025-11-10,Completed,South
359,22,16,2025-10-13,Cancelled,South
360,4,12,2026-03-03,Completed,North
361,324,19,2025-11-12,Completed,North
362,467,4,2025-11-02,Completed,South
363,234,8,2025-11-14,Completed,South
364,163,20,2026-02-01,Pending,South
365,405,22,2026-03-28,Completed,Central
366,456,13,2025-12-13,Completed,East
367,227,8,2025-12-22,Completed,East
368,101,22,2025-10-12,Completed,East
369,388,21,2026-02-11,Completed,Central
370,108,16,2026-01-13,Completed,Central
371,108,15,2025-10-22,Completed,North
372,291,2,2026-01-11,Completed,East
373,274,13,2026-05-01,Completed,East
374,424,23,2026-05-21,Completed,South
375,200,7,2025-12-24,Completed,East
376,235,9,2025-12-21,Completed,South
377,252,15,2026-06-29,Completed,North
378,358,19,2026-01-04,Completed,North
379,150,22,2025-11-18,Completed,South
380,189,3,2026-01-24,Completed,East
381,23,15,2025-10-10,Completed,West
382,204,2,2026-03-11,Completed,South
383,281,22,2025-09-21,Completed,West
384,64,18,2026-03-13,Completed,North
385,393,7,2026-04-25,Completed,South
386,33,8,2025-10-29,Completed,South
387,168,11,2026-06-14,Completed,Central
388,112,14,2025-09-09,Completed,West
389,356,5,2026-05-08,Completed,East
390,120,1,2025-11-14,Completed,North
391,390,2,2026-06-10,Completed,West
392,73,7,2025-11-01,Completed,Central
393,218,6,2026-03-05,Completed,East
394,465,10,2026-01-16,Completed,Central
395,203,24,2026-06-30,Completed,East
396,179,17,2025-12-27,Completed,East
397,340,6,2025-10-17,Completed,North
398,42,17,2025-09-27,Completed,South
399,386,24,2026-06-08,Completed,Central
400,384,13,2026-05-15,Completed,South
401,69,7,2025-09-29,Completed,North
402,142,3,2026-02-01,Completed,South
403,4,13,2026-06-10,Completed,East
404,206,24,2025-08-05,Completed,North
405,446,16,2025-10-09,Completed,South
406,100,23,2026-01-12,Completed,Central
407,459,15,2026-02-12,Completed,Central
408,338,23,2025-09-23,Completed,North
409,113,24,2026-07-14,Completed,North
410,377,24,2026-06-27,Completed,Central
411,32,19,2026-04-03,Completed,West
412,146,5,2026-02-18,Completed,East
413,294,16,2026-02-25,Completed,West
414,439,16,2026-05-08,Completed,South
415,406,19,2025-12-02,Completed,East
416,248,10,2026-06-02,Completed,South
417,431,6,2026-02-06,Completed,West
418,174,19,2025-11-26,Pending,West
419,6,4,2025-11-07,Completed,West
420,294,16,2026-03-08,Completed,North
421,11,13,2026-07-01,Completed,Central
422,386,2,2026-03-10,Pending,Central
423,484,22,2025-08-20,Completed,North
424,296,16,2026-01-03,Completed,East
425,184,9,2025-09-09,Completed,West
426,347,14,2026-04-27,Completed,North
427,162,14,2025-10-04,Completed,Central
428,497,8,2025-08-25,Pending,North
429,93,12,2025-10-24,Completed,West
430,240,17,2026-06-14,Completed,West
431,85,19,2025-11-08,Completed,East
432,486,14,2026-02-03,Cancelled,South
433,269,8,2026-06-23,Completed,South
434,468,22,2026-04-03,Completed,North
435,476,21,2025-09-08,Completed,North
436,211,4,2026-01-23,Completed,East
437,102,4,2026-05-18,Completed,South
438,137,4,2025-12-09,Completed,West
439,393,22,2025-11-10,Completed,East
440,127,20,2025-12-20,Completed,South
441,415,4,2025-12-19,Completed,South
442,219,21,2026-03-07,Completed,East
443,127,11,2026-03-06,Completed,North
444,466,20,2026-07-29,Completed,East
445,343,1,2026-06-12,Completed,South
446,39,18,2025-11-10,Completed,West
447,496,5,2025-12-13,Completed,Central
448,311,9,2025-08-09,Completed,South
449,133,10,2026-01-08,Completed,East
450,453,9,2025-09-18,Completed,North
451,485,23,2025-12-16,Completed,South
452,113,11,2026-07-04,Completed,West
453,97,19,2026-04-22,Cancelled,South
454,385,1,2026-03-25,Completed,West
455,457,15,2025-10-18,Completed,West
456,279,10,2026-03-14,Completed,West
457,219,13,2026-03-13,Completed,East
458,53,10,2026-04-11,Completed,East
459,458,22,2026-04-11,Completed,East
460,399,21,2026-02-27,Completed,West
461,66,6,2025-10-08,Completed,West
462,197,3,2026-06-01,Completed,Central
463,283,14,2025-11-20,Completed,South
464,218,12,2025-12-17,Completed,Central
465,16,5,2025-12-06,Completed,South
466,228,21,2026-04-20,Completed,South
467,83,1,2026-02-16,Completed,West
468,95,24,2026-02-07,Completed,North
469,109,20,2026-05-29,Completed,East
470,124,9,2026-05-15,Pending,Central
471,25,11,2026-01-22,Cancelled,North
472,162,25,2026-07-13,Completed,South
473,454,21,2025-09-01,Pending,South
474,494,17,2025-12-27,Pending,Central
475,281,3,2026-03-28,Completed,East
476,250,2,2025-11-21,Completed,West
477,135,22,2026-01-29,Completed,North
478,149,13,2026-04-04,Completed,North
479,419,15,2025-09-27,Completed,North
480,163,11,2026-07-05,Completed,West
481,139,9,2025-10-06,Completed,North
482,133,6,2026-04-07,Completed,West
483,215,16,2026-06-11,Completed,South
484,76,16,2026-07-28,Completed,West
485,357,18,2025-12-11,Completed,South
486,155,10,2026-01-12,Completed,North
487,481,4,2026-04-04,Completed,North
488,255,24,2026-03-27,Cancelled,North
489,115,17,2026-03-12,Completed,East
490,172,6,2026-01-06,Pending,South
491,201,25,2026-06-27,Completed,South
492,376,5,2026-07-20,Completed,East
493,53,4,2025-08-29,Cancelled,North
494,108,22,2025-09-01,Completed,East
495,475,4,2025-10-03,Completed,Central
496,71,8,2025-12-13,Completed,South
497,179,23,2025-10-29,Completed,West
498,383,9,2025-12-01,Completed,Central
499,424,21,2025-12-03,Completed,North
500,120,18,2026-04-12,Completed,Central
501,367,20,2025-11-23,Completed,West
502,26,16,2026-05-04,Completed,East
503,207,2,2025-11-13,Cancelled,North
504,53,1,2026-03-25,Completed,North
505,462,12,2026-04-09,Pending,North
506,212,21,2026-01-02,Completed,Central
507,332,24,2025-11-15,Completed,North
508,107,19,2026-07-12,Completed,East
509,449,4,2026-01-21,Completed,West
510,232,12,2026-06-01,Completed,Central
511,375,14,2026-07-03,Completed,West
512,128,4,2026-08-01,Completed,North
513,208,13,2025-12-21,Completed,East
514,86,6,2026-05-19,Completed,South
515,1,16,2026-03-17,Completed,North
516,397,4,2026-02-20,Completed,East
517,132,22,2026-01-23,Completed,West
518,296,24,2026-01-09,Completed,North
519,142,10,2025-10-05,Completed,Central
520,256,22,2025-10-12,Completed,South
521,8,15,2026-06-29,Completed,Central
522,181,22,2025-08-10,Completed,South
523,491,25,2025-09-19,Completed,North
524,224,22,2026-05-11,Completed,South
525,427,14,2025-11-01,Completed,West
526,240,12,2026-04-16,Completed,West
527,433,13,2025-11-07,Completed,North
528,171,20,2026-05-17,Completed,Central
529,300,22,2026-05-01,Completed,North
530,267,4,2026-05-20,Completed,West
531,420,8,2025-09-02,Completed,Central
532,201,13,2025-10-22,Completed,West
533,200,1,2025-10-05,Completed,Central
534,181,21,2026-01-03,Completed,South
535,35,2,2025-09-11,Completed,South
536,348,16,2025-09-08,Completed,South
537,324,1,2025-08-26,Completed,West
538,147,8,2026-07-31,Completed,West
539,3,12,2026-07-09,Completed,North
540,321,13,2026-02-01,Completed,South
541,27,20,2026-03-02,Completed,South
542,216,9,2025-08-22,Completed,North
543,289,20,2025-08-12,Completed,North
544,455,18,2026-05-28,Cancelled,East
545,351,24,2026-01-03,Completed,North
546,219,18,2026-02-21,Completed,North
547,117,14,2026-05-26,Completed,North
548,460,8,2025-09-03,Completed,East
549,431,17,2025-09-11,Completed,Central
550,333,25,2025-11-11,Pending,North
551,338,14,2026-03-30,Completed,East
552,291,25,2025-10-01,Completed,West
553,429,9,2025-09-03,Completed,North
554,481,3,2026-04-13,Completed,Central
555,120,4,2026-07-29,Completed,Central
556,117,2,2026-07-11,Pending,North
557,191,22,2025-12-31,Completed,West
558,77,19,2025-11-30,Completed,South
559,402,19,2025-10-30,Cancelled,West
560,376,14,2025-11-06,Completed,Central
561,210,12,2026-05-15,Completed,Central
562,230,14,2025-11-20,Completed,South
563,175,11,2026-01-21,Completed,West
564,396,7,2026-04-02,Completed,North
565,221,1,2025-09-20,Pending,South
566,365,10,2025-09-21,Completed,East
567,487,15,2026-02-22,Completed,West
568,119,10,2026-06-23,Completed,Central
569,316,11,2025-10-07,Completed,South
570,454,6,2025-08-13,Cancelled,East
571,277,18,2025-08-15,Completed,North
572,152,4,2026-04-16,Completed,West
573,143,24,2025-12-18,Pending,North
574,142,15,2026-07-02,Completed,North
575,449,3,2026-07-23,Completed,South
576,307,12,2025-12-06,Completed,North
577,15,10,2026-07-03,Completed,West
578,373,8,2026-02-02,Completed,North
579,370,1,2026-01-30,Completed,East
580,376,8,2026-07-06,Completed,North
581,22,6,2026-02-27,Completed,South
582,361,25,2026-07-31,Completed,Central
583,296,16,2025-11-15,Completed,North
584,204,25,2026-03-03,Completed,West
585,483,16,2026-01-21,Completed,South
586,407,16,2025-09-23,Completed,South
587,269,16,2026-04-29,Completed,Central
588,191,19,2026-02-27,Completed,Central
589,475,24,2025-10-09,Completed,West
590,356,4,2026-03-19,Completed,North
591,104,3,2026-03-22,Completed,South
592,74,6,2026-01-26,Completed,East
593,163,17,2026-04-04,Completed,South
594,287,15,2026-05-19,Completed,East
595,6,7,2026-04-05,Completed,South
596,141,21,2026-07-08,Pending,North
597,243,24,2026-03-09,Completed,North
598,345,11,2026-01-17,Cancelled,Central
599,257,5,2026-02-21,Completed,West
600,175,15,2026-04-07,Completed,North
601,462,7,2026-04-07,Completed,West
602,103,6,2026-02-25,Completed,West
603,80,18,2025-11-30,Completed,West
604,191,19,2026-07-20,Completed,North
605,415,20,2025-12-14,Completed,West
606,489,19,2026-02-05,Completed,South
607,411,12,2026-02-27,Completed,West
608,52,16,2025-10-29,Completed,South
609,92,25,2026-06-10,Completed,East
610,109,10,2025-09-05,Completed,West
611,376,4,2026-01-20,Completed,North
612,231,17,2025-11-29,Completed,East
613,363,19,2025-12-22,Completed,Central
614,393,1,2026-01-09,Completed,East
615,317,8,2025-11-10,Completed,North
616,316,17,2025-10-01,Completed,South
617,237,20,2025-11-27,Completed,South
618,176,11,2025-08-06,Completed,West
619,288,12,2025-08-02,Completed,Central
620,346,15,2026-02-21,Completed,Central
621,392,1,2026-06-14,Completed,West
622,393,25,2026-05-23,Completed,East
623,474,15,2026-06-27,Cancelled,South
624,298,21,2025-09-23,Pending,West
625,308,21,2025-12-13,Completed,South
626,309,15,2025-11-21,Completed,West
627,4,24,2026-01-31,Completed,West
628,214,9,2026-02-25,Completed,Central
629,87,12,2025-08-05,Completed,South
630,305,2,2026-04-26,Completed,East
631,325,10,2026-07-26,Completed,East
632,265,13,2026-02-09,Completed,South
633,116,10,2026-05-22,Completed,East
634,187,22,2026-02-03,Completed,North
635,274,24,2025-11-26,Completed,North
636,117,8,2025-08-05,Completed,West
637,454,15,2026-05-26,Completed,Central
638,248,17,2026-01-16,Pending,East
639,261,16,2026-06-07,Completed,North
640,475,20,2025-11-23,Completed,South
641,490,17,2026-03-21,Completed,West
642,29,14,2025-10-30,Completed,South
643,287,24,2026-06-07,Completed,Central
644,370,19,2025-08-04,Pending,North
645,167,25,2026-03-02,Completed,South
646,403,23,2025-12-25,Pending,East
647,72,4,2025-10-14,Completed,West
648,290,3,2026-01-08,Completed,Central
649,420,14,2026-07-10,Completed,East
650,116,11,2026-03-07,Completed,South
651,484,2,2026-01-18,Completed,North
652,120,7,2026-01-02,Completed,West
653,64,3,2025-11-07,Completed,Central
654,213,7,2025-10-04,Pending,Central
655,205,4,2026-05-06,Completed,East
656,332,11,2026-05-15,Completed,South
657,72,23,2026-04-09,Completed,North
658,321,12,2025-12-31,Completed,North
659,460,8,2026-06-19,Completed,North
660,460,18,2025-12-26,Completed,Central
661,413,5,2025-10-26,Completed,North
662,169,23,2025-11-12,Completed,Central
663,325,2,2025-09-01,Completed,East
664,233,20,2026-01-12,Completed,North
665,176,25,2026-04-01,Completed,East
666,262,7,2025-11-03,Completed,South
667,410,18,2026-02-18,Completed,Central
668,486,13,2026-05-25,Completed,Central
669,492,3,2026-06-08,Completed,South
670,414,8,2026-07-21,Completed,West
671,390,11,2026-03-28,Completed,Central
672,242,8,2026-06-11,Completed,North
673,53,3,2026-04-28,Pending,East
674,249,8,2026-04-24,Completed,Central
675,310,14,2025-11-15,Completed,North
676,15,24,2025-11-20,Completed,East
677,400,6,2026-04-10,Completed,East
678,249,12,2026-05-17,Completed,East
679,204,20,2026-02-24,Completed,North
680,182,13,2026-06-12,Cancelled,North
681,80,22,2025-11-14,Completed,South
682,285,18,2026-01-09,Completed,South
683,127,18,2025-10-14,Completed,Central
684,287,15,2026-06-29,Completed,East
685,449,17,2025-08-28,Completed,Central
686,92,6,2025-10-11,Completed,West
687,294,23,2025-09-24,Completed,West
688,42,11,2025-11-22,Completed,Central
689,192,3,2025-09-13,Completed,Central
690,457,15,2026-04-06,Completed,West
691,350,6,2026-01-25,Completed,North
692,31,16,2026-03-29,Completed,Central
693,54,11,2026-01-24,Completed,West
694,198,7,2025-11-15,Pending,North
695,105,16,2026-05-01,Completed,Central
696,417,11,2026-03-31,Pending,South
697,217,22,2026-02-09,Completed,East
698,462,16,2025-10-13,Completed,East
699,356,13,2025-12-04,Completed,East
700,56,4,2025-08-09,Completed,West
701,74,15,2025-09-30,Completed,Central
702,172,22,2025-08-21,Completed,West
703,54,22,2026-02-25,Completed,North
704,280,3,2025-08-10,Completed,West
705,231,24,2025-10-13,Completed,Central
706,115,5,2025-09-10,Completed,South
707,117,13,2025-11-19,Completed,East
708,173,11,2025-11-14,Completed,Central
709,154,25,2025-09-19,Completed,South
710,126,24,2026-05-06,Completed,West
711,5,2,2026-01-19,Completed,East
712,149,10,2026-05-11,Completed,South
713,317,14,2025-08-05,Completed,West
714,451,13,2025-10-31,Completed,South
715,70,20,2025-09-06,Completed,South
716,87,12,2025-09-29,Completed,East
717,389,22,2025-08-07,Completed,East
718,438,14,2026-02-09,Completed,South
719,39,6,2025-10-25,Completed,Central
720,236,21,2025-12-12,Completed,North
721,26,23,2026-01-12,Completed,Central
722,254,20,2025-12-01,Completed,Central
723,295,7,2026-06-03,Completed,North
724,117,6,2026-06-08,Completed,Central
725,33,16,2026-02-11,Cancelled,North
726,358,22,2025-12-24,Completed,North
727,408,13,2026-01-29,Completed,West
728,49,1,2026-04-29,Completed,East
729,488,11,2026-06-05,Completed,South
730,145,11,2025-08-14,Completed,South
731,325,16,2025-12-08,Completed,Central
732,161,17,2025-09-02,Completed,South
733,462,24,2026-06-25,Completed,West
734,75,9,2026-05-20,Completed,East
735,405,13,2025-09-27,Completed,North
736,142,7,2025-08-23,Completed,South
737,21,17,2025-11-13,Completed,South
738,53,17,2026-05-30,Cancelled,South
739,280,2,2026-01-01,Completed,West
740,120,5,2025-08-29,Completed,East
741,282,3,2026-02-28,Completed,North
742,360,3,2026-01-31,Completed,Central
743,334,22,2025-10-11,Completed,South
744,7,7,2025-10-15,Completed,South
745,246,18,2026-07-15,Completed,South
746,144,14,2026-06-24,Completed,North
747,478,7,2025-11-07,Cancelled,North
748,121,15,2026-06-15,Completed,East
749,364,10,2025-12-28,Completed,East
750,189,15,2026-06-19,Completed,East
751,45,20,2025-08-06,Completed,East
752,382,6,2025-09-18,Completed,South
753,192,18,2026-05-27,Completed,West
754,487,10,2026-05-06,Completed,East
755,107,6,2025-11-06,Completed,West
756,6,23,2025-12-29,Completed,West
757,498,22,2026-05-28,Pending,West
758,361,15,2026-01-21,Completed,North
759,238,9,2025-11-05,Completed,Central
760,382,21,2026-05-15,Completed,North
761,359,4,2025-08-15,Completed,South
762,358,14,2025-10-18,Completed,East
763,224,18,2026-01-27,Completed,North
764,498,22,2026-05-14,Completed,North
765,404,1,2026-05-28,Completed,East
766,71,11,2025-09-07,Completed,South
767,440,3,2026-02-20,Completed,Central
768,212,21,2026-04-17,Cancelled,East
769,116,24,2025-10-21,Completed,Central
770,34,18,2026-02-01,Completed,South
771,333,11,2025-12-31,Completed,Central
772,71,16,2026-04-23,Completed,West
773,465,8,2025-12-01,Completed,East
774,449,10,2026-07-31,Completed,East
775,131,20,2025-12-05,Completed,West
776,479,9,2025-10-02,Completed,Central
777,390,2,2026-04-03,Completed,East
778,50,24,2026-05-11,Completed,Central
779,391,8,2025-08-18,Completed,West
780,139,16,2026-05-18,Completed,West
781,89,8,2026-08-01,Completed,South
782,379,13,2026-03-03,Completed,North
783,161,12,2026-02-20,Completed,East
784,466,14,2025-09-18,Completed,East
785,246,6,2025-11-08,Completed,Central
786,47,23,2026-02-04,Completed,Central
787,143,6,2026-04-06,Completed,South
788,489,24,2025-11-26,Completed,West
789,52,9,2025-10-18,Completed,West
790,88,25,2025-12-19,Completed,North
791,143,15,2026-07-12,Completed,North
792,271,16,2025-08-22,Completed,West
793,38,20,2026-07-03,Completed,North
794,389,24,2026-04-17,Completed,East
795,239,12,2025-10-25,Completed,West
796,466,13,2025-09-14,Completed,East
797,323,17,2025-11-01,Completed,West
798,264,2,2026-04-04,Completed,Central
799,100,14,2026-01-17,Completed,South
800,461,11,2025-12-06,Completed,East
801,499,24,2025-08-07,Completed,Central
802,42,8,2025-10-05,Completed,North
803,481,12,2026-06-06,Completed,West
804,435,8,2025-11-17,Completed,South
805,48,23,2026-03-17,Pending,North
806,85,10,2025-09-17,Completed,Central
807,429,17,2026-01-02,Completed,East
808,81,21,2026-06-04,Completed,Central
809,361,5,2025-11-04,Completed,Central
810,77,24,2025-08-05,Completed,East
811,210,4,2025-08-18,Completed,East
812,445,23,2026-03-15,Completed,South
813,263,20,2026-06-02,Pending,South
814,338,24,2026-04-27,Completed,West
815,238,20,2026-02-02,Completed,East
816,417,18,2026-04-26,Completed,East
817,332,8,2026-03-21,Completed,South
818,40,5,2025-10-01,Completed,North
819,484,9,2025-12-24,Completed,West
820,315,9,2026-05-28,Completed,North
821,484,9,2025-09-05,Cancelled,Central
822,268,23,2025-11-06,Completed,East
823,165,21,2025-10-02,Completed,North
824,432,4,2026-02-12,Completed,North
825,79,9,2025-09-06,Completed,North
826,477,17,2026-04-25,Completed,North
827,296,23,2026-03-30,Completed,Central
828,55,9,2025-12-11,Completed,Central
829,112,24,2026-07-29,Completed,Central
830,97,16,2026-05-23,Completed,West
831,130,23,2026-04-01,Completed,Central
832,69,7,2025-08-25,Pending,Central
833,445,12,2025-08-25,Pending,West
834,26,9,2025-12-18,Completed,South
835,105,14,2026-04-09,Completed,South
836,243,25,2025-09-30,Completed,West
837,138,24,2026-05-01,Completed,North
838,491,22,2026-02-26,Completed,Central
839,103,21,2026-06-05,Completed,Central
840,354,3,2025-09-12,Completed,South
841,212,18,2025-09-19,Completed,Central
842,190,4,2026-02-07,Completed,Central
843,456,15,2025-10-31,Completed,South
844,278,6,2025-12-03,Cancelled,West
845,258,19,2026-03-06,Cancelled,East
846,50,21,2026-06-04,Completed,East
847,154,22,2026-04-09,Completed,North
848,359,6,2026-05-22,Completed,Central
849,89,20,2025-12-14,Completed,East
850,333,19,2026-06-10,Completed,South
851,38,8,2026-07-14,Completed,East
852,236,6,2026-01-19,Pending,East
853,488,4,2026-05-13,Completed,Central
854,308,22,2025-10-15,Completed,East
855,46,12,2025-08-10,Completed,South
856,211,20,2026-04-26,Completed,Central
857,439,21,2025-12-26,Completed,West
858,125,5,2025-12-19,Completed,West
859,342,24,2026-05-10,Completed,South
860,129,3,2025-09-23,Completed,West
861,467,24,2025-11-07,Completed,West
862,149,17,2026-07-17,Pending,Central
863,437,10,2025-08-17,Completed,South
864,73,4,2026-02-06,Completed,Central
865,64,18,2026-05-03,Completed,South
866,253,7,2026-01-18,Completed,East
867,259,16,2026-03-07,Pending,North
868,213,4,2025-11-24,Completed,Central
869,414,4,2026-02-28,Completed,Central
870,215,3,2026-04-29,Completed,North
871,383,2,2026-02-08,Completed,East
872,22,7,2025-10-14,Completed,South
873,419,25,2026-03-10,Completed,West
874,488,6,2025-10-13,Completed,East
875,434,16,2026-03-01,Completed,South
876,468,18,2025-12-15,Completed,North
877,232,9,2025-12-05,Completed,West
878,292,8,2026-05-13,Completed,North
879,489,6,2026-01-30,Completed,South
880,319,23,2025-11-16,Pending,West
881,214,1,2026-07-04,Completed,South
882,424,1,2026-06-20,Pending,North
883,402,18,2026-03-22,Completed,East
884,137,13,2026-07-23,Completed,Central
885,99,20,2026-07-02,Completed,North
886,442,21,2026-03-05,Completed,Central
887,67,20,2025-10-03,Completed,Central
888,478,20,2025-08-28,Completed,East
889,135,3,2026-02-24,Completed,West
890,177,13,2025-10-01,Completed,North
891,465,6,2026-01-23,Completed,South
892,122,17,2025-11-24,Completed,West
893,372,6,2026-06-16,Completed,South
894,263,6,2025-11-12,Completed,South
895,477,14,2026-02-28,Completed,East
896,264,6,2025-12-22,Completed,East
897,414,5,2026-01-25,Completed,North
898,88,6,2025-08-02,Completed,East
899,230,4,2026-05-30,Completed,South
900,274,25,2026-04-06,Completed,Central
901,118,22,2026-02-14,Completed,Central
902,183,6,2025-12-27,Completed,West
903,195,25,2026-05-13,Pending,North
904,278,5,2025-10-13,Completed,West
905,340,12,2026-07-10,Completed,Central
906,72,12,2025-08-09,Completed,South
907,86,19,2026-03-30,Completed,Central
908,259,4,2026-06-30,Completed,East
909,427,4,2025-12-21,Completed,South
910,104,4,2026-05-30,Completed,East
911,436,11,2026-03-30,Completed,Central
912,56,10,2025-11-02,Completed,East
913,63,23,2025-12-04,Completed,Central
914,443,25,2026-05-09,Completed,West
915,315,4,2025-08-26,Completed,West
916,452,2,2026-04-14,Completed,East
917,38,8,2026-02-27,Completed,North
918,325,14,2026-06-16,Completed,North
919,4,5,2025-12-30,Completed,South
920,33,5,2025-10-14,Completed,North
921,251,6,2026-02-21,Completed,West
922,91,6,2026-04-24,Completed,East
923,419,25,2026-02-11,Completed,Central
924,495,6,2026-05-26,Completed,South
925,110,24,2026-03-04,Completed,North
926,164,18,2025-09-30,Completed,North
927,296,25,2026-03-28,Completed,North
928,110,16,2025-11-19,Completed,Central
929,23,9,2025-12-05,Completed,West
930,121,13,2026-01-08,Completed,Central
931,447,6,2026-04-07,Completed,Central
932,48,10,2025-12-05,Completed,Central
933,108,22,2025-09-13,Completed,Central
934,67,6,2025-09-08,Completed,North
935,474,17,2026-02-21,Cancelled,South
936,145,6,2026-04-14,Completed,North
937,173,1,2025-08-27,Completed,South
938,422,1,2025-08-19,Completed,West
939,184,18,2026-06-22,Completed,West
940,246,8,2026-08-01,Completed,North
941,147,2,2025-09-21,Completed,North
942,319,3,2025-10-10,Completed,East
943,285,2,2026-07-07,Completed,Central
944,378,14,2025-08-14,Completed,West
945,101,17,2025-10-19,Completed,North
946,41,2,2025-09-12,Completed,Central
947,271,22,2026-02-06,Completed,West
948,471,15,2025-10-15,Completed,West
949,207,14,2025-09-09,Completed,East
950,359,23,2025-08-14,Completed,East
951,203,20,2026-03-11,Pending,South
952,120,6,2026-04-08,Completed,South
953,490,22,2026-06-22,Completed,West
954,82,22,2025-12-30,Completed,East
955,121,12,2026-04-14,Completed,Central
956,71,6,2026-02-08,Completed,East
957,226,17,2026-02-22,Completed,North
958,44,10,2026-04-01,Completed,North
959,133,3,2026-05-01,Completed,East
960,310,14,2026-03-19,Completed,West
961,174,4,2025-11-09,Completed,East
962,71,9,2025-08-21,Completed,Central
963,328,6,2025-12-22,Completed,North
964,471,9,2025-10-26,Completed,North
965,50,14,2026-03-25,Completed,South
966,276,19,2026-05-07,Completed,Central
967,276,20,2025-08-29,Completed,Central
968,444,3,2025-08-07,Completed,East
969,356,2,2026-07-29,Completed,West
970,65,4,2026-07-25,Completed,East
971,286,20,2025-10-22,Completed,West
972,164,8,2026-04-13,Completed,Central
973,402,5,2026-02-08,Completed,East
974,478,22,2026-07-28,Completed,South
975,144,23,2026-07-13,Completed,Central
976,31,1,2026-06-21,Completed,West
977,218,3,2025-09-02,Completed,South
978,302,24,2026-01-30,Completed,Central
979,409,25,2026-06-09,Completed,West
980,479,23,2026-04-07,Completed,Central
981,427,18,2025-08-25,Completed,South
982,75,9,2025-12-20,Completed,East
983,134,9,2026-03-06,Completed,Central
984,275,15,2026-05-17,Completed,East
985,415,3,2026-08-01,Completed,West
986,444,17,2026-07-13,Completed,Central
987,60,1,2026-01-10,Completed,North
988,261,21,2026-06-17,Completed,Central
989,248,9,2025-12-23,Completed,Central
990,484,11,2026-06-06,Completed,North
991,166,4,2026-05-04,Completed,Central
992,319,13,2025-08-24,Completed,West
993,242,17,2026-06-17,Completed,North
994,452,23,2026-03-29,Completed,Central
995,38,15,2025-11-13,Completed,East
996,428,21,2026-02-23,Completed,North
997,427,2,2025-08-17,Completed,Central
998,474,23,2026-05-14,Completed,North
999,267,21,2025-08-29,Completed,East
1000,1,20,2026-06-22,Completed,North
1001,407,15,2025-11-28,Completed,South
1002,221,19,2025-09-01,Completed,North
1003,409,19,2025-10-24,Completed,Central
1004,372,25,2026-02-19,Completed,East
1005,313,13,2025-09-08,Completed,North
1006,422,8,2025-09-10,Completed,South
1007,129,10,2026-05-10,Completed,Central
1008,82,7,2025-10-30,Completed,North
1009,352,1,2026-02-24,Completed,East
1010,471,8,2025-12-29,Completed,East
1011,81,14,2025-10-14,Completed,North
1012,465,12,2025-10-16,Completed,Central
1013,148,22,2026-02-22,Completed,East
1014,316,20,2026-04-14,Pending,East
1015,18,2,2025-11-06,Pending,Central
1016,65,23,2026-03-11,Completed,Central
1017,235,13,2026-04-01,Completed,North
1018,131,5,2025-10-10,Completed,North
1019,457,14,2026-03-06,Completed,North
1020,125,1,2026-05-19,Completed,North
1021,348,11,2026-03-06,Completed,Central
1022,409,1,2026-01-10,Completed,East
1023,465,15,2026-05-18,Completed,East
1024,93,7,2025-09-11,Completed,South
1025,109,18,2026-05-26,Completed,Central
1026,385,25,2026-04-07,Cancelled,West
1027,142,11,2026-03-13,Completed,North
1028,118,5,2025-12-19,Completed,North
1029,383,4,2026-04-20,Completed,East
1030,345,5,2026-01-27,Completed,South
1031,113,5,2026-05-01,Completed,West
1032,67,17,2026-04-17,Completed,North
1033,423,2,2026-01-14,Completed,Central
1034,46,14,2026-07-10,Completed,West
1035,112,4,2025-09-11,Completed,Central
1036,78,19,2025-10-05,Completed,South
1037,188,13,2026-06-05,Completed,West
1038,221,13,2025-10-11,Completed,Central
1039,67,6,2026-03-03,Completed,North
1040,274,24,2026-01-04,Cancelled,Central
1041,493,10,2026-02-14,Pending,South
1042,369,9,2025-12-11,Completed,West
1043,123,14,2026-04-14,Completed,East
1044,147,12,2025-10-02,Completed,North
1045,470,10,2026-02-25,Completed,East
1046,61,9,2026-03-22,Completed,East
1047,155,25,2026-01-21,Completed,South
1048,63,16,2026-07-30,Completed,South
1049,456,22,2025-12-16,Completed,West
1050,209,7,2026-07-18,Completed,North
1051,33,1,2025-12-02,Completed,Central
1052,155,8,2026-03-03,Completed,North
1053,324,16,2025-12-06,Completed,East
1054,458,17,2026-06-26,Completed,North
1055,255,4,2025-12-24,Completed,South
1056,274,9,2026-01-09,Completed,East
1057,344,24,2026-05-25,Completed,South
1058,252,9,2026-04-04,Completed,North
1059,157,25,2026-01-16,Completed,East
1060,397,13,2026-06-18,Completed,North
1061,142,16,2026-05-10,Completed,East
1062,338,3,2025-12-05,Completed,East
1063,109,19,2026-03-26,Completed,West
1064,255,4,2025-11-03,Completed,North
1065,237,18,2026-03-08,Completed,West
1066,494,17,2026-03-01,Completed,Central
1067,64,5,2025-10-24,Completed,Central
1068,249,13,2025-12-25,Pending,Central
1069,223,16,2026-05-26,Completed,West
1070,241,7,2026-03-03,Completed,West
1071,238,15,2026-07-27,Completed,Central
1072,165,7,2026-05-18,Completed,Central
1073,83,17,2025-11-08,Completed,South
1074,436,18,2025-12-19,Completed,Central
1075,126,25,2026-01-24,Completed,East
1076,273,21,2026-01-22,Completed,East
1077,68,25,2026-01-03,Completed,North
1078,313,8,2025-08-02,Completed,North
1079,413,3,2026-05-11,Completed,North
1080,18,8,2025-08-15,Completed,East
1081,297,14,2025-11-20,Completed,West
1082,107,11,2026-03-21,Completed,Central
1083,313,9,2025-08-08,Completed,South
1084,56,7,2026-02-19,Completed,South
1085,462,14,2025-09-23,Completed,North
1086,285,25,2026-07-13,Completed,South
1087,470,25,2025-11-27,Completed,South
1088,30,15,2025-08-04,Cancelled,East
1089,278,8,2025-11-26,Completed,West
1090,232,19,2025-10-27,Completed,North
1091,272,15,2025-10-24,Completed,East
1092,454,25,2026-06-30,Completed,South
1093,384,9,2025-12-02,Completed,West
1094,348,11,2025-08-10,Completed,West
1095,157,17,2026-05-28,Completed,Central
1096,219,21,2026-06-17,Completed,Central
1097,467,12,2026-04-26,Completed,West
1098,206,8,2026-06-17,Completed,South
1099,55,8,2025-11-17,Completed,North
1100,279,14,2026-07-24,Completed,West
1101,126,11,2026-03-05,Completed,West
1102,24,10,2026-02-16,Completed,Central
1103,58,3,2026-03-06,Completed,West
1104,217,14,2026-03-11,Completed,South
1105,383,6,2026-07-27,Completed,Central
1106,231,13,2026-03-11,Completed,South
1107,324,18,2025-10-01,Completed,West
1108,375,8,2025-09-07,Completed,West
1109,323,24,2025-08-16,Completed,South
1110,236,17,2026-01-27,Completed,Central
1111,278,23,2025-12-18,Completed,West
1112,446,12,2025-10-01,Completed,South
1113,392,20,2025-09-24,Completed,East
1114,146,13,2025-11-12,Completed,Central
1115,205,24,2025-12-22,Completed,Central
1116,21,13,2026-07-13,Completed,Central
1117,169,16,2026-03-16,Completed,Central
1118,404,12,2025-11-07,Completed,South
1119,207,4,2025-10-31,Completed,Central
1120,83,14,2025-11-09,Completed,South
1121,119,9,2026-06-12,Completed,East
1122,155,2,2025-11-26,Completed,South
1123,332,22,2025-09-06,Completed,North
1124,88,4,2026-03-11,Completed,East
1125,86,23,2026-01-04,Completed,South
1126,284,11,2026-03-11,Completed,East
1127,251,12,2026-07-24,Completed,North
1128,152,4,2025-10-25,Completed,Central
1129,353,7,2026-05-14,Completed,Central
1130,286,3,2025-08-31,Completed,West
1131,210,11,2026-05-10,Cancelled,South
1132,150,9,2025-12-06,Completed,West
1133,221,9,2026-06-05,Completed,Central
1134,120,22,2026-02-05,Completed,North
1135,462,22,2025-10-08,Completed,Central
1136,339,22,2026-02-07,Completed,East
1137,441,15,2026-06-18,Completed,East
1138,474,11,2026-07-17,Completed,South
1139,201,17,2026-04-26,Completed,South
1140,223,18,2026-05-01,Completed,Central
1141,276,3,2026-03-13,Cancelled,East
1142,442,14,2026-06-16,Completed,South
1143,382,4,2026-07-20,Completed,Central
1144,65,19,2025-09-08,Completed,East
1145,154,7,2026-03-21,Completed,North
1146,31,23,2026-04-08,Completed,Central
1147,150,15,2025-11-26,Completed,East
1148,52,13,2025-08-16,Completed,Central
1149,333,13,2026-05-12,Completed,South
1150,275,21,2026-06-11,Completed,East
1151,107,14,2026-03-13,Cancelled,Central
1152,304,11,2025-12-28,Cancelled,Central
1153,338,20,2025-09-01,Completed,South
1154,315,17,2026-05-31,Completed,East
1155,62,4,2025-08-23,Completed,East
1156,208,10,2026-07-26,Completed,East
1157,21,9,2026-05-28,Completed,South
1158,183,15,2025-12-09,Completed,East
1159,248,23,2025-12-15,Completed,South
1160,456,23,2026-07-09,Completed,North
1161,353,13,2026-06-15,Completed,North
1162,18,2,2026-01-17,Completed,South
1163,7,1,2026-01-10,Completed,West
1164,96,4,2026-07-29,Completed,East
1165,254,4,2026-07-05,Completed,North
1166,467,19,2025-09-17,Completed,South
1167,321,12,2026-07-05,Completed,South
1168,184,19,2026-05-28,Completed,West
1169,450,17,2025-10-29,Completed,West
1170,150,20,2026-05-19,Completed,West
1171,294,17,2026-04-12,Completed,West
1172,281,17,2026-06-27,Completed,East
1173,48,13,2026-03-23,Completed,South
1174,483,18,2026-07-28,Completed,East
1175,44,11,2025-08-06,Completed,Central
1176,294,10,2026-04-05,Pending,South
1177,165,13,2026-05-30,Completed,East
1178,114,17,2026-04-04,Completed,East
1179,498,7,2025-12-28,Completed,South
1180,403,21,2025-08-23,Completed,North
1181,288,8,2025-11-28,Completed,North
1182,418,25,2026-02-21,Completed,North
1183,4,12,2025-08-17,Completed,South
1184,94,13,2025-12-04,Pending,Central
1185,439,9,2026-02-27,Completed,West
1186,215,24,2026-03-09,Completed,North
1187,46,25,2025-09-29,Completed,Central
1188,76,15,2025-12-06,Completed,West
1189,92,24,2026-02-13,Completed,East
1190,133,25,2026-04-29,Completed,North
1191,450,12,2025-10-26,Completed,East
1192,255,5,2025-09-30,Completed,Central
1193,32,23,2025-08-21,Completed,West
1194,481,1,2026-04-20,Completed,West
1195,285,14,2026-05-13,Completed,North
1196,351,23,2026-01-01,Pending,North
1197,271,22,2026-01-22,Completed,North
1198,67,7,2026-05-21,Completed,Central
1199,444,17,2026-03-21,Completed,East
1200,449,13,2026-03-13,Completed,North
1201,204,22,2026-02-14,Completed,West
1202,199,3,2025-09-05,Completed,North
1203,489,21,2025-10-27,Completed,South
1204,76,4,2026-01-16,Cancelled,West
1205,282,3,2025-11-22,Completed,North
1206,394,5,2026-06-03,Completed,Central
1207,120,19,2026-01-02,Completed,West
1208,79,10,2025-09-28,Completed,East
1209,63,12,2025-09-22,Completed,West
1210,258,11,2025-12-10,Completed,West
1211,6,15,2025-09-03,Completed,South
1212,259,16,2026-02-02,Completed,North
1213,43,11,2026-03-11,Completed,West
1214,426,17,2026-05-18,Completed,South
1215,53,4,2025-08-21,Completed,East
1216,55,14,2026-03-02,Completed,East
1217,284,8,2026-01-04,Completed,North
1218,413,6,2025-11-11,Completed,South
1219,425,3,2025-09-04,Completed,North
1220,10,7,2026-01-03,Completed,South
1221,482,2,2026-02-12,Completed,South
1222,222,8,2026-01-17,Completed,South
1223,459,19,2026-05-29,Completed,South
1224,419,14,2026-04-30,Completed,West
1225,88,15,2025-09-21,Completed,East
1226,440,18,2026-05-24,Completed,North
1227,191,25,2025-09-23,Completed,South
1228,491,6,2026-02-04,Completed,North
1229,116,11,2026-03-07,Completed,North
1230,436,8,2025-10-17,Cancelled,Central
1231,30,15,2026-02-07,Completed,West
1232,302,12,2026-01-02,Completed,North
1233,39,23,2026-04-12,Completed,East
1234,261,21,2026-03-11,Completed,North
1235,55,3,2025-10-17,Completed,East
1236,470,19,2026-03-07,Completed,East
1237,377,1,2026-03-29,Completed,West
1238,182,4,2026-05-14,Completed,North
1239,270,17,2026-02-21,Completed,Central
1240,379,17,2025-11-05,Completed,South
1241,180,1,2025-11-04,Completed,East
1242,229,6,2025-08-29,Completed,Central
1243,1,9,2025-11-13,Completed,North
1244,44,19,2026-05-30,Completed,South
1245,196,1,2026-01-16,Completed,North
1246,165,13,2025-12-05,Completed,West
1247,238,6,2026-04-24,Completed,North
1248,403,14,2026-07-26,Completed,Central
1249,154,5,2026-03-13,Completed,West
1250,459,13,2025-09-05,Completed,West
1251,434,16,2025-09-14,Completed,South
1252,230,19,2026-04-19,Completed,East
1253,390,5,2026-01-09,Completed,North
1254,90,3,2026-01-13,Completed,South
1255,234,17,2025-12-21,Completed,South
1256,494,3,2025-12-15,Completed,North
1257,398,17,2025-10-14,Completed,West
1258,137,14,2025-12-04,Completed,South
1259,395,17,2025-12-13,Completed,Central
1260,247,13,2026-03-20,Completed,East
1261,293,5,2026-04-13,Completed,West
1262,227,1,2025-08-11,Completed,South
1263,252,4,2026-05-27,Completed,East
1264,168,10,2025-11-28,Completed,North
1265,288,17,2025-10-06,Completed,South
1266,325,13,2025-12-15,Completed,North
1267,48,11,2026-03-29,Completed,West
1268,80,14,2026-06-17,Completed,North
1269,90,21,2026-06-09,Completed,Central
1270,324,9,2026-01-20,Completed,Central
1271,369,20,2026-04-01,Completed,South
1272,136,9,2025-09-27,Completed,Central
1273,74,10,2026-01-20,Completed,East
1274,94,18,2025-08-19,Completed,West
1275,457,23,2026-07-26,Completed,East
1276,424,23,2026-06-15,Completed,Central
1277,78,7,2025-10-31,Completed,North
1278,191,19,2025-10-18,Completed,West
1279,214,13,2026-04-25,Pending,Central
1280,194,20,2025-12-25,Cancelled,Central
1281,269,6,2025-10-01,Completed,East
1282,382,7,2026-05-23,Completed,South
1283,112,10,2026-05-11,Completed,Central
1284,432,18,2026-06-29,Completed,Central
1285,426,8,2025-09-04,Completed,West
1286,319,9,2025-09-14,Cancelled,West
1287,270,14,2026-05-16,Completed,West
1288,254,7,2025-08-23,Completed,East
1289,319,24,2025-11-04,Completed,North
1290,213,5,2026-03-31,Completed,North
1291,353,18,2026-07-27,Completed,South
1292,177,12,2025-09-28,Completed,North
1293,277,9,2026-07-05,Pending,South
1294,13,22,2026-06-21,Completed,West
1295,322,23,2026-06-16,Completed,Central
1296,312,23,2025-11-21,Completed,West
1297,240,10,2025-08-07,Completed,Central
1298,87,2,2025-12-13,Completed,Central
1299,323,10,2026-04-28,Completed,South
1300,176,6,2026-06-10,Completed,North
1301,491,2,2025-09-14,Completed,South
1302,296,13,2025-11-28,Completed,North
1303,9,5,2026-01-23,Completed,Central
1304,223,1,2026-01-31,Completed,Central
1305,413,24,2025-08-10,Completed,South
1306,190,19,2025-12-08,Completed,East
1307,132,9,2025-10-22,Pending,North
1308,433,10,2026-05-16,Completed,West
1309,416,14,2026-02-26,Completed,South
1310,152,15,2025-10-23,Completed,West
1311,192,7,2025-10-20,Completed,South
1312,217,2,2026-03-02,Completed,Central
1313,496,9,2026-02-21,Completed,East
1314,381,10,2026-05-20,Completed,West
1315,125,24,2025-11-10,Completed,North
1316,350,5,2026-03-03,Completed,West
1317,203,15,2026-02-05,Completed,Central
1318,353,1,2026-03-31,Completed,South
1319,109,10,2026-05-12,Completed,Central
1320,224,19,2025-09-25,Completed,South
1321,372,17,2026-04-28,Pending,West
1322,2,7,2026-04-30,Completed,South
1323,86,14,2026-04-18,Completed,East
1324,485,14,2025-08-09,Completed,West
1325,107,4,2025-12-26,Cancelled,Central
1326,224,10,2026-03-16,Completed,South
1327,413,21,2026-07-19,Completed,North
1328,117,9,2026-04-16,Completed,North
1329,471,6,2026-02-22,Cancelled,Central
1330,259,23,2025-08-18,Completed,Central
1331,358,3,2025-11-09,Completed,East
1332,139,13,2025-10-07,Completed,East
1333,291,25,2025-08-25,Completed,Central
1334,51,14,2025-11-20,Completed,East
1335,89,9,2025-10-18,Completed,North
1336,457,9,2026-06-04,Completed,Central
1337,163,16,2026-04-29,Completed,West
1338,319,10,2026-03-29,Completed,South
1339,143,24,2025-11-15,Completed,Central
1340,422,20,2025-08-22,Completed,Central
1341,395,13,2026-01-29,Completed,Central
1342,87,23,2026-04-13,Completed,South
1343,236,16,2025-08-05,Completed,West
1344,257,17,2025-08-27,Completed,East
1345,332,25,2025-12-30,Completed,West
1346,150,17,2026-04-15,Completed,West
1347,272,25,2025-11-15,Completed,Central
1348,422,12,2026-04-16,Completed,West
1349,485,19,2026-06-28,Pending,South
1350,19,23,2026-07-22,Completed,East
1351,40,18,2026-04-15,Completed,North
1352,106,17,2025-12-19,Completed,North
1353,205,22,2026-07-03,Completed,Central
1354,414,18,2025-09-12,Completed,Central
1355,402,25,2025-08-09,Completed,South
1356,367,25,2025-11-23,Completed,North
1357,252,11,2026-07-04,Completed,West
1358,22,22,2026-07-11,Completed,North
1359,276,7,2026-04-11,Pending,East
1360,334,23,2025-12-30,Completed,South
1361,228,4,2025-10-30,Completed,West
1362,399,21,2025-12-27,Completed,Central
1363,34,14,2026-02-15,Cancelled,Central
1364,188,15,2026-05-04,Completed,South
1365,425,3,2025-09-09,Completed,East
1366,200,1,2026-07-19,Cancelled,East
1367,313,4,2025-12-02,Completed,North
1368,141,22,2026-02-06,Completed,North
1369,78,14,2026-07-04,Pending,North
1370,213,14,2026-03-21,Pending,North
1371,38,7,2026-02-24,Pending,Central
1372,85,7,2025-09-05,Completed,East
1373,415,13,2025-10-13,Completed,West
1374,35,19,2025-10-18,Completed,East
1375,107,9,2026-02-12,Cancelled,East
1376,142,13,2026-01-26,Completed,West
1377,48,4,2026-03-07,Completed,Central
1378,125,15,2026-07-27,Completed,West
1379,34,9,2026-05-05,Completed,Central
1380,234,4,2025-08-10,Completed,West
1381,390,15,2025-08-17,Completed,Central
1382,337,7,2025-11-06,Cancelled,North
1383,28,6,2026-07-26,Completed,East
1384,206,14,2026-02-23,Completed,Central
1385,301,5,2025-11-28,Completed,North
1386,274,10,2025-12-09,Completed,North
1387,110,6,2026-02-08,Completed,East
1388,396,10,2026-01-01,Completed,North
1389,183,13,2026-05-18,Completed,South
1390,434,3,2025-10-01,Completed,West
1391,190,8,2025-08-09,Completed,Central
1392,120,11,2025-12-14,Completed,West
1393,363,25,2026-04-24,Completed,Central
1394,147,14,2025-12-16,Completed,West
1395,401,17,2025-12-18,Completed,North
1396,86,25,2026-04-01,Cancelled,East
1397,284,23,2025-11-27,Completed,South
1398,63,10,2025-11-01,Completed,Central
1399,56,15,2026-02-12,Completed,Central
1400,342,4,2025-11-17,Completed,West
1401,115,7,2026-06-13,Completed,North
1402,18,25,2025-08-26,Completed,South
1403,215,16,2026-04-02,Pending,East
1404,37,14,2025-11-10,Completed,North
1405,452,14,2026-07-09,Cancelled,West
1406,31,7,2025-12-30,Completed,West
1407,51,23,2026-07-13,Completed,North
1408,350,10,2026-06-14,Pending,East
1409,285,21,2025-08-13,Completed,North
1410,163,5,2026-03-05,Cancelled,North
1411,337,13,2025-11-18,Completed,East
1412,146,2,2025-10-28,Completed,North
1413,340,14,2025-09-29,Completed,West
1414,160,3,2025-12-12,Completed,East
1415,363,15,2026-07-16,Completed,Central
1416,152,5,2026-01-01,Completed,North
1417,448,1,2026-04-14,Completed,North
1418,228,25,2025-09-24,Completed,North
1419,140,25,2025-09-05,Completed,Central
1420,257,24,2026-05-12,Completed,South
1421,90,18,2025-12-28,Completed,Central
1422,153,2,2026-02-20,Completed,North
1423,117,12,2026-04-22,Completed,South
1424,161,7,2026-03-27,Pending,West
1425,21,20,2026-07-06,Completed,North
1426,336,9,2026-04-01,Completed,West
1427,388,12,2026-04-25,Pending,Central
1428,170,18,2025-10-29,Pending,West
1429,327,2,2026-01-11,Completed,South
1430,140,12,2025-11-03,Completed,North
1431,205,20,2026-03-12,Completed,Central
1432,65,10,2025-09-30,Completed,East
1433,174,11,2026-01-14,Completed,Central
1434,308,10,2025-12-01,Completed,South
1435,464,23,2026-07-21,Completed,West
1436,428,1,2026-03-25,Completed,South
1437,296,8,2025-12-07,Completed,Central
1438,363,19,2026-01-23,Completed,West
1439,297,20,2026-02-28,Completed,East
1440,394,3,2025-09-22,Completed,East
1441,42,22,2025-10-21,Pending,West
1442,38,24,2026-04-12,Completed,South
1443,194,21,2025-09-24,Completed,Central
1444,357,5,2026-03-15,Completed,North
1445,498,16,2026-02-28,Completed,North
1446,220,13,2026-04-24,Completed,West
1447,201,11,2026-06-08,Completed,West
1448,3,14,2025-10-19,Completed,Central
1449,111,9,2026-07-02,Completed,North
1450,354,23,2025-09-24,Completed,East
1451,192,4,2025-11-30,Completed,North
1452,250,13,2026-04-26,Completed,South
1453,65,13,2026-05-02,Completed,Central
1454,310,13,2026-07-16,Completed,North
1455,59,7,2026-02-21,Completed,East
1456,201,4,2026-07-21,Completed,Central
1457,208,13,2025-09-23,Completed,South
1458,230,4,2026-01-16,Completed,West
1459,48,4,2026-07-21,Completed,West
1460,104,22,2026-05-28,Completed,North
1461,183,21,2025-09-27,Completed,East
1462,247,11,2026-04-13,Completed,East
1463,332,8,2026-07-30,Completed,East
1464,469,1,2026-03-09,Cancelled,West
1465,335,17,2026-07-24,Completed,Central
1466,179,24,2025-10-02,Completed,West
1467,234,14,2025-12-03,Completed,Central
1468,484,5,2025-08-28,Completed,East
1469,344,8,2026-03-06,Completed,North
1470,69,13,2026-02-24,Completed,South
1471,308,6,2026-05-08,Completed,West
1472,125,23,2025-09-16,Cancelled,West
1473,256,22,2025-10-12,Completed,North
1474,405,1,2025-12-03,Completed,North
1475,216,21,2026-06-24,Completed,South
1476,302,8,2026-07-09,Completed,Central
1477,422,18,2025-09-27,Completed,South
1478,483,20,2026-05-11,Completed,North
1479,214,13,2025-08-13,Completed,North
1480,443,25,2026-05-26,Completed,West
1481,149,5,2025-12-03,Completed,North
1482,243,14,2026-07-09,Completed,North
1483,210,8,2026-01-09,Completed,East
1484,100,15,2026-01-08,Completed,West
1485,246,15,2025-11-27,Completed,Central
1486,13,11,2026-01-21,Cancelled,East
1487,199,11,2026-05-18,Completed,South
1488,334,12,2026-07-30,Completed,Central
1489,93,17,2026-06-17,Completed,West
1490,141,6,2026-07-15,Completed,North
1491,403,6,2026-04-06,Completed,West
1492,493,20,2026-07-30,Cancelled,West
1493,144,13,2026-05-15,Completed,Central
1494,201,10,2025-11-16,Completed,South
1495,17,12,2025-09-30,Completed,East
1496,306,6,2026-05-31,Completed,West
1497,33,14,2025-10-13,Completed,East
1498,95,18,2025-09-12,Completed,East
1499,136,25,2025-09-22,Completed,West
1500,295,1,2025-10-12,Pending,South
1501,355,2,2025-08-12,Completed,South
1502,387,22,2026-05-25,Completed,North
1503,129,13,2026-03-27,Pending,South
1504,217,24,2026-03-29,Completed,East
1505,336,15,2025-11-13,Completed,Central
1506,370,20,2026-03-25,Completed,South
1507,418,8,2026-03-10,Completed,North
1508,13,24,2026-03-27,Completed,South
1509,439,6,2025-10-30,Completed,North
1510,381,2,2026-03-21,Completed,Central
1511,227,21,2025-10-31,Completed,Central
1512,381,17,2025-10-30,Completed,Central
1513,205,15,2026-04-25,Completed,North
1514,50,2,2025-08-12,Completed,Central
1515,385,11,2025-12-19,Completed,East
1516,77,1,2025-09-01,Completed,Central
1517,395,18,2026-04-26,Completed,North
1518,276,19,2026-05-31,Completed,West
1519,262,19,2026-02-03,Completed,West
1520,223,8,2025-09-23,Completed,North
1521,409,21,2026-02-13,Completed,East
1522,225,15,2026-06-26,Completed,Central
1523,124,19,2026-03-24,Completed,South
1524,269,16,2026-01-31,Completed,North
1525,373,7,2026-05-05,Completed,North
1526,153,6,2026-04-11,Completed,East
1527,273,24,2025-12-25,Completed,West
1528,15,9,2025-10-12,Completed,Central
1529,194,24,2026-06-28,Completed,North
1530,45,18,2025-12-30,Completed,Central
1531,347,15,2026-02-08,Completed,Central
1532,274,22,2026-02-02,Pending,North
1533,351,23,2025-09-24,Completed,South
1534,312,14,2025-10-04,Completed,Central
1535,332,19,2025-10-16,Completed,Central
1536,124,3,2025-10-28,Completed,Central
1537,116,11,2025-08-14,Cancelled,South
1538,286,3,2026-01-07,Completed,West
1539,184,9,2026-05-25,Completed,Central
1540,112,25,2025-08-07,Completed,North
1541,173,25,2026-07-27,Completed,Central
1542,48,14,2025-11-14,Completed,North
1543,331,6,2026-01-09,Completed,Central
1544,333,10,2025-10-27,Completed,East
1545,211,12,2026-05-17,Completed,Central
1546,141,1,2026-04-19,Completed,East
1547,441,3,2025-10-19,Completed,South
1548,384,19,2026-05-23,Pending,North
1549,347,1,2025-10-20,Completed,East
1550,481,24,2025-08-27,Completed,Central
1551,296,12,2025-10-09,Pending,Central
1552,464,20,2026-07-28,Completed,South
1553,234,7,2026-01-19,Pending,Central
1554,359,21,2026-07-04,Completed,West
1555,226,3,2026-03-29,Completed,South
1556,478,15,2026-02-08,Completed,West
1557,335,11,2026-04-26,Completed,Central
1558,340,10,2025-12-06,Completed,South
1559,475,9,2026-07-04,Completed,North
1560,242,23,2026-01-26,Completed,East
1561,211,25,2026-07-12,Completed,East
1562,263,12,2025-11-05,Completed,North
1563,496,20,2026-01-15,Completed,East
1564,244,2,2026-01-06,Completed,West
1565,322,20,2026-05-30,Completed,Central
1566,462,2,2025-08-18,Completed,North
1567,462,18,2026-03-26,Completed,West
1568,286,16,2026-05-14,Completed,South
1569,107,21,2026-06-18,Completed,Central
1570,183,24,2025-12-27,Completed,East
1571,293,24,2026-05-08,Completed,South
1572,423,14,2025-12-01,Completed,Central
1573,161,3,2026-01-02,Completed,East
1574,476,9,2026-03-27,Completed,East
1575,9,24,2026-08-01,Completed,East
1576,93,19,2026-05-17,Completed,East
1577,80,3,2026-03-12,Completed,North
1578,233,24,2026-03-20,Completed,East
1579,383,22,2026-02-26,Completed,West
1580,41,12,2026-02-21,Pending,Central
1581,319,20,2026-04-08,Completed,Central
1582,284,13,2026-07-08,Completed,Central
1583,489,19,2026-05-02,Completed,North
1584,133,13,2026-06-03,Completed,Central
1585,391,2,2025-08-16,Completed,North
1586,414,10,2026-02-20,Completed,West
1587,161,11,2025-09-13,Completed,West
1588,351,3,2026-01-24,Cancelled,North
1589,65,5,2026-01-26,Completed,West
1590,428,20,2026-06-19,Completed,South
1591,16,2,2026-07-08,Cancelled,East
1592,453,21,2025-08-18,Completed,South
1593,148,18,2026-07-08,Completed,South
1594,154,16,2025-11-05,Completed,West
1595,105,2,2026-02-19,Cancelled,East
1596,287,16,2026-02-26,Completed,Central
1597,144,16,2026-01-02,Completed,West
1598,386,4,2026-05-14,Completed,Central
1599,289,11,2025-08-17,Completed,West
1600,384,25,2026-03-06,Completed,East
1601,108,2,2025-12-30,Completed,Central
1602,376,9,2026-02-18,Completed,Central
1603,362,21,2026-05-26,Pending,West
1604,404,11,2026-04-03,Completed,West
1605,307,14,2025-08-21,Cancelled,North
1606,402,7,2025-10-14,Completed,East
1607,473,9,2025-11-23,Completed,East
1608,291,21,2026-01-19,Completed,West
1609,54,12,2026-01-03,Completed,West
1610,70,2,2026-07-11,Completed,West
1611,22,6,2025-11-28,Completed,East
1612,345,16,2026-05-29,Completed,East
1613,398,1,2026-06-19,Completed,North
1614,106,22,2025-11-21,Completed,East
1615,126,17,2026-01-28,Completed,West
1616,333,23,2025-10-05,Completed,East
1617,90,5,2026-01-13,Completed,East
1618,124,10,2025-11-24,Completed,East
1619,25,4,2026-03-28,Cancelled,East
1620,315,9,2026-07-24,Completed,East
1621,131,4,2025-08-23,Completed,West
1622,78,8,2026-04-26,Completed,East
1623,427,16,2026-02-18,Cancelled,North
1624,377,21,2026-07-18,Completed,East
1625,179,23,2025-09-26,Completed,North
1626,316,22,2026-01-29,Completed,North
1627,236,19,2026-06-20,Completed,West
1628,415,25,2026-04-09,Completed,Central
1629,451,22,2026-01-24,Completed,Central
1630,55,25,2025-09-06,Completed,North
1631,315,8,2026-05-09,Completed,South
1632,117,12,2026-02-12,Completed,Central
1633,268,13,2025-09-14,Cancelled,North
1634,291,5,2025-10-10,Completed,East
1635,147,3,2026-05-31,Completed,Central
1636,97,17,2026-03-17,Completed,South
1637,277,4,2026-08-01,Completed,West
1638,278,7,2026-07-15,Completed,North
1639,398,15,2026-04-29,Completed,Central
1640,53,17,2026-03-02,Completed,South
1641,351,25,2025-09-23,Completed,North
1642,67,11,2026-01-01,Completed,Central
1643,443,12,2026-01-09,Completed,South
1644,58,14,2025-12-05,Completed,North
1645,454,11,2026-01-24,Completed,East
1646,362,12,2025-08-11,Completed,South
1647,46,5,2025-10-10,Completed,North
1648,257,15,2026-01-25,Completed,East
1649,196,1,2026-03-19,Completed,West
1650,233,25,2026-07-16,Completed,West
1651,298,14,2026-05-05,Completed,West
1652,11,11,2026-07-15,Completed,North
1653,27,16,2025-10-19,Completed,East
1654,133,22,2026-07-10,Completed,East
1655,192,15,2026-01-25,Completed,South
1656,193,8,2025-09-06,Completed,South
1657,470,6,2025-11-07,Completed,South
1658,194,19,2025-12-05,Completed,North
1659,176,8,2026-04-27,Completed,North
1660,494,10,2026-04-10,Completed,North
1661,246,18,2026-07-20,Completed,West
1662,287,13,2026-05-05,Cancelled,Central
1663,409,14,2026-06-07,Completed,North
1664,278,18,2025-10-04,Completed,North
1665,142,17,2026-05-07,Completed,North
1666,27,8,2026-05-13,Completed,Central
1667,6,14,2025-09-18,Completed,East
1668,69,13,2025-09-06,Completed,Central
1669,38,19,2025-09-15,Completed,Central
1670,231,1,2026-05-03,Completed,South
1671,432,7,2026-01-23,Completed,North
1672,280,8,2026-04-05,Completed,Central
1673,223,23,2025-12-20,Completed,East
1674,386,23,2025-09-04,Completed,Central
1675,215,2,2026-02-21,Completed,Central
1676,182,16,2026-05-03,Completed,South
1677,473,2,2025-12-29,Completed,Central
1678,76,15,2026-05-11,Completed,North
1679,216,19,2026-06-05,Completed,North
1680,115,7,2026-02-16,Completed,East
1681,181,8,2026-03-27,Completed,South
1682,35,21,2025-10-03,Completed,West
1683,318,16,2025-12-27,Completed,North
1684,356,8,2026-03-03,Completed,South
1685,159,4,2025-12-27,Completed,West
1686,178,2,2025-08-19,Cancelled,West
1687,412,19,2026-05-27,Completed,North
1688,68,11,2025-10-07,Completed,North
1689,381,8,2026-07-22,Completed,East
1690,409,8,2025-12-10,Pending,South
1691,437,3,2026-03-09,Completed,West
1692,157,7,2026-07-06,Completed,West
1693,392,25,2026-04-15,Completed,North
1694,268,4,2026-07-03,Pending,West
1695,246,6,2025-09-29,Completed,West
1696,15,18,2025-10-03,Completed,West
1697,146,20,2026-07-05,Completed,West
1698,312,12,2025-09-27,Completed,East
1699,123,25,2025-10-10,Completed,West
1700,135,22,2026-05-27,Completed,East
1701,176,10,2026-05-05,Pending,Central
1702,344,2,2025-08-21,Completed,North
1703,317,8,2026-01-11,Completed,East
1704,330,14,2025-11-29,Pending,West
1705,399,11,2025-11-30,Completed,South
1706,135,4,2026-05-12,Completed,South
1707,214,3,2026-05-27,Completed,West
1708,275,18,2026-01-22,Completed,North
1709,404,4,2025-11-22,Completed,Central
1710,283,22,2026-04-02,Completed,North
1711,438,18,2025-10-11,Completed,East
1712,228,19,2025-09-16,Completed,West
1713,382,9,2026-07-16,Completed,West
1714,235,17,2025-09-22,Completed,South
1715,392,5,2025-10-19,Completed,West
1716,127,20,2025-08-03,Completed,West
1717,494,10,2026-03-31,Completed,West
1718,231,12,2026-05-26,Cancelled,Central
1719,14,18,2025-11-08,Completed,East
1720,418,17,2025-08-06,Completed,East
1721,305,7,2026-01-27,Completed,North
1722,217,2,2026-02-11,Completed,North
1723,484,12,2026-06-30,Completed,West
1724,56,16,2026-02-11,Completed,South
1725,388,2,2026-03-01,Completed,Central
1726,111,19,2026-06-11,Completed,South
1727,319,5,2025-08-04,Completed,West
1728,329,4,2026-03-26,Completed,East
1729,304,18,2026-07-10,Completed,North
1730,437,21,2026-02-09,Completed,Central
1731,342,3,2025-11-02,Completed,North
1732,434,19,2025-10-25,Completed,East
1733,294,20,2026-03-18,Completed,Central
1734,112,3,2026-04-15,Completed,East
1735,239,21,2026-02-02,Completed,West
1736,272,18,2026-01-25,Completed,North
1737,327,21,2026-01-08,Completed,South
1738,163,21,2026-01-20,Completed,West
1739,455,20,2025-09-01,Completed,East
1740,390,9,2026-03-23,Completed,Central
1741,114,2,2026-03-23,Completed,Central
1742,88,12,2025-08-04,Completed,South
1743,318,19,2025-11-05,Pending,West
1744,201,15,2026-07-10,Completed,Central
1745,335,15,2026-03-02,Completed,South
1746,130,21,2025-11-18,Completed,West
1747,433,1,2026-03-30,Completed,Central
1748,17,17,2026-04-03,Completed,Central
1749,107,23,2026-03-06,Completed,West
1750,20,5,2026-06-16,Completed,South
1751,461,14,2026-06-18,Completed,Central
1752,283,1,2025-10-21,Completed,North
1753,212,23,2025-08-20,Completed,Central
1754,209,20,2025-10-12,Pending,West
1755,472,9,2025-09-28,Pending,East
1756,446,22,2025-08-23,Completed,North
1757,428,6,2026-04-12,Completed,Central
1758,242,4,2025-12-15,Completed,East
1759,55,22,2025-08-16,Completed,Central
1760,448,9,2025-09-27,Completed,North
1761,494,6,2026-06-29,Completed,South
1762,140,15,2025-08-14,Completed,North
1763,296,20,2026-04-18,Completed,East
1764,277,17,2026-03-14,Completed,South
1765,121,19,2026-06-23,Completed,South
1766,23,15,2026-03-24,Completed,South
1767,128,11,2025-11-25,Completed,Central
1768,283,3,2025-12-08,Completed,East
1769,2,16,2026-07-25,Completed,West
1770,71,22,2025-09-05,Completed,South
1771,150,14,2025-08-21,Completed,North
1772,410,13,2025-09-13,Completed,North
1773,48,21,2026-01-10,Completed,North
1774,278,21,2025-10-10,Completed,North
1775,190,12,2025-10-03,Completed,East
1776,473,7,2026-04-20,Completed,West
1777,356,24,2025-11-20,Completed,West
1778,192,11,2026-03-27,Completed,West
1779,13,24,2026-04-15,Pending,North
1780,107,9,2026-04-27,Completed,West
1781,302,24,2026-04-30,Completed,South
1782,58,1,2026-03-21,Completed,West
1783,233,25,2026-03-12,Completed,Central
1784,456,15,2026-06-03,Completed,South
1785,86,14,2026-03-08,Completed,East
1786,419,11,2025-10-09,Completed,South
1787,227,1,2026-01-25,Completed,East
1788,206,22,2026-05-20,Completed,West
1789,101,16,2026-03-14,Completed,West
1790,278,17,2025-12-19,Completed,North
1791,446,19,2026-07-29,Completed,South
1792,430,13,2025-08-15,Completed,Central
1793,11,17,2025-09-07,Completed,North
1794,116,8,2026-05-27,Pending,Central
1795,418,4,2025-11-26,Completed,East
1796,464,20,2025-12-05,Completed,West
1797,226,10,2025-12-23,Cancelled,East
1798,314,25,2026-07-16,Completed,West
1799,462,13,2025-12-27,Completed,East
1800,235,10,2026-06-16,Completed,East
1801,14,19,2025-08-28,Completed,West
1802,460,17,2026-05-23,Completed,East
1803,80,12,2026-01-14,Pending,West
1804,229,10,2026-06-25,Completed,South
1805,139,12,2026-03-03,Completed,South
1806,278,17,2025-08-27,Cancelled,East
1807,213,1,2025-11-23,Pending,West
1808,143,17,2026-01-31,Completed,West
1809,362,5,2025-09-23,Completed,North
1810,119,4,2025-09-18,Completed,South
1811,181,14,2026-04-28,Completed,North
1812,250,18,2026-07-01,Cancelled,West
1813,319,17,2025-11-16,Completed,West
1814,481,6,2025-12-07,Completed,West
1815,343,8,2026-02-22,Completed,Central
1816,107,14,2026-01-09,Completed,East
1817,259,16,2026-02-21,Completed,East
1818,440,15,2025-10-22,Completed,North
1819,415,15,2026-04-29,Completed,South
1820,170,11,2025-10-22,Completed,West
1821,245,18,2026-03-27,Completed,North
1822,383,22,2025-08-24,Completed,South
1823,83,8,2025-09-13,Completed,East
1824,124,24,2026-03-11,Completed,West
1825,67,21,2026-05-12,Completed,Central
1826,190,12,2026-04-03,Completed,East
1827,43,15,2026-02-23,Completed,East
1828,483,6,2025-09-05,Completed,East
1829,323,23,2026-02-05,Completed,East
1830,70,16,2026-05-10,Completed,East
1831,378,23,2026-04-26,Completed,West
1832,367,3,2026-03-24,Cancelled,East
1833,495,4,2026-07-30,Completed,South
1834,222,23,2026-06-04,Completed,West
1835,14,25,2026-05-03,Completed,South
1836,84,20,2025-11-21,Pending,North
1837,201,18,2026-01-14,Completed,South
1838,365,23,2026-03-26,Cancelled,North
1839,48,20,2026-06-27,Completed,West
1840,58,8,2025-12-02,Completed,North
1841,132,17,2025-11-10,Completed,East
1842,340,16,2026-02-22,Completed,North
1843,468,20,2026-03-13,Completed,Central
1844,336,2,2026-04-01,Completed,South
1845,3,19,2025-12-17,Completed,Central
1846,494,7,2026-07-28,Completed,South
1847,9,2,2025-09-21,Completed,West
1848,46,5,2026-03-28,Completed,North
1849,227,16,2026-03-08,Completed,East
1850,276,13,2026-02-10,Completed,West
1851,265,20,2026-02-19,Completed,North
1852,204,17,2026-05-12,Completed,East
1853,140,21,2026-04-04,Completed,East
1854,71,5,2026-02-11,Completed,South
1855,483,19,2026-02-09,Completed,West
1856,211,23,2026-06-11,Completed,North
1857,89,16,2025-10-10,Completed,Central
1858,257,1,2026-07-11,Completed,North
1859,340,10,2026-03-26,Completed,South
1860,490,22,2025-10-31,Completed,West
1861,65,22,2026-05-04,Completed,East
1862,404,18,2025-11-22,Completed,West
1863,338,7,2025-10-16,Cancelled,West
1864,365,16,2025-08-02,Completed,East
1865,34,17,2025-09-16,Pending,Central
1866,53,19,2025-08-11,Completed,Central
1867,373,16,2026-01-29,Completed,West
1868,85,13,2026-04-01,Completed,Central
1869,389,22,2026-06-07,Completed,North
1870,116,6,2025-09-16,Completed,North
1871,305,5,2026-05-15,Completed,East
1872,242,13,2026-06-27,Completed,North
1873,387,5,2025-10-21,Completed,South
1874,111,5,2026-06-08,Completed,East
1875,264,11,2026-03-28,Completed,East
1876,390,21,2026-01-10,Completed,North
1877,119,15,2026-01-09,Completed,South
1878,368,16,2025-08-19,Completed,Central
1879,459,2,2025-12-09,Completed,North
1880,416,17,2025-12-15,Completed,East
1881,52,19,2026-03-07,Completed,East
1882,406,8,2026-06-11,Completed,South
1883,326,19,2026-04-06,Completed,West
1884,42,23,2025-10-23,Completed,South
1885,223,24,2025-08-06,Completed,North
1886,159,5,2026-04-07,Completed,South
1887,289,12,2025-10-19,Completed,East
1888,437,3,2026-04-26,Completed,West
1889,381,6,2025-11-19,Completed,West
1890,50,19,2025-11-08,Completed,North
1891,497,24,2026-06-04,Completed,South
1892,230,25,2025-08-28,Completed,South
1893,385,16,2025-11-29,Completed,West
1894,277,15,2025-11-26,Completed,East
1895,126,9,2026-02-14,Completed,West
1896,303,22,2026-03-03,Completed,Central
1897,259,15,2025-12-05,Completed,Central
1898,319,10,2026-05-26,Completed,East
1899,373,19,2025-08-04,Completed,East
1900,213,23,2025-09-15,Completed,South
1901,182,15,2026-04-25,Pending,North
1902,335,3,2025-12-09,Completed,Central
1903,248,1,2025-12-12,Completed,East
1904,70,2,2026-01-02,Completed,East
1905,93,14,2026-05-10,Completed,South
1906,87,4,2026-03-10,Completed,North
1907,374,5,2026-03-29,Completed,Central
1908,469,5,2025-08-13,Completed,South
1909,175,20,2026-06-21,Completed,Central
1910,112,14,2025-10-09,Completed,West
1911,394,1,2025-10-16,Completed,West
1912,135,9,2025-12-08,Completed,North
1913,73,20,2026-06-21,Completed,South
1914,310,3,2025-12-11,Completed,South
1915,491,13,2026-07-26,Completed,West
1916,223,1,2026-04-20,Completed,Central
1917,346,14,2026-02-04,Completed,North
1918,104,11,2026-07-23,Completed,West
1919,33,15,2026-02-02,Completed,North
1920,369,4,2026-06-07,Completed,West
1921,358,21,2025-08-15,Completed,North
1922,465,7,2026-04-09,Completed,West
1923,8,2,2025-09-23,Completed,East
1924,101,24,2026-02-04,Completed,South
1925,129,11,2025-10-01,Completed,Central
1926,497,16,2026-04-02,Completed,Central
1927,53,12,2026-01-27,Completed,North
1928,2,21,2026-07-14,Completed,West
1929,303,20,2026-07-04,Cancelled,East
1930,478,15,2026-02-26,Completed,Central
1931,308,16,2026-07-15,Completed,Central
1932,477,5,2025-12-10,Completed,Central
1933,224,8,2026-01-28,Completed,East
1934,450,17,2026-06-02,Completed,Central
1935,207,13,2026-06-14,Completed,East
1936,109,17,2026-01-09,Completed,Central
1937,221,19,2026-07-28,Completed,North
1938,94,7,2026-05-17,Completed,East
1939,134,6,2025-08-23,Completed,West
1940,388,23,2026-06-22,Completed,South
1941,43,23,2026-02-20,Completed,Central
1942,466,23,2025-11-26,Completed,West
1943,38,19,2026-03-09,Completed,Central
1944,416,16,2026-05-10,Completed,North
1945,134,19,2026-04-22,Completed,North
1946,342,8,2025-12-02,Completed,North
1947,137,12,2026-03-05,Pending,North
1948,218,17,2026-02-26,Completed,Central
1949,442,19,2025-08-09,Completed,South
1950,180,20,2025-10-21,Completed,East
1951,443,11,2026-03-14,Completed,South
1952,254,6,2026-04-25,Completed,Central
1953,374,18,2025-12-08,Cancelled,Central
1954,400,1,2026-06-08,Completed,South
1955,273,15,2026-07-23,Completed,South
1956,401,2,2026-07-12,Completed,North
1957,442,1,2026-06-07,Completed,East
1958,15,24,2025-12-17,Completed,West
1959,66,7,2025-08-27,Completed,East
1960,322,25,2025-09-28,Completed,East
1961,265,25,2025-11-18,Completed,West
1962,444,15,2026-06-24,Completed,Central
1963,96,21,2025-08-14,Completed,East
1964,80,14,2025-12-11,Completed,North
1965,16,15,2025-12-25,Completed,North
1966,41,22,2026-04-02,Completed,North
1967,249,20,2026-02-25,Completed,Central
1968,141,5,2026-06-25,Completed,North
1969,380,17,2025-10-05,Completed,East
1970,478,14,2026-03-11,Cancelled,East
1971,140,12,2026-03-25,Completed,East
1972,427,10,2025-12-31,Completed,West
1973,398,15,2025-10-13,Completed,Central
1974,53,16,2026-03-21,Completed,East
1975,181,12,2025-09-16,Pending,East
1976,368,2,2026-07-03,Completed,West
1977,285,13,2026-06-01,Completed,Central
1978,269,19,2026-05-20,Pending,Central
1979,222,8,2025-11-29,Completed,South
1980,51,25,2026-05-02,Completed,West
1981,373,14,2026-07-01,Completed,North
1982,266,3,2025-12-02,Completed,East
1983,335,5,2026-05-04,Completed,North
1984,138,25,2025-08-14,Completed,West
1985,249,23,2025-11-15,Completed,North
1986,342,12,2026-01-09,Completed,Central
1987,85,15,2025-09-04,Completed,North
1988,410,9,2026-02-11,Completed,East
1989,189,5,2026-07-08,Completed,North
1990,344,22,2025-11-02,Completed,West
1991,437,18,2025-12-24,Completed,North
1992,438,16,2026-01-24,Completed,North
1993,430,21,2026-06-20,Completed,West
1994,111,11,2025-11-27,Completed,North
1995,236,4,2025-10-24,Pending,South
1996,439,2,2026-02-21,Completed,West
1997,167,11,2025-11-27,Completed,West
1998,463,24,2025-10-08,Completed,North
1999,408,7,2025-09-14,Completed,South
2000,91,13,2025-12-25,Completed,Central
2001,17,25,2026-06-02,Completed,Central
2002,189,23,2025-08-16,Completed,North
2003,50,15,2026-05-31,Completed,East
2004,361,23,2025-10-19,Completed,South
2005,30,22,2026-07-22,Completed,Central
2006,309,23,2025-09-06,Completed,North
2007,240,1,2026-01-21,Completed,West
2008,211,1,2026-02-14,Pending,West
2009,481,8,2025-08-11,Completed,Central
2010,411,22,2026-06-08,Completed,West
2011,186,13,2026-02-05,Completed,Central
2012,415,24,2026-07-19,Completed,West
2013,191,13,2026-02-12,Completed,West
2014,123,22,2025-09-30,Completed,North
2015,165,21,2025-10-14,Completed,Central
2016,96,18,2025-12-12,Completed,Central
2017,71,19,2026-07-26,Completed,West
2018,416,15,2026-02-05,Completed,North
2019,343,10,2026-05-13,Completed,East
2020,17,19,2026-07-07,Completed,West
2021,231,21,2026-02-21,Pending,South
2022,205,19,2025-11-30,Completed,Central
2023,431,19,2026-05-30,Completed,North
2024,59,7,2025-12-07,Completed,Central
2025,325,3,2025-09-26,Completed,West
2026,28,21,2026-05-27,Completed,West
2027,482,11,2026-07-06,Completed,South
2028,3,16,2025-09-09,Completed,South
2029,32,20,2026-06-17,Completed,East
2030,184,4,2026-08-01,Completed,South
2031,130,22,2026-02-18,Completed,East
2032,223,13,2026-04-21,Completed,North
2033,51,22,2025-09-22,Completed,Central
2034,145,6,2025-10-20,Completed,Central
2035,84,23,2026-05-10,Completed,East
2036,332,10,2025-08-16,Completed,Central
2037,127,22,2026-01-27,Completed,East
2038,162,5,2025-12-30,Completed,West
2039,7,24,2026-05-06,Completed,East
2040,72,11,2026-07-03,Cancelled,East
2041,396,5,2026-02-20,Cancelled,South
2042,358,2,2025-09-15,Completed,North
2043,273,19,2025-08-03,Completed,West
2044,283,6,2025-11-30,Completed,West
2045,37,3,2026-07-30,Completed,Central
2046,290,10,2025-08-19,Completed,West
2047,173,4,2026-04-25,Completed,South
2048,182,4,2026-06-27,Completed,West
2049,441,14,2026-03-20,Completed,East
2050,73,5,2026-07-06,Completed,West
2051,89,7,2025-09-04,Completed,Central
2052,163,19,2025-12-09,Completed,West
2053,172,19,2026-01-30,Completed,North
2054,470,2,2026-07-13,Completed,South
2055,498,14,2025-08-19,Completed,Central
2056,99,6,2025-09-11,Completed,Central
2057,108,22,2026-02-20,Pending,East
2058,211,12,2026-05-26,Completed,North
2059,150,4,2026-04-14,Completed,East
2060,500,5,2026-05-18,Completed,Central
2061,407,25,2025-12-01,Completed,Central
2062,464,15,2025-08-10,Completed,West
2063,116,2,2026-03-14,Completed,Central
2064,352,1,2026-05-23,Pending,Central
2065,201,24,2025-12-01,Completed,East
2066,129,1,2026-04-07,Completed,East
2067,173,25,2026-07-14,Completed,East
2068,358,17,2025-10-22,Completed,Central
2069,228,12,2025-12-04,Completed,North
2070,485,16,2025-10-18,Completed,Central
2071,9,4,2025-10-15,Completed,North
2072,31,25,2025-11-21,Completed,North
2073,257,19,2025-11-17,Completed,West
2074,50,17,2026-02-24,Completed,East
2075,124,25,2025-12-03,Completed,South
2076,304,1,2026-05-29,Completed,North
2077,447,5,2026-01-20,Completed,East
2078,103,18,2026-04-19,Completed,East
2079,274,9,2025-09-16,Completed,West
2080,160,2,2025-11-15,Completed,South
2081,343,24,2025-09-28,Completed,South
2082,323,15,2025-10-02,Completed,East
2083,399,9,2025-11-16,Completed,Central
2084,255,15,2025-09-15,Completed,Central
2085,427,20,2025-08-07,Completed,East
2086,54,23,2026-03-31,Completed,North
2087,352,8,2026-03-07,Completed,West
2088,253,23,2026-02-17,Completed,South
2089,244,13,2025-09-10,Completed,East
2090,473,13,2025-10-21,Completed,North
2091,20,16,2026-02-28,Completed,East
2092,320,7,2025-12-16,Completed,South
2093,62,2,2026-03-03,Completed,North
2094,100,21,2025-12-03,Pending,Central
2095,183,6,2025-11-15,Completed,Central
2096,341,19,2025-09-25,Completed,Central
2097,265,11,2026-05-02,Completed,South
2098,357,1,2026-06-10,Completed,Central
2099,121,7,2025-11-20,Completed,Central
2100,185,15,2026-03-12,Completed,South
2101,253,21,2025-11-05,Completed,West
2102,466,15,2025-10-07,Cancelled,West
2103,54,18,2025-08-29,Completed,South
2104,334,18,2025-11-30,Completed,East
2105,463,10,2026-03-28,Completed,West
2106,458,22,2026-07-14,Completed,West
2107,335,19,2025-12-11,Completed,East
2108,127,15,2026-02-27,Completed,West
2109,176,25,2026-01-21,Completed,East
2110,362,10,2025-08-21,Completed,West
2111,109,14,2025-09-21,Completed,South
2112,256,2,2025-08-13,Completed,West
2113,199,18,2026-01-31,Completed,West
2114,63,17,2026-07-18,Completed,Central
2115,129,4,2026-04-21,Completed,West
2116,109,5,2025-08-21,Completed,East
2117,233,16,2025-09-12,Completed,East
2118,4,10,2025-12-28,Completed,Central
2119,369,14,2025-08-22,Completed,East
2120,148,19,2025-09-04,Completed,West
2121,348,8,2026-01-14,Completed,East
2122,123,8,2026-01-01,Completed,North
2123,182,9,2025-10-10,Completed,East
2124,491,19,2026-05-02,Completed,Central
2125,473,5,2026-03-21,Cancelled,West
2126,304,7,2026-07-14,Completed,Central
2127,336,16,2026-03-20,Completed,North
2128,490,22,2026-04-03,Completed,South
2129,112,21,2026-06-22,Completed,East
2130,276,3,2026-04-27,Completed,North
2131,153,7,2026-04-30,Completed,East
2132,72,9,2026-01-22,Completed,South
2133,446,16,2026-03-29,Completed,South
2134,466,13,2025-12-18,Completed,East
2135,114,21,2025-12-01,Completed,West
2136,229,16,2025-12-09,Completed,Central
2137,308,4,2026-06-15,Pending,East
2138,44,24,2025-10-17,Completed,South
2139,439,21,2026-05-05,Completed,North
2140,407,14,2026-05-23,Completed,South
2141,29,20,2026-04-19,Completed,East
2142,176,17,2026-06-12,Completed,West
2143,365,10,2026-02-25,Completed,West
2144,56,24,2025-09-01,Completed,West
2145,265,9,2026-07-26,Completed,Central
2146,301,21,2026-05-22,Completed,South
2147,434,16,2026-05-25,Completed,South
2148,63,1,2026-01-29,Completed,East
2149,240,18,2026-03-10,Completed,East
2150,205,14,2025-09-22,Completed,East
2151,93,11,2025-09-07,Completed,West
2152,472,18,2026-06-13,Completed,West
2153,263,13,2026-06-09,Completed,Central
2154,131,1,2026-07-25,Completed,Central
2155,154,9,2026-04-30,Completed,Central
2156,279,1,2026-01-30,Completed,South
2157,70,21,2025-09-08,Completed,West
2158,198,7,2026-01-25,Completed,East
2159,297,4,2025-11-30,Completed,North
2160,94,8,2026-04-24,Completed,West
2161,319,12,2026-04-09,Completed,South
2162,272,8,2026-05-04,Pending,Central
2163,367,23,2026-05-26,Completed,South
2164,195,22,2026-01-29,Completed,Central
2165,120,5,2026-01-31,Completed,West
2166,85,17,2025-10-30,Completed,West
2167,222,15,2025-10-27,Completed,South
2168,145,22,2025-09-26,Completed,South
2169,32,22,2026-07-02,Completed,East
2170,129,14,2026-07-15,Completed,North
2171,227,6,2026-03-29,Completed,West
2172,436,13,2025-11-10,Completed,Central
2173,285,13,2026-07-22,Completed,North
2174,42,8,2025-12-21,Pending,Central
2175,405,4,2026-01-01,Completed,East
2176,226,15,2025-10-12,Completed,South
2177,243,8,2026-04-30,Completed,West
2178,16,20,2026-07-24,Completed,West
2179,70,22,2026-04-17,Completed,Central
2180,444,8,2025-12-08,Completed,North
2181,60,9,2026-06-04,Completed,West
2182,445,17,2026-07-02,Completed,South
2183,171,16,2026-07-10,Completed,North
2184,466,14,2025-12-06,Completed,Central
2185,317,17,2026-01-25,Completed,Central
2186,25,11,2026-02-07,Completed,Central
2187,197,6,2025-08-13,Completed,North
2188,229,10,2025-08-27,Completed,South
2189,466,9,2026-02-02,Completed,West
2190,213,17,2025-09-14,Completed,North
2191,19,15,2025-12-16,Completed,West
2192,297,12,2026-02-03,Completed,East
2193,360,25,2026-01-28,Completed,Central
2194,345,18,2026-06-26,Completed,East
2195,499,14,2025-10-07,Completed,Central
2196,494,13,2025-11-19,Completed,Central
2197,195,10,2026-05-27,Cancelled,Central
2198,81,9,2025-12-15,Completed,West
2199,459,8,2026-03-24,Completed,East
2200,396,6,2026-03-13,Completed,Central
2201,320,13,2025-09-20,Completed,Central
2202,145,5,2026-02-15,Completed,East
2203,223,24,2025-09-10,Completed,North
2204,36,17,2026-01-06,Completed,West
2205,425,24,2026-06-15,Completed,East
2206,28,22,2026-05-06,Completed,Central
2207,35,2,2026-06-07,Completed,West
2208,357,9,2025-09-12,Completed,North
2209,26,18,2025-12-06,Completed,South
2210,217,1,2026-03-05,Completed,North
2211,457,19,2026-04-11,Completed,South
2212,394,4,2025-08-29,Completed,South
2213,302,10,2026-06-05,Completed,North
2214,447,5,2025-11-27,Completed,Central
2215,488,11,2026-02-24,Completed,Central
2216,40,15,2026-01-28,Cancelled,North
2217,247,11,2026-01-04,Completed,East
2218,251,22,2026-03-19,Completed,North
2219,290,8,2026-01-09,Cancelled,South
2220,191,3,2025-11-02,Completed,West
2221,311,14,2026-03-31,Completed,West
2222,449,6,2025-11-04,Completed,Central
2223,470,23,2026-03-02,Completed,West
2224,423,17,2025-10-02,Completed,North
2225,233,12,2026-02-05,Completed,East
2226,393,17,2025-12-29,Completed,East
2227,286,17,2025-08-27,Completed,South
2228,495,5,2025-12-12,Completed,South
2229,258,25,2025-10-21,Completed,Central
2230,202,8,2026-06-14,Completed,Central
2231,342,22,2026-04-28,Completed,North
2232,375,8,2026-03-19,Completed,Central
2233,65,23,2026-01-16,Completed,East
2234,227,16,2026-06-02,Completed,North
2235,337,9,2026-01-18,Completed,North
2236,175,1,2026-03-10,Completed,Central
2237,382,15,2026-06-03,Completed,South
2238,253,18,2025-12-12,Pending,West
2239,440,8,2026-03-01,Completed,Central
2240,220,8,2026-04-28,Completed,North
2241,167,16,2025-11-01,Completed,South
2242,485,24,2025-10-08,Completed,West
2243,109,4,2026-04-16,Pending,South
2244,289,11,2026-04-19,Completed,North
2245,119,21,2025-09-01,Completed,East
2246,295,13,2026-05-16,Completed,South
2247,181,20,2026-07-29,Completed,North
2248,286,18,2026-05-05,Completed,West
2249,241,18,2026-03-12,Completed,East
2250,292,22,2026-06-22,Completed,West
2251,179,10,2026-02-06,Completed,East
2252,448,8,2025-09-15,Cancelled,Central
2253,184,17,2026-03-19,Completed,South
2254,296,14,2026-03-21,Cancelled,East
2255,486,20,2026-01-28,Pending,North
2256,212,25,2025-12-06,Completed,Central
2257,106,25,2026-03-05,Completed,South
2258,379,5,2025-09-08,Completed,North
2259,177,21,2026-06-17,Completed,West
2260,494,6,2026-01-21,Completed,North
2261,175,12,2025-10-09,Completed,Central
2262,464,6,2025-11-29,Completed,West
2263,188,2,2026-01-06,Completed,Central
2264,110,13,2025-08-29,Completed,South
2265,496,5,2026-03-22,Completed,South
2266,221,6,2025-09-13,Completed,East
2267,438,13,2026-04-25,Completed,Central
2268,19,13,2026-06-14,Completed,North
2269,160,9,2026-03-21,Pending,West
2270,241,8,2026-05-28,Cancelled,West
2271,293,7,2026-06-16,Completed,East
2272,14,12,2025-12-27,Completed,West
2273,477,8,2025-12-07,Completed,West
2274,289,18,2026-02-09,Completed,Central
2275,93,2,2026-04-09,Completed,East
2276,33,8,2026-04-15,Completed,North
2277,108,20,2025-08-25,Completed,South
2278,140,22,2025-09-06,Completed,North
2279,64,16,2025-10-25,Completed,North
2280,387,7,2026-06-15,Completed,East
2281,265,20,2025-09-24,Completed,South
2282,127,25,2026-07-12,Completed,North
2283,479,2,2026-03-15,Completed,North
2284,284,3,2026-07-18,Completed,West
2285,108,20,2026-05-22,Completed,East
2286,48,3,2026-04-06,Completed,Central
2287,316,2,2026-06-12,Pending,West
2288,278,24,2025-08-02,Completed,North
2289,347,24,2026-05-23,Pending,Central
2290,478,4,2025-09-27,Completed,West
2291,252,25,2026-04-15,Completed,Central
2292,407,9,2025-09-28,Completed,West
2293,223,25,2026-01-24,Completed,East
2294,82,19,2026-02-24,Completed,South
2295,59,21,2025-11-23,Completed,South
2296,74,12,2025-12-31,Completed,West
2297,210,22,2026-03-29,Completed,West
2298,152,6,2026-03-14,Completed,Central
2299,127,3,2026-01-22,Completed,South
2300,350,7,2025-10-16,Completed,West
2301,406,25,2025-10-20,Completed,West
2302,147,21,2026-04-23,Completed,South
2303,355,14,2026-07-08,Completed,East
2304,228,18,2025-12-02,Completed,East
2305,149,3,2025-11-26,Completed,East
2306,205,8,2026-03-11,Completed,North
2307,244,17,2026-06-06,Completed,South
2308,82,4,2026-07-22,Cancelled,West
2309,221,25,2026-04-22,Completed,South
2310,299,24,2025-11-28,Completed,Central
2311,250,25,2026-07-24,Completed,North
2312,356,24,2026-07-31,Completed,South
2313,415,19,2026-01-17,Completed,South
2314,351,24,2026-05-07,Completed,South
2315,307,3,2026-07-23,Completed,Central
2316,182,16,2025-12-13,Completed,West
2317,324,4,2025-09-05,Completed,Central
2318,139,12,2026-03-16,Completed,South
2319,394,5,2025-08-05,Completed,South
2320,343,19,2026-03-27,Completed,East
2321,19,17,2026-02-16,Completed,East
2322,222,20,2026-01-05,Completed,Central
2323,131,4,2026-06-27,Completed,Central
2324,10,5,2025-09-20,Completed,Central
2325,64,17,2026-06-29,Completed,West
2326,1,18,2025-11-24,Completed,South
2327,403,20,2025-08-26,Completed,South
2328,234,15,2025-12-23,Completed,East
2329,18,8,2026-07-17,Completed,South
2330,305,10,2026-03-03,Completed,North
2331,365,22,2025-08-22,Completed,East
2332,368,10,2025-08-02,Pending,Central
2333,254,16,2026-05-02,Completed,West
2334,12,1,2026-03-07,Completed,South
2335,203,6,2026-06-16,Completed,West
2336,366,9,2025-12-19,Completed,West
2337,437,2,2025-09-13,Completed,North
2338,346,15,2026-07-02,Completed,South
2339,468,16,2025-11-19,Completed,South
2340,482,22,2026-07-04,Completed,West
2341,337,8,2025-08-14,Completed,East
2342,294,12,2025-11-01,Completed,East
2343,497,18,2026-01-16,Completed,West
2344,153,15,2026-05-01,Completed,West
2345,115,19,2026-03-19,Completed,North
2346,9,2,2026-01-02,Completed,South
2347,443,25,2026-04-01,Completed,West
2348,298,24,2025-12-03,Completed,West
2349,127,7,2026-05-05,Completed,South
2350,135,14,2025-12-28,Completed,South
2351,185,16,2026-01-06,Completed,South
2352,113,23,2025-12-28,Completed,South
2353,312,8,2026-01-18,Completed,South
2354,333,14,2026-03-01,Completed,South
2355,267,8,2025-10-23,Completed,North
2356,280,2,2026-04-16,Completed,West
2357,109,15,2025-10-08,Completed,Central
2358,407,23,2026-02-02,Cancelled,South
2359,149,1,2025-09-25,Cancelled,North
2360,121,14,2025-10-14,Completed,Central
2361,154,17,2026-03-05,Completed,East
2362,328,6,2025-12-29,Completed,Central
2363,463,3,2026-06-25,Completed,Central
2364,146,2,2026-07-27,Completed,North
2365,120,8,2025-12-19,Completed,West
2366,100,23,2026-06-24,Completed,West
2367,251,18,2026-01-11,Completed,East
2368,127,14,2025-09-30,Completed,Central
2369,81,20,2025-11-22,Completed,North
2370,487,5,2026-07-06,Completed,West
2371,395,24,2026-04-19,Completed,East
2372,187,7,2025-09-19,Completed,West
2373,34,25,2025-09-23,Completed,East
2374,480,11,2025-08-06,Completed,Central
2375,53,16,2025-08-29,Completed,West
2376,134,22,2026-04-10,Completed,West
2377,484,24,2025-08-08,Completed,South
2378,258,10,2025-09-26,Completed,South
2379,156,19,2026-05-09,Completed,West
2380,196,14,2026-07-11,Completed,East
2381,24,2,2026-02-07,Completed,East
2382,284,19,2026-04-14,Completed,West
2383,320,8,2026-01-18,Completed,East
2384,167,25,2025-09-23,Cancelled,North
2385,109,19,2025-09-03,Completed,Central
2386,60,13,2025-09-24,Pending,Central
2387,198,5,2026-04-08,Completed,North
2388,300,12,2026-06-10,Completed,Central
2389,49,14,2026-01-10,Completed,South
2390,130,15,2026-07-02,Completed,East
2391,95,14,2026-01-26,Completed,East
2392,419,15,2026-07-15,Completed,Central
2393,224,9,2026-06-04,Completed,South
2394,369,5,2026-04-29,Completed,East
2395,295,22,2026-03-24,Completed,South
2396,270,6,2026-07-29,Completed,West
2397,17,23,2026-01-14,Completed,South
2398,127,8,2026-04-01,Completed,South
2399,260,17,2025-10-10,Completed,East
2400,235,25,2026-01-25,Completed,South
2401,385,13,2026-02-15,Completed,Central
2402,175,8,2026-01-13,Completed,South
2403,128,14,2026-03-04,Completed,North
2404,397,22,2026-06-16,Completed,Central
2405,345,13,2026-01-23,Completed,West
2406,492,11,2025-12-29,Completed,Central
2407,406,25,2025-12-17,Completed,West
2408,456,19,2025-10-28,Cancelled,North
2409,274,7,2025-10-13,Completed,West
2410,458,5,2026-01-13,Cancelled,East
2411,4,21,2026-03-24,Pending,East
2412,272,20,2025-08-04,Completed,South
2413,89,5,2026-03-14,Completed,South
2414,27,2,2026-02-11,Completed,Central
2415,125,18,2026-06-26,Completed,North
2416,57,25,2026-05-12,Completed,Central
2417,480,14,2025-11-01,Pending,West
2418,480,8,2026-05-05,Completed,North
2419,354,15,2026-02-12,Completed,Central
2420,24,11,2025-11-14,Completed,Central
2421,364,1,2026-01-08,Completed,East
2422,184,6,2026-07-27,Pending,East
2423,204,14,2026-03-02,Completed,North
2424,256,11,2026-03-13,Completed,West
2425,320,23,2025-12-22,Completed,North
2426,39,22,2025-08-14,Completed,West
2427,484,11,2025-08-16,Completed,West
2428,333,3,2026-03-10,Completed,North
2429,126,11,2026-02-05,Completed,East
2430,216,9,2026-05-02,Completed,South
2431,483,14,2025-12-23,Completed,Central
2432,41,14,2025-09-14,Completed,North
2433,390,8,2026-03-15,Cancelled,East
2434,166,21,2026-02-05,Completed,South
2435,435,22,2026-04-27,Completed,Central
2436,232,24,2025-09-02,Completed,Central
2437,309,16,2025-09-26,Completed,West
2438,429,8,2026-05-12,Completed,West
2439,289,7,2026-05-13,Completed,North
2440,293,5,2026-02-22,Completed,East
2441,331,20,2026-07-01,Completed,Central
2442,391,4,2026-05-20,Pending,North
2443,108,8,2026-05-31,Completed,West
2444,354,23,2025-11-18,Completed,East
2445,90,16,2026-01-29,Completed,South
2446,134,4,2026-02-18,Completed,West
2447,169,8,2025-09-01,Completed,Central
2448,281,16,2026-02-21,Completed,Central
2449,123,11,2026-07-13,Completed,North
2450,169,7,2026-03-26,Cancelled,North
2451,93,8,2025-09-05,Cancelled,Central
2452,369,19,2025-11-05,Completed,North
2453,487,4,2026-02-01,Completed,Central
2454,366,20,2026-04-03,Completed,South
2455,452,1,2026-05-17,Completed,South
2456,67,7,2026-04-16,Completed,North
2457,467,18,2026-04-18,Completed,Central
2458,414,8,2025-09-01,Completed,West
2459,206,7,2026-04-24,Completed,Central
2460,126,16,2026-04-05,Completed,South
2461,249,19,2026-02-27,Completed,North
2462,67,2,2026-06-07,Completed,North
2463,428,5,2026-03-15,Completed,North
2464,165,1,2025-12-01,Completed,Central
2465,186,3,2026-03-28,Cancelled,East
2466,125,2,2025-08-22,Completed,East
2467,323,18,2026-07-18,Completed,West
2468,403,9,2025-12-13,Completed,Central
2469,415,15,2026-02-25,Completed,West
2470,272,2,2026-05-31,Completed,North
2471,56,11,2025-08-06,Completed,North
2472,141,16,2026-01-31,Completed,West
2473,472,10,2026-01-25,Completed,West
2474,35,3,2026-02-17,Completed,South
2475,295,3,2026-07-19,Cancelled,East
2476,497,19,2026-01-31,Completed,East
2477,345,16,2026-03-12,Completed,Central
2478,157,15,2026-05-13,Completed,West
2479,58,15,2025-12-08,Completed,West
2480,143,15,2026-01-12,Pending,North
2481,402,20,2025-12-17,Completed,East
2482,140,6,2026-06-07,Completed,East
2483,400,1,2025-11-24,Completed,West
2484,443,6,2025-11-22,Completed,North
2485,493,10,2025-10-06,Completed,North
2486,446,25,2025-08-15,Completed,East
2487,412,6,2026-04-28,Completed,East
2488,24,1,2026-07-26,Completed,South
2489,465,20,2026-03-22,Completed,South
2490,97,8,2026-05-20,Completed,North
2491,125,16,2025-11-28,Completed,Central
2492,169,12,2026-05-11,Completed,West
2493,203,18,2026-06-02,Completed,West
2494,471,20,2026-03-08,Completed,North
2495,85,20,2025-11-11,Completed,West
2496,36,5,2025-08-25,Completed,East
2497,16,4,2026-04-03,Completed,East
2498,464,15,2026-02-01,Completed,North
2499,3,4,2026-03-14,Completed,West
2500,107,17,2025-10-06,Completed,Central
2501,437,1,2026-03-12,Pending,East
2502,473,3,2025-08-22,Completed,East
2503,208,20,2026-04-13,Completed,East
2504,171,13,2025-11-23,Completed,East
2505,340,24,2026-06-12,Completed,North
2506,442,11,2026-05-15,Cancelled,North
2507,143,24,2026-04-01,Completed,East
2508,23,3,2025-08-12,Completed,South
2509,211,24,2025-11-21,Completed,North
2510,240,13,2026-02-06,Completed,North
2511,381,18,2025-09-03,Completed,West
2512,499,12,2025-09-20,Completed,North
2513,91,18,2026-02-14,Completed,North
2514,91,24,2025-08-31,Completed,Central
2515,304,19,2026-06-28,Completed,West
2516,32,18,2026-06-02,Completed,North
2517,87,23,2025-11-17,Completed,West
2518,475,11,2025-11-07,Completed,Central
2519,442,13,2025-09-22,Completed,South
2520,431,18,2026-03-29,Completed,East
2521,148,8,2025-11-19,Completed,North
2522,27,21,2025-11-16,Completed,South
2523,3,22,2026-07-01,Completed,North
2524,469,16,2025-11-09,Completed,South
2525,228,6,2025-08-07,Completed,South
2526,240,3,2026-05-16,Completed,Central
2527,177,1,2025-09-14,Completed,Central
2528,423,1,2026-03-24,Completed,North
2529,230,8,2025-10-08,Completed,Central
2530,153,20,2026-07-21,Completed,East
2531,200,19,2026-03-19,Completed,West
2532,488,14,2026-05-15,Completed,East
2533,415,7,2025-09-29,Completed,Central
2534,366,22,2026-04-14,Completed,East
2535,156,15,2026-01-22,Completed,South
2536,245,24,2025-12-23,Completed,West
2537,26,21,2026-06-11,Completed,Central
2538,8,13,2025-10-09,Completed,Central
2539,347,15,2025-11-11,Completed,East
2540,283,19,2026-06-01,Cancelled,East
2541,408,11,2026-05-01,Completed,West
2542,432,23,2025-11-01,Completed,South
2543,459,3,2026-02-06,Completed,East
2544,199,5,2025-10-11,Completed,Central
2545,210,14,2026-06-08,Completed,East
2546,171,15,2026-02-22,Completed,West
2547,217,13,2026-07-02,Completed,South
2548,368,8,2025-08-14,Completed,Central
2549,45,2,2025-12-13,Completed,East
2550,362,10,2025-09-03,Completed,South
2551,25,20,2025-09-27,Completed,East
2552,369,8,2026-03-21,Completed,West
2553,377,16,2026-07-30,Completed,South
2554,102,6,2026-06-17,Completed,West
2555,384,15,2025-09-30,Completed,West
2556,343,9,2026-06-23,Completed,East
2557,235,14,2026-02-10,Completed,Central
2558,135,3,2026-05-21,Pending,North
2559,181,7,2026-01-09,Completed,West
2560,205,9,2026-05-28,Completed,South
2561,117,25,2025-12-28,Completed,East
2562,439,16,2025-11-02,Completed,West
2563,287,10,2026-04-15,Pending,Central
2564,310,16,2026-01-19,Pending,South
2565,330,12,2026-05-10,Completed,Central
2566,29,23,2026-04-06,Completed,Central
2567,108,23,2025-10-05,Completed,South
2568,158,21,2025-10-22,Completed,Central
2569,326,15,2026-03-14,Completed,East
2570,331,24,2026-05-14,Completed,South
2571,478,9,2026-06-24,Completed,East
2572,247,17,2025-12-14,Pending,South
2573,232,23,2025-08-23,Completed,South
2574,99,7,2026-04-08,Pending,West
2575,329,10,2025-11-12,Completed,West
2576,313,25,2026-05-22,Completed,Central
2577,240,21,2026-06-16,Cancelled,South
2578,14,15,2025-09-16,Completed,South
2579,498,25,2025-08-22,Completed,East
2580,31,11,2025-10-06,Completed,South
2581,16,7,2026-01-29,Completed,West
2582,297,4,2026-01-03,Completed,East
2583,139,8,2026-02-02,Pending,North
2584,99,24,2025-11-27,Completed,West
2585,406,25,2026-02-02,Completed,North
2586,429,4,2026-05-18,Pending,East
2587,214,5,2026-05-21,Completed,Central
2588,438,22,2026-07-26,Completed,West
2589,442,17,2026-02-24,Completed,West
2590,132,25,2025-10-31,Completed,Central
2591,258,6,2025-12-27,Completed,North
2592,60,7,2026-04-24,Completed,South
2593,465,18,2026-05-03,Cancelled,West
2594,167,2,2025-12-31,Completed,South
2595,14,9,2026-02-02,Completed,East
2596,361,21,2025-11-11,Completed,South
2597,257,14,2025-09-27,Completed,Central
2598,459,21,2026-02-24,Completed,West
2599,79,9,2026-07-05,Completed,West
2600,248,6,2026-01-17,Pending,North
2601,352,10,2025-08-06,Completed,West
2602,428,5,2025-11-22,Completed,West
2603,338,24,2026-07-28,Completed,East
2604,208,20,2026-06-07,Completed,East
2605,111,20,2026-01-23,Completed,West
2606,224,6,2025-12-28,Completed,South
2607,178,17,2026-04-22,Completed,Central
2608,215,5,2025-12-02,Cancelled,North
2609,482,15,2026-02-23,Pending,South
2610,480,15,2026-04-24,Cancelled,West
2611,299,18,2025-08-17,Completed,South
2612,232,23,2025-09-08,Completed,West
2613,337,7,2026-07-24,Completed,East
2614,23,24,2026-02-24,Completed,South
2615,249,17,2026-04-06,Completed,North
2616,298,13,2025-12-17,Completed,South
2617,469,7,2026-06-25,Completed,West
2618,366,23,2026-01-16,Pending,West
2619,292,16,2026-03-27,Pending,West
2620,366,23,2026-07-24,Completed,South
2621,109,4,2026-04-12,Completed,Central
2622,162,17,2026-07-01,Completed,North
2623,22,1,2025-11-15,Completed,South
2624,87,5,2025-12-10,Completed,North
2625,287,3,2025-11-14,Completed,North
2626,105,23,2025-11-13,Completed,South
2627,194,4,2026-06-09,Completed,East
2628,48,21,2025-09-09,Completed,West
2629,490,12,2025-11-09,Completed,South
2630,124,21,2026-04-13,Completed,East
2631,325,12,2026-03-16,Completed,East
2632,193,12,2025-12-31,Completed,Central
2633,58,16,2026-01-28,Completed,East
2634,82,22,2026-05-29,Completed,Central
2635,326,18,2026-04-21,Completed,South
2636,130,10,2026-05-19,Completed,West
2637,298,12,2025-11-03,Completed,Central
2638,470,9,2026-05-14,Completed,South
2639,166,2,2026-04-19,Completed,West
2640,216,6,2026-03-18,Completed,Central
2641,230,20,2026-05-28,Completed,Central
2642,97,20,2025-10-16,Completed,Central
2643,339,12,2026-02-19,Pending,South
2644,349,3,2025-12-11,Completed,Central
2645,322,11,2026-04-22,Completed,Central
2646,127,6,2026-04-27,Completed,East
2647,278,8,2025-10-10,Completed,Central
2648,244,15,2025-12-01,Completed,North
2649,436,14,2026-03-02,Cancelled,North
2650,378,14,2025-08-06,Completed,West
2651,316,3,2026-04-20,Completed,North
2652,329,21,2025-08-05,Completed,East
2653,497,3,2026-06-20,Pending,South
2654,247,25,2025-08-28,Completed,East
2655,480,7,2025-08-06,Completed,West
2656,207,8,2026-01-08,Completed,North
2657,266,17,2025-09-08,Completed,East
2658,487,22,2026-02-21,Completed,West
2659,18,18,2025-09-11,Completed,West
2660,2,25,2026-04-25,Completed,South
2661,250,23,2026-01-22,Completed,North
2662,389,17,2025-12-16,Completed,South
2663,275,3,2025-10-26,Completed,South
2664,483,25,2026-05-10,Completed,South
2665,141,14,2025-11-20,Completed,Central
2666,404,25,2025-11-07,Completed,North
2667,44,9,2025-10-15,Completed,Central
2668,455,6,2025-08-15,Pending,South
2669,258,11,2025-08-11,Completed,West
2670,328,3,2026-03-30,Completed,Central
2671,129,21,2025-09-06,Pending,West
2672,260,9,2025-08-24,Completed,West
2673,499,22,2026-08-01,Cancelled,South
2674,246,17,2026-03-20,Completed,Central
2675,211,7,2026-04-14,Completed,North
2676,321,6,2026-07-15,Completed,Central
2677,106,20,2026-06-22,Completed,South
2678,462,2,2025-10-25,Completed,West
2679,155,17,2026-03-22,Completed,South
2680,399,1,2026-04-06,Cancelled,North
2681,110,8,2025-09-18,Completed,West
2682,280,6,2026-05-03,Completed,Central
2683,328,1,2025-09-17,Completed,South
2684,124,15,2025-09-04,Completed,South
2685,199,25,2026-06-30,Completed,South
2686,311,12,2026-03-24,Completed,South
2687,276,23,2025-09-21,Completed,East
2688,299,13,2025-12-26,Completed,Central
2689,28,15,2026-04-13,Completed,East
2690,333,6,2026-05-25,Completed,North
2691,274,16,2026-07-17,Completed,West
2692,418,8,2026-04-10,Completed,West
2693,209,24,2026-03-09,Completed,Central
2694,265,14,2026-06-09,Completed,East
2695,412,8,2025-10-12,Pending,East
2696,316,8,2026-07-15,Cancelled,South
2697,269,14,2025-09-14,Completed,North
2698,500,3,2026-04-29,Completed,Central
2699,48,18,2025-10-12,Completed,East
2700,8,7,2025-11-08,Completed,North
2701,189,5,2025-11-24,Completed,West
2702,144,24,2026-01-30,Completed,South
2703,423,6,2026-04-15,Completed,West
2704,408,11,2026-07-31,Completed,East
2705,258,24,2025-08-31,Completed,Central
2706,322,21,2026-04-07,Completed,Central
2707,427,25,2026-01-25,Completed,East
2708,25,16,2026-07-26,Completed,North
2709,372,13,2025-11-17,Completed,East
2710,415,8,2026-05-27,Completed,Central
2711,426,17,2026-01-14,Completed,Central
2712,302,25,2026-04-27,Completed,North
2713,17,22,2026-07-18,Completed,East
2714,107,19,2026-04-18,Completed,East
2715,315,6,2026-05-27,Completed,East
2716,52,19,2026-05-28,Completed,Central
2717,201,14,2025-12-05,Completed,North
2718,198,3,2025-11-09,Completed,North
2719,204,16,2025-10-03,Completed,East
2720,221,15,2026-06-01,Completed,West
2721,236,6,2025-08-30,Completed,East
2722,413,24,2025-11-17,Completed,West
2723,11,19,2026-05-30,Completed,Central
2724,17,1,2025-08-26,Completed,West
2725,416,23,2025-12-28,Completed,East
2726,444,1,2025-12-30,Completed,North
2727,425,25,2025-12-09,Cancelled,South
2728,478,14,2025-08-25,Completed,West
2729,448,20,2025-11-10,Completed,Central
2730,356,16,2026-06-13,Completed,South
2731,331,2,2025-11-12,Completed,North
2732,494,21,2025-10-10,Pending,East
2733,466,7,2026-01-20,Pending,Central
2734,268,7,2025-08-28,Cancelled,East
2735,495,8,2026-02-08,Completed,East
2736,256,10,2026-07-28,Completed,South
2737,327,6,2025-10-18,Completed,North
2738,487,18,2026-03-27,Completed,West
2739,265,11,2026-01-01,Completed,South
2740,127,12,2025-10-10,Completed,East
2741,453,15,2026-04-09,Completed,Central
2742,254,18,2026-02-09,Completed,Central
2743,489,25,2025-09-13,Completed,West
2744,398,15,2025-09-26,Completed,North
2745,459,23,2026-02-27,Completed,South
2746,251,23,2026-05-27,Cancelled,West
2747,3,19,2026-01-16,Completed,East
2748,8,17,2025-10-25,Completed,North
2749,326,2,2026-03-28,Completed,North
2750,476,6,2026-04-08,Completed,West
2751,14,22,2025-09-12,Completed,Central
2752,1,11,2026-07-22,Completed,South
2753,98,1,2026-01-20,Completed,Central
2754,500,19,2026-05-06,Completed,North
2755,327,18,2025-11-10,Completed,East
2756,336,7,2025-09-11,Completed,North
2757,322,22,2025-08-15,Completed,South
2758,278,3,2025-08-30,Completed,Central
2759,173,17,2025-08-29,Completed,West
2760,12,16,2026-03-11,Pending,North
2761,108,25,2026-05-11,Completed,South
2762,7,1,2025-11-07,Completed,Central
2763,79,9,2026-05-30,Completed,East
2764,459,21,2026-01-22,Cancelled,East
2765,171,15,2025-08-09,Completed,Central
2766,128,9,2026-07-16,Completed,North
2767,423,14,2026-02-11,Completed,South
2768,269,6,2025-09-28,Completed,Central
2769,136,21,2026-04-12,Completed,West
2770,62,7,2026-04-07,Completed,East
2771,357,15,2025-08-02,Cancelled,South
2772,213,19,2026-07-30,Completed,Central
2773,359,17,2025-08-16,Completed,West
2774,15,11,2026-04-17,Completed,South
2775,410,18,2025-12-31,Cancelled,Central
2776,18,16,2025-11-13,Completed,South
2777,40,4,2025-09-29,Pending,West
2778,490,2,2026-04-30,Completed,North
2779,107,7,2025-12-08,Completed,North
2780,254,2,2026-07-19,Completed,North
2781,67,21,2025-12-31,Completed,Central
2782,325,25,2026-03-13,Completed,South
2783,371,12,2025-08-03,Completed,West
2784,310,5,2026-02-18,Completed,South
2785,33,17,2026-05-03,Completed,South
2786,367,12,2026-05-28,Completed,South
2787,8,11,2026-02-08,Completed,West
2788,205,8,2026-02-03,Completed,North
2789,379,8,2026-01-18,Completed,East
2790,498,25,2026-01-05,Completed,South
2791,378,20,2026-06-25,Completed,South
2792,230,17,2026-05-11,Completed,South
2793,357,17,2026-06-01,Completed,West
2794,97,1,2026-06-13,Completed,North
2795,469,25,2026-06-03,Completed,Central
2796,233,7,2025-08-29,Completed,South
2797,173,20,2026-02-27,Completed,West
2798,419,2,2025-10-28,Pending,East
2799,95,19,2025-08-03,Completed,East
2800,448,23,2025-12-29,Completed,West
2801,476,8,2026-04-26,Completed,West
2802,328,24,2026-06-15,Completed,West
2803,8,1,2026-05-31,Completed,West
2804,331,13,2026-02-05,Completed,West
2805,57,24,2025-09-18,Completed,East
2806,37,5,2026-03-10,Completed,West
2807,148,25,2026-02-25,Completed,South
2808,341,25,2026-07-31,Completed,East
2809,274,8,2025-12-19,Completed,East
2810,187,6,2025-12-09,Completed,West
2811,375,3,2026-04-23,Completed,East
2812,311,21,2025-11-27,Cancelled,North
2813,353,3,2026-01-04,Cancelled,South
2814,434,9,2025-08-23,Completed,East
2815,199,14,2026-04-04,Completed,West
2816,117,12,2026-04-10,Completed,North
2817,477,15,2025-09-06,Completed,South
2818,99,9,2025-12-21,Completed,North
2819,358,16,2026-02-25,Cancelled,East
2820,4,15,2026-06-29,Completed,North
2821,224,24,2025-12-12,Completed,West
2822,121,14,2025-09-02,Completed,North
2823,427,19,2026-06-24,Cancelled,East
2824,259,4,2026-01-27,Completed,Central
2825,157,24,2026-05-24,Completed,Central
2826,326,7,2026-05-26,Completed,North
2827,450,3,2025-11-22,Completed,South
2828,420,9,2026-04-10,Completed,West
2829,253,1,2025-10-19,Completed,South
2830,425,23,2025-10-09,Completed,North
2831,45,1,2026-03-05,Completed,South
2832,330,16,2025-08-17,Completed,East
2833,390,17,2025-12-29,Completed,East
2834,294,24,2026-04-15,Completed,South
2835,48,19,2025-10-15,Completed,Central
2836,212,16,2025-11-26,Completed,North
2837,329,7,2026-04-29,Completed,West
2838,27,23,2025-12-31,Completed,Central
2839,339,23,2026-07-16,Completed,Central
2840,411,1,2025-09-12,Completed,South
2841,25,9,2026-04-03,Completed,East
2842,452,15,2026-04-26,Completed,North
2843,435,6,2025-12-19,Completed,West
2844,33,18,2026-02-06,Completed,Central
2845,328,10,2025-09-03,Completed,South
2846,240,20,2026-07-11,Completed,South
2847,81,7,2026-04-04,Completed,North
2848,210,2,2026-01-19,Completed,West
2849,347,6,2026-05-14,Completed,East
2850,10,23,2025-10-14,Completed,Central
2851,309,25,2025-09-25,Completed,East
2852,71,20,2025-08-15,Completed,South
2853,270,23,2025-10-15,Completed,North
2854,107,7,2025-08-11,Completed,North
2855,333,23,2026-05-08,Completed,West
2856,18,25,2026-03-20,Completed,East
2857,144,3,2025-11-02,Completed,North
2858,280,11,2026-02-07,Completed,South
2859,31,25,2025-12-30,Completed,West
2860,464,22,2025-08-26,Cancelled,West
2861,242,25,2026-06-05,Completed,North
2862,400,5,2026-02-27,Completed,South
2863,496,17,2026-04-08,Completed,West
2864,438,1,2025-11-29,Cancelled,West
2865,140,8,2026-02-12,Completed,South
2866,394,9,2026-02-25,Completed,East
2867,234,7,2026-06-21,Completed,Central
2868,358,21,2026-06-13,Cancelled,Central
2869,339,13,2026-01-23,Completed,Central
2870,234,4,2025-08-08,Completed,North
2871,318,7,2025-08-16,Completed,South
2872,96,6,2025-12-11,Completed,Central
2873,496,1,2025-08-23,Completed,West
2874,166,1,2025-12-11,Pending,South
2875,207,15,2026-06-03,Completed,Central
2876,246,1,2026-05-09,Completed,South
2877,264,22,2025-08-18,Completed,West
2878,60,1,2026-01-06,Cancelled,South
2879,388,3,2025-09-16,Completed,South
2880,390,21,2025-10-23,Completed,Central
2881,262,5,2026-06-11,Completed,South
2882,4,11,2026-04-12,Completed,Central
2883,53,24,2026-04-18,Completed,East
2884,336,21,2026-02-21,Completed,North
2885,325,7,2026-01-27,Completed,Central
2886,101,21,2026-04-22,Completed,West
2887,406,1,2026-07-05,Completed,East
2888,306,16,2026-07-07,Completed,East
2889,50,22,2026-02-26,Completed,South
2890,38,23,2025-09-28,Completed,West
2891,134,5,2026-05-16,Completed,Central
2892,210,19,2026-03-14,Completed,South
2893,474,9,2025-10-31,Completed,North
2894,198,3,2026-07-27,Completed,North
2895,128,23,2025-08-29,Completed,East
2896,158,17,2025-08-16,Completed,North
2897,404,14,2026-05-14,Completed,North
2898,99,13,2025-09-25,Completed,East
2899,497,9,2026-02-07,Completed,North
2900,257,16,2026-04-12,Completed,North
2901,383,24,2025-08-09,Completed,East
2902,500,12,2026-02-01,Completed,East
2903,398,17,2026-07-20,Cancelled,South
2904,172,16,2026-07-24,Completed,South
2905,158,6,2026-03-30,Completed,West
2906,494,12,2025-08-19,Completed,Central
2907,243,20,2025-11-04,Completed,Central
2908,14,2,2026-05-01,Completed,North
2909,478,19,2026-04-10,Completed,South
2910,39,14,2025-09-21,Completed,Central
2911,61,12,2025-08-07,Completed,West
2912,431,10,2025-10-07,Completed,Central
2913,344,1,2026-04-04,Completed,West
2914,134,25,2025-08-21,Completed,South
2915,368,15,2026-07-19,Completed,West
2916,459,8,2025-11-29,Completed,North
2917,172,9,2026-06-16,Completed,West
2918,11,3,2026-06-06,Completed,East
2919,331,21,2025-09-08,Completed,North
2920,158,5,2026-01-26,Completed,East
2921,22,15,2026-03-27,Completed,South
2922,119,15,2025-10-07,Completed,North
2923,319,7,2026-06-22,Completed,North
2924,172,18,2026-03-19,Completed,East
2925,429,12,2025-08-26,Completed,West
2926,406,6,2026-06-15,Completed,East
2927,239,9,2026-06-15,Cancelled,Central
2928,413,7,2025-09-12,Completed,South
2929,187,6,2025-09-15,Completed,West
2930,136,9,2026-02-11,Completed,West
2931,153,22,2026-03-21,Completed,West
2932,17,6,2026-06-08,Completed,West
2933,467,13,2026-03-29,Completed,South
2934,88,22,2025-10-26,Completed,Central
2935,476,13,2025-08-26,Completed,East
2936,468,12,2026-06-10,Completed,Central
2937,437,13,2025-10-19,Completed,West
2938,338,1,2026-01-14,Completed,North
2939,256,19,2025-12-11,Completed,South
2940,380,5,2026-06-13,Completed,South
2941,410,17,2026-06-22,Completed,Central
2942,202,24,2026-05-15,Completed,East
2943,120,5,2026-04-22,Completed,South
2944,341,13,2026-01-05,Completed,North
2945,370,1,2025-12-05,Completed,East
2946,2,15,2025-09-17,Completed,Central
2947,397,14,2026-04-24,Completed,Central
2948,386,19,2026-03-13,Cancelled,Central
2949,380,6,2026-03-02,Completed,East
2950,342,1,2025-09-24,Completed,East
2951,93,5,2025-12-04,Completed,East
2952,431,16,2026-06-22,Pending,North
2953,339,6,2026-06-06,Cancelled,Central
2954,226,3,2025-10-23,Completed,North
2955,346,5,2026-05-25,Completed,Central
2956,372,9,2025-08-19,Completed,North
2957,44,14,2026-03-20,Completed,East
2958,265,14,2025-10-08,Completed,West
2959,52,14,2025-12-10,Completed,South
2960,343,23,2025-08-26,Completed,North
2961,494,8,2025-09-17,Completed,West
2962,352,13,2025-11-16,Completed,South
2963,198,23,2025-09-25,Completed,East
2964,430,4,2026-05-23,Completed,South
2965,183,22,2026-01-10,Completed,West
2966,261,11,2025-10-06,Completed,Central
2967,350,22,2026-04-29,Completed,North
2968,139,8,2025-12-23,Completed,South
2969,100,20,2026-03-04,Cancelled,North
2970,78,17,2025-10-05,Completed,East
2971,130,10,2026-01-19,Completed,West
2972,489,12,2025-11-04,Completed,East
2973,494,22,2026-07-27,Completed,Central
2974,53,12,2026-03-16,Completed,North
2975,72,2,2025-08-17,Completed,East
2976,259,7,2025-09-22,Completed,Central
2977,107,23,2025-09-09,Completed,North
2978,188,21,2026-06-05,Completed,East
2979,344,1,2026-06-27,Completed,Central
2980,455,13,2026-04-04,Completed,North
2981,290,23,2026-03-27,Completed,North
2982,319,22,2025-12-26,Completed,South
2983,116,8,2026-05-31,Cancelled,South
2984,92,23,2025-10-02,Completed,West
2985,58,21,2025-08-08,Completed,East
2986,499,7,2026-07-09,Completed,West
2987,481,17,2026-02-07,Completed,North
2988,391,3,2025-09-02,Pending,Central
2989,230,11,2025-08-04,Completed,North
2990,82,12,2025-08-04,Completed,West
2991,464,6,2025-10-10,Completed,South
2992,372,11,2026-07-27,Completed,Central
2993,255,14,2025-09-05,Completed,East
2994,35,4,2026-05-03,Completed,North
2995,256,20,2026-04-12,Completed,Central
2996,53,14,2026-03-20,Completed,East
2997,398,8,2026-07-12,Completed,Central
2998,307,8,2025-11-20,Completed,South
2999,281,3,2026-01-10,Completed,Central
3000,385,11,2026-04-28,Completed,North
3001,464,10,2026-06-11,Completed,South
3002,427,15,2026-06-05,Completed,East
3003,48,22,2026-05-29,Completed,North
3004,82,16,2026-02-02,Completed,West
3005,436,17,2026-04-27,Completed,North
3006,445,9,2025-09-20,Pending,West
3007,103,7,2025-10-21,Completed,Central
3008,243,20,2025-09-26,Completed,South
3009,396,20,2026-04-07,Completed,Central
3010,417,23,2025-11-15,Completed,North
3011,244,4,2026-02-21,Completed,South
3012,401,21,2026-01-23,Completed,South
3013,485,8,2026-01-09,Completed,West
3014,456,2,2025-11-02,Completed,West
3015,84,25,2026-08-01,Completed,East
3016,90,3,2025-10-08,Completed,West
3017,71,4,2026-03-27,Completed,West
3018,66,4,2026-04-27,Completed,East
3019,452,19,2025-08-16,Completed,South
3020,73,12,2026-03-21,Completed,South
3021,1,9,2025-10-10,Completed,East
3022,153,13,2026-05-07,Completed,Central
3023,317,16,2026-02-12,Completed,South
3024,163,25,2026-03-27,Completed,Central
3025,244,5,2025-09-05,Completed,West
3026,483,22,2026-04-02,Completed,South
3027,286,22,2026-06-18,Cancelled,West
3028,395,25,2026-06-01,Completed,North
3029,309,20,2025-11-26,Completed,North
3030,97,10,2025-12-15,Completed,North
3031,337,17,2026-01-11,Completed,South
3032,222,20,2025-08-03,Completed,East
3033,338,6,2026-03-06,Completed,East
3034,238,16,2025-11-01,Completed,North
3035,242,12,2025-10-15,Completed,North
3036,276,12,2025-09-16,Completed,South
3037,25,6,2026-02-23,Completed,North
3038,437,16,2025-09-08,Completed,North
3039,27,5,2026-03-30,Completed,West
3040,202,11,2025-12-20,Completed,South
3041,474,10,2026-07-03,Completed,South
3042,65,6,2026-05-24,Cancelled,West
3043,134,5,2026-02-27,Completed,West
3044,436,25,2026-02-15,Completed,South
3045,110,21,2025-10-26,Completed,North
3046,288,15,2026-01-29,Completed,West
3047,394,10,2026-05-28,Completed,South
3048,456,15,2026-04-02,Completed,West
3049,37,21,2026-04-15,Completed,South
3050,289,23,2025-10-21,Completed,South
3051,364,19,2025-11-17,Completed,North
3052,37,3,2025-08-22,Completed,South
3053,500,14,2025-10-16,Completed,West
3054,279,1,2025-09-14,Completed,Central
3055,484,20,2026-06-07,Completed,North
3056,466,3,2025-09-28,Completed,East
3057,398,14,2026-04-25,Completed,Central
3058,480,11,2026-06-25,Completed,North
3059,266,22,2026-07-21,Cancelled,East
3060,451,6,2026-02-02,Completed,East
3061,64,22,2026-02-11,Completed,South
3062,213,15,2025-10-09,Completed,West
3063,297,13,2025-10-03,Completed,West
3064,213,10,2026-04-19,Completed,East
3065,432,6,2026-07-26,Cancelled,West
3066,369,1,2025-08-18,Completed,East
3067,284,18,2025-08-22,Pending,South
3068,415,6,2026-04-09,Completed,Central
3069,3,8,2025-12-21,Completed,North
3070,109,3,2025-11-20,Completed,East
3071,451,21,2025-10-22,Completed,West
3072,8,2,2026-01-17,Completed,South
3073,322,7,2025-11-07,Completed,Central
3074,137,6,2025-12-09,Completed,East
3075,371,5,2026-03-29,Completed,East
3076,289,18,2026-06-10,Completed,South
3077,17,24,2026-07-13,Completed,Central
3078,476,24,2026-05-23,Completed,South
3079,441,22,2026-01-24,Completed,East
3080,160,12,2025-08-18,Completed,West
3081,159,10,2025-09-11,Completed,Central
3082,343,17,2026-05-16,Completed,North
3083,478,18,2025-08-22,Completed,West
3084,304,4,2026-07-27,Pending,Central
3085,293,8,2026-02-26,Completed,North
3086,199,24,2025-10-09,Completed,North
3087,379,4,2025-10-02,Completed,South
3088,158,7,2026-06-03,Completed,East
3089,149,4,2025-08-13,Completed,East
3090,377,12,2026-02-06,Completed,West
3091,76,14,2026-02-17,Cancelled,West
3092,434,24,2025-09-16,Completed,East
3093,346,25,2025-08-29,Completed,West
3094,462,17,2026-07-15,Completed,South
3095,66,4,2025-11-01,Completed,North
3096,306,3,2026-05-09,Completed,Central
3097,434,20,2026-01-21,Cancelled,Central
3098,450,5,2026-03-20,Completed,West
3099,274,3,2026-03-15,Completed,South
3100,433,21,2025-12-06,Completed,West
3101,242,9,2026-01-11,Completed,East
3102,107,10,2025-10-18,Completed,Central
3103,329,17,2026-05-19,Completed,North
3104,318,15,2026-04-21,Completed,East
3105,18,24,2026-07-16,Completed,Central
3106,471,16,2025-12-06,Completed,South
3107,185,4,2025-10-30,Cancelled,West
3108,470,20,2026-05-31,Completed,Central
3109,493,24,2025-09-13,Cancelled,West
3110,10,1,2025-12-06,Completed,West
3111,387,6,2025-10-29,Completed,West
3112,173,6,2025-09-09,Completed,East
3113,490,14,2025-11-02,Completed,North
3114,470,17,2026-05-15,Completed,East
3115,446,2,2026-01-09,Completed,East
3116,16,6,2026-07-05,Completed,West
3117,33,10,2025-10-18,Completed,Central
3118,70,16,2025-12-25,Completed,South
3119,141,22,2026-07-14,Completed,East
3120,330,21,2025-10-26,Completed,West
3121,428,25,2025-08-30,Completed,East
3122,293,7,2026-01-31,Completed,West
3123,113,20,2026-03-17,Completed,North
3124,4,7,2026-02-06,Completed,West
3125,383,14,2025-08-23,Completed,Central
3126,355,12,2026-07-13,Completed,East
3127,292,5,2026-01-18,Completed,South
3128,367,17,2025-09-27,Completed,West
3129,284,17,2025-10-24,Completed,West
3130,446,24,2026-07-28,Pending,North
3131,13,13,2026-03-26,Completed,Central
3132,226,15,2026-01-25,Completed,Central
3133,292,8,2025-10-10,Completed,South
3134,121,8,2025-12-30,Completed,Central
3135,315,18,2025-12-25,Completed,North
3136,339,23,2025-09-23,Completed,North
3137,359,19,2026-01-26,Completed,East
3138,240,24,2026-05-08,Completed,Central
3139,317,19,2025-10-16,Completed,North
3140,18,1,2026-04-04,Completed,South
3141,314,16,2025-12-19,Completed,South
3142,255,11,2025-11-14,Completed,West
3143,178,19,2025-10-19,Completed,South
3144,50,10,2025-12-10,Pending,East
3145,7,12,2025-09-20,Completed,North
3146,13,22,2025-08-14,Completed,Central
3147,481,8,2026-04-27,Completed,South
3148,258,12,2026-03-10,Completed,North
3149,77,21,2025-08-25,Completed,Central
3150,319,25,2025-11-18,Cancelled,North
3151,116,1,2025-09-24,Completed,West
3152,321,13,2025-09-14,Completed,North
3153,203,21,2026-06-28,Completed,West
3154,295,7,2026-01-29,Completed,South
3155,64,1,2026-01-27,Completed,East
3156,87,3,2026-01-11,Completed,Central
3157,345,5,2025-10-07,Completed,South
3158,125,4,2026-05-24,Completed,South
3159,79,12,2025-12-13,Completed,Central
3160,191,2,2025-10-26,Completed,East
3161,498,11,2026-07-12,Completed,Central
3162,403,4,2025-11-24,Completed,West
3163,203,13,2026-03-24,Completed,East
3164,118,9,2025-10-01,Cancelled,South
3165,201,4,2026-06-04,Completed,South
3166,323,7,2026-06-06,Completed,South
3167,228,1,2026-04-06,Completed,East
3168,117,25,2026-03-27,Completed,North
3169,158,15,2026-07-19,Completed,West
3170,435,2,2025-10-06,Completed,South
3171,264,14,2026-03-14,Completed,East
3172,342,13,2026-03-04,Completed,North
3173,482,22,2026-06-30,Completed,East
3174,244,14,2025-10-30,Completed,Central
3175,184,11,2025-09-04,Completed,Central
3176,366,6,2026-01-08,Completed,North
3177,12,22,2026-06-30,Completed,North
3178,313,20,2026-02-20,Completed,Central
3179,253,21,2026-02-07,Completed,South
3180,120,12,2026-07-02,Completed,South
3181,407,25,2025-10-25,Completed,Central
3182,195,2,2026-03-19,Completed,Central
3183,359,11,2026-02-01,Completed,South
3184,312,20,2026-06-23,Completed,West
3185,329,25,2026-01-28,Completed,East
3186,267,9,2025-11-18,Completed,West
3187,290,6,2025-08-07,Completed,West
3188,53,6,2026-05-12,Completed,Central
3189,398,22,2026-01-15,Completed,East
3190,317,14,2026-05-14,Pending,Central
3191,482,14,2026-07-06,Completed,Central
3192,55,6,2025-11-05,Completed,West
3193,182,9,2025-11-06,Completed,South
3194,212,24,2025-12-07,Completed,East
3195,202,16,2026-01-17,Completed,West
3196,213,20,2026-03-15,Completed,West
3197,437,11,2025-10-27,Completed,West
3198,169,14,2026-07-14,Completed,Central
3199,254,19,2026-07-28,Completed,Central
3200,494,22,2026-03-19,Completed,North
3201,58,16,2025-09-28,Completed,West
3202,415,18,2026-07-22,Completed,East
3203,432,15,2026-03-12,Completed,West
3204,24,7,2026-07-16,Pending,South
3205,472,21,2025-08-03,Pending,East
3206,497,25,2026-01-11,Completed,Central
3207,335,19,2025-08-19,Completed,East
3208,88,14,2025-08-17,Completed,East
3209,14,18,2026-01-31,Completed,East
3210,359,23,2026-05-13,Completed,East
3211,200,4,2026-05-27,Completed,Central
3212,444,4,2026-02-13,Completed,North
3213,273,13,2025-08-15,Completed,South
3214,93,25,2026-01-14,Completed,North
3215,414,14,2026-02-24,Completed,East
3216,405,23,2026-01-02,Completed,West
3217,160,23,2026-02-04,Completed,North
3218,109,5,2026-06-12,Completed,East
3219,282,8,2026-06-07,Completed,North
3220,476,23,2026-04-29,Completed,North
3221,105,1,2026-06-16,Completed,North
3222,103,14,2025-09-09,Completed,South
3223,247,20,2026-01-24,Completed,East
3224,411,24,2026-02-10,Cancelled,North
3225,379,2,2025-11-03,Completed,Central
3226,235,19,2025-09-03,Completed,North
3227,173,15,2026-03-06,Completed,Central
3228,463,8,2026-05-21,Completed,East
3229,184,3,2025-08-06,Completed,South
3230,408,8,2026-04-28,Completed,West
3231,102,1,2026-05-13,Completed,North
3232,33,7,2026-01-06,Completed,Central
3233,62,10,2025-10-25,Completed,Central
3234,303,14,2025-09-22,Completed,North
3235,145,10,2025-12-19,Completed,South
3236,73,23,2025-11-24,Completed,East
3237,377,11,2025-11-02,Completed,East
3238,221,8,2026-04-10,Completed,North
3239,467,20,2025-09-06,Completed,North
3240,482,11,2025-08-08,Completed,East
3241,493,2,2026-02-04,Completed,South
3242,352,15,2026-04-18,Completed,Central
3243,460,15,2025-11-28,Completed,North
3244,322,18,2025-10-03,Completed,Central
3245,357,10,2026-05-02,Completed,North
3246,215,17,2026-01-27,Completed,East
3247,376,9,2026-07-01,Completed,Central
3248,131,9,2026-03-11,Completed,West
3249,43,8,2026-05-19,Completed,South
3250,225,2,2026-03-16,Completed,Central
3251,476,12,2025-08-11,Completed,South
3252,480,16,2026-01-25,Completed,North
3253,189,19,2026-01-29,Completed,Central
3254,409,21,2026-05-28,Completed,Central
3255,462,19,2025-09-24,Completed,South
3256,428,12,2026-07-07,Completed,North
3257,268,14,2026-05-02,Completed,Central
3258,364,15,2026-01-06,Completed,West
3259,374,3,2025-10-12,Completed,South
3260,221,6,2026-06-04,Completed,Central
3261,443,1,2026-07-06,Completed,Central
3262,225,9,2025-12-23,Completed,South
3263,418,22,2026-04-02,Completed,South
3264,469,8,2026-01-29,Completed,Central
3265,463,8,2026-05-02,Completed,North
3266,341,7,2026-04-04,Completed,West
3267,446,24,2025-08-02,Completed,Central
3268,305,2,2026-07-02,Completed,East
3269,153,9,2026-04-02,Completed,West
3270,230,6,2025-08-29,Completed,South
3271,245,23,2025-12-29,Completed,North
3272,474,9,2026-07-14,Completed,Central
3273,325,10,2026-04-27,Completed,Central
3274,335,20,2025-12-09,Pending,North
3275,399,7,2026-02-24,Completed,North
3276,360,1,2025-08-14,Completed,East
3277,178,8,2025-11-25,Completed,East
3278,316,17,2026-01-14,Completed,Central
3279,19,4,2026-05-21,Completed,South
3280,232,7,2025-11-14,Completed,Central
3281,383,9,2026-04-30,Completed,North
3282,213,13,2026-03-27,Completed,East
3283,98,15,2026-02-28,Completed,East
3284,179,19,2026-03-13,Pending,North
3285,138,9,2026-06-06,Completed,South
3286,23,19,2025-10-21,Completed,North
3287,5,1,2026-06-03,Completed,West
3288,159,14,2026-04-24,Pending,South
3289,491,16,2025-09-02,Completed,East
3290,314,14,2026-03-30,Completed,East
3291,169,15,2026-07-10,Completed,West
3292,346,24,2025-12-10,Completed,East
3293,36,4,2026-05-14,Completed,East
3294,152,11,2026-07-30,Completed,West
3295,356,16,2025-08-23,Completed,South
3296,265,18,2026-02-17,Completed,West
3297,194,21,2026-07-21,Completed,Central
3298,492,1,2026-04-21,Completed,South
3299,68,24,2025-12-21,Completed,Central
3300,218,13,2026-07-12,Completed,North
3301,93,9,2025-08-22,Completed,Central
3302,94,15,2025-09-14,Completed,North
3303,103,5,2025-12-28,Completed,North
3304,478,22,2025-12-21,Completed,North
3305,135,7,2026-01-29,Completed,West
3306,121,9,2026-03-30,Completed,East
3307,19,1,2025-08-17,Completed,North
3308,147,2,2025-12-21,Completed,Central
3309,10,17,2025-12-22,Completed,East
3310,478,21,2025-10-09,Completed,South
3311,166,15,2026-04-10,Completed,West
3312,20,3,2026-03-07,Completed,South
3313,424,19,2026-05-02,Completed,West
3314,259,14,2025-08-28,Completed,North
3315,102,23,2026-03-07,Completed,East
3316,409,19,2026-05-04,Cancelled,South
3317,363,18,2026-05-29,Completed,South
3318,226,24,2025-10-20,Cancelled,West
3319,481,18,2025-09-24,Completed,West
3320,4,8,2025-12-10,Completed,North
3321,271,1,2025-11-02,Completed,North
3322,430,22,2026-02-27,Completed,East
3323,428,25,2025-09-15,Completed,East
3324,192,23,2026-04-11,Completed,South
3325,268,5,2026-02-03,Completed,North
3326,291,6,2026-05-15,Completed,North
3327,223,16,2026-08-01,Completed,Central
3328,128,25,2026-05-21,Completed,South
3329,381,24,2026-03-15,Completed,West
3330,455,1,2026-07-06,Pending,South
3331,263,17,2026-05-01,Completed,North
3332,327,18,2025-10-22,Completed,West
3333,192,24,2026-05-21,Pending,East
3334,400,23,2026-05-18,Pending,South
3335,444,20,2026-05-24,Completed,North
3336,367,20,2025-10-28,Completed,South
3337,481,16,2025-12-04,Cancelled,East
3338,387,10,2025-12-16,Completed,West
3339,212,12,2026-07-16,Completed,West
3340,434,7,2025-11-13,Completed,East
3341,9,22,2026-02-13,Completed,East
3342,105,5,2026-04-23,Completed,North
3343,295,6,2026-01-13,Completed,Central
3344,347,24,2025-11-17,Completed,West
3345,62,4,2025-08-23,Completed,East
3346,350,23,2025-08-26,Completed,West
3347,440,15,2025-12-24,Completed,East
3348,229,22,2025-12-14,Completed,West
3349,250,1,2026-01-24,Completed,East
3350,439,14,2026-02-06,Completed,Central
3351,70,17,2026-02-12,Cancelled,Central
3352,375,2,2026-02-22,Completed,South
3353,386,18,2026-06-20,Completed,East
3354,230,15,2025-09-18,Completed,East
3355,300,5,2026-01-31,Completed,South
3356,264,6,2026-05-04,Pending,Central
3357,133,16,2026-02-24,Completed,North
3358,404,20,2026-04-22,Cancelled,South
3359,247,25,2026-06-18,Completed,North
3360,214,13,2026-02-24,Completed,Central
3361,149,19,2026-07-17,Cancelled,North
3362,177,20,2025-11-23,Completed,South
3363,267,23,2026-01-24,Completed,South
3364,160,22,2026-03-31,Completed,Central
3365,225,22,2025-12-22,Completed,West
3366,174,25,2026-06-08,Completed,Central
3367,57,22,2026-04-20,Completed,Central
3368,174,20,2026-04-28,Completed,North
3369,115,3,2026-06-12,Completed,East
3370,210,8,2026-07-10,Completed,East
3371,178,10,2025-08-27,Completed,Central
3372,500,10,2025-10-14,Completed,Central
3373,391,23,2026-07-14,Completed,West
3374,11,17,2026-07-11,Completed,West
3375,193,12,2026-01-26,Completed,East
3376,371,16,2025-09-04,Completed,East
3377,126,9,2025-09-02,Pending,North
3378,21,21,2025-12-31,Completed,Central
3379,59,3,2026-07-16,Completed,South
3380,162,16,2025-10-10,Completed,East
3381,226,19,2025-11-21,Completed,West
3382,11,11,2025-08-31,Cancelled,East
3383,419,25,2025-09-13,Completed,North
3384,94,1,2025-10-04,Completed,East
3385,143,12,2025-11-17,Completed,West
3386,346,20,2025-09-14,Completed,North
3387,89,14,2026-04-29,Completed,North
3388,43,22,2025-09-28,Completed,South
3389,175,13,2026-02-10,Completed,South
3390,122,8,2025-09-29,Completed,South
3391,50,14,2026-07-07,Completed,Central
3392,241,19,2025-10-20,Completed,East
3393,459,14,2026-02-20,Cancelled,West
3394,228,11,2026-04-02,Completed,Central
3395,99,24,2025-08-10,Cancelled,Central
3396,477,22,2025-11-23,Completed,North
3397,332,2,2026-01-10,Completed,West
3398,70,15,2026-04-24,Completed,Central
3399,306,6,2026-02-28,Completed,East
3400,286,6,2026-07-29,Completed,East
3401,341,13,2025-09-22,Completed,East
3402,226,13,2026-02-02,Completed,North
3403,429,7,2025-12-14,Completed,North
3404,27,23,2026-01-12,Completed,South
3405,156,18,2026-01-21,Completed,East
3406,209,6,2026-05-15,Completed,West
3407,118,17,2026-04-09,Pending,East
3408,180,3,2025-08-10,Completed,West
3409,2,3,2025-11-23,Completed,South
3410,66,2,2025-10-14,Completed,South
3411,489,10,2025-08-26,Completed,West
3412,469,22,2025-08-10,Completed,South
3413,151,19,2026-07-06,Completed,Central
3414,298,8,2026-06-09,Completed,West
3415,178,12,2025-10-31,Pending,South
3416,146,12,2026-06-22,Completed,Central
3417,287,17,2026-02-19,Completed,Central
3418,16,13,2026-04-09,Cancelled,South
3419,392,4,2025-12-10,Completed,South
3420,309,15,2026-01-08,Completed,Central
3421,325,2,2026-03-14,Completed,East
3422,313,19,2025-12-13,Completed,North
3423,8,10,2026-04-13,Completed,South
3424,155,5,2026-04-09,Completed,West
3425,204,3,2026-06-03,Completed,West
3426,450,5,2025-12-06,Completed,West
3427,63,3,2026-02-06,Completed,Central
3428,293,22,2026-03-20,Completed,North
3429,42,21,2026-04-17,Completed,West
3430,356,18,2026-04-29,Completed,West
3431,403,12,2026-02-23,Completed,South
3432,472,1,2026-06-24,Completed,South
3433,376,9,2026-03-03,Completed,West
3434,24,5,2026-01-21,Completed,North
3435,252,21,2026-01-26,Completed,North
3436,324,11,2025-11-28,Completed,South
3437,105,11,2026-03-10,Completed,South
3438,344,6,2025-09-22,Completed,South
3439,228,3,2026-07-16,Completed,North
3440,465,4,2026-06-04,Completed,West
3441,245,1,2025-11-29,Completed,Central
3442,90,22,2025-10-07,Completed,West
3443,26,25,2026-06-04,Completed,North
3444,250,8,2025-11-10,Completed,West
3445,497,19,2025-10-29,Completed,Central
3446,149,22,2026-02-06,Completed,North
3447,181,6,2025-12-24,Completed,South
3448,436,24,2025-11-21,Completed,West
3449,236,10,2026-05-27,Completed,North
3450,252,17,2026-06-26,Completed,North
3451,415,7,2025-08-20,Completed,North
3452,499,24,2025-09-28,Completed,Central
3453,448,19,2025-12-17,Completed,West
3454,236,18,2025-11-20,Cancelled,North
3455,140,9,2026-01-26,Completed,Central
3456,68,6,2025-10-05,Cancelled,South
3457,197,8,2026-03-30,Completed,West
3458,315,13,2026-07-26,Completed,Central
3459,7,1,2025-10-03,Completed,West
3460,429,17,2026-05-05,Completed,South
3461,29,24,2026-02-25,Completed,South
3462,347,24,2025-11-20,Cancelled,North
3463,499,18,2025-10-11,Completed,West
3464,395,16,2025-10-09,Completed,North
3465,312,7,2026-06-23,Completed,South
3466,131,1,2026-05-04,Completed,East
3467,24,19,2026-04-28,Completed,Central
3468,204,22,2026-07-19,Completed,West
3469,58,10,2026-04-17,Completed,West
3470,52,18,2026-06-06,Completed,North
3471,207,18,2025-09-30,Completed,East
3472,312,20,2025-10-03,Completed,East
3473,347,25,2025-11-02,Completed,East
3474,42,14,2025-09-16,Completed,West
3475,439,2,2025-08-17,Completed,South
3476,305,3,2025-12-02,Completed,East
3477,250,25,2026-03-13,Completed,Central
3478,434,9,2025-09-20,Completed,North
3479,496,2,2026-01-20,Completed,East
3480,243,19,2025-11-11,Completed,Central
3481,328,15,2025-12-23,Completed,East
3482,476,6,2025-10-12,Completed,East
3483,290,18,2025-10-20,Completed,East
3484,14,2,2026-03-08,Completed,West
3485,411,8,2026-05-03,Completed,East
3486,85,17,2025-08-15,Completed,West
3487,78,18,2026-04-17,Completed,North
3488,435,3,2025-12-03,Completed,Central
3489,83,12,2025-12-13,Completed,South
3490,189,7,2025-09-28,Completed,Central
3491,25,25,2025-12-24,Completed,North
3492,281,25,2026-01-23,Completed,South
3493,53,16,2026-02-27,Completed,North
3494,471,7,2025-10-04,Completed,South
3495,367,19,2026-02-25,Completed,South
3496,441,10,2025-11-27,Completed,Central
3497,324,15,2025-09-18,Completed,West
3498,490,4,2026-07-25,Completed,West
3499,42,2,2025-08-11,Completed,Central
3500,483,11,2026-01-06,Cancelled,Central
3501,111,23,2026-07-29,Completed,North
3502,326,5,2026-02-11,Completed,West
3503,4,22,2026-05-27,Completed,West
3504,402,7,2025-09-27,Completed,West
3505,486,1,2026-01-26,Completed,Central
3506,54,2,2026-07-28,Completed,North
3507,391,2,2025-12-04,Completed,Central
3508,226,13,2025-10-01,Completed,East
3509,391,6,2025-08-03,Completed,North
3510,500,9,2026-05-15,Completed,North
3511,471,16,2026-03-02,Completed,South
3512,74,15,2026-02-15,Pending,East
3513,347,23,2025-12-08,Completed,South
3514,51,23,2026-04-10,Cancelled,East
3515,312,1,2026-05-02,Completed,Central
3516,422,3,2025-11-24,Completed,Central
3517,328,3,2026-02-02,Completed,West
3518,171,25,2026-07-15,Completed,Central
3519,68,22,2025-11-22,Completed,North
3520,481,6,2026-05-21,Completed,South
3521,410,7,2026-03-12,Completed,North
3522,395,3,2026-04-17,Completed,West
3523,254,18,2025-09-28,Completed,East
3524,184,10,2026-06-08,Completed,Central
3525,333,18,2026-03-09,Completed,Central
3526,226,25,2026-05-11,Completed,East
3527,385,24,2026-07-20,Completed,East
3528,99,1,2026-07-26,Completed,East
3529,437,15,2026-01-20,Pending,Central
3530,434,25,2025-12-11,Completed,South
3531,131,16,2026-04-26,Completed,West
3532,352,23,2025-09-14,Completed,South
3533,246,21,2026-05-13,Completed,East
3534,123,18,2026-02-04,Completed,West
3535,156,20,2026-07-17,Completed,West
3536,113,23,2025-08-17,Completed,East
3537,108,3,2025-09-25,Completed,Central
3538,133,22,2026-04-22,Completed,East
3539,134,12,2026-03-03,Completed,Central
3540,206,2,2025-09-16,Completed,West
3541,50,10,2025-11-29,Completed,Central
3542,337,6,2025-08-11,Completed,South
3543,316,9,2026-01-04,Completed,Central
3544,285,22,2026-03-29,Completed,North
3545,160,5,2026-06-24,Completed,East
3546,434,17,2025-10-26,Completed,South
3547,62,5,2026-01-22,Completed,East
3548,352,15,2025-12-18,Completed,South
3549,276,23,2025-09-06,Completed,Central
3550,139,23,2025-12-06,Completed,North
3551,222,6,2025-08-23,Completed,West
3552,258,11,2026-03-26,Cancelled,West
3553,402,18,2026-04-08,Pending,East
3554,451,18,2025-10-16,Completed,West
3555,173,10,2026-03-16,Completed,West
3556,338,5,2026-02-22,Completed,North
3557,155,21,2025-10-27,Completed,South
3558,317,5,2026-06-01,Completed,South
3559,243,9,2026-07-31,Completed,East
3560,41,3,2026-05-26,Completed,Central
3561,76,25,2025-11-17,Completed,North
3562,32,10,2025-10-17,Completed,North
3563,297,6,2025-08-10,Cancelled,North
3564,333,5,2025-09-03,Completed,North
3565,471,1,2026-02-27,Completed,South
3566,129,5,2026-06-27,Completed,East
3567,260,22,2026-01-21,Completed,Central
3568,304,15,2026-04-21,Completed,South
3569,404,14,2026-04-19,Completed,North
3570,270,24,2025-09-04,Completed,Central
3571,430,11,2026-02-16,Completed,South
3572,312,14,2026-01-02,Completed,East
3573,260,10,2025-10-16,Completed,North
3574,348,7,2026-02-08,Completed,North
3575,412,1,2025-12-03,Completed,East
3576,415,23,2026-03-24,Completed,North
3577,119,2,2026-03-24,Completed,South
3578,65,20,2026-02-16,Completed,Central
3579,397,8,2025-08-23,Cancelled,South
3580,273,1,2026-07-20,Completed,East
3581,350,12,2026-04-17,Completed,West
3582,412,24,2025-12-20,Completed,West
3583,114,21,2026-01-03,Completed,West
3584,479,22,2025-09-28,Completed,North
3585,117,11,2026-05-07,Completed,South
3586,7,22,2026-06-29,Completed,East
3587,482,23,2026-01-15,Completed,West
3588,3,12,2025-12-23,Completed,East
3589,288,17,2025-12-29,Completed,Central
3590,474,1,2025-12-24,Completed,South
3591,330,10,2025-08-06,Completed,East
3592,37,14,2025-11-20,Completed,East
3593,246,11,2025-12-13,Completed,Central
3594,168,22,2025-12-16,Completed,North
3595,444,6,2025-11-29,Completed,South
3596,15,6,2026-01-22,Completed,Central
3597,383,22,2026-07-07,Completed,Central
3598,397,9,2026-03-07,Completed,Central
3599,242,2,2025-09-05,Completed,East
3600,462,9,2025-10-24,Completed,East
3601,29,24,2026-05-11,Cancelled,Central
3602,432,6,2026-07-12,Completed,West
3603,104,12,2026-01-21,Completed,South
3604,106,1,2026-05-16,Completed,Central
3605,309,7,2026-01-10,Completed,South
3606,300,7,2026-06-10,Cancelled,Central
3607,167,10,2026-01-20,Completed,West
3608,81,14,2025-11-22,Completed,South
3609,92,1,2025-10-04,Completed,South
3610,26,25,2026-06-10,Completed,North
3611,215,8,2026-05-11,Completed,North
3612,211,17,2026-07-16,Completed,North
3613,398,21,2026-01-13,Completed,West
3614,294,5,2026-05-11,Completed,West
3615,489,17,2026-07-16,Completed,Central
3616,458,21,2026-01-09,Completed,West
3617,2,5,2025-09-25,Completed,South
3618,272,7,2026-06-22,Completed,South
3619,40,15,2026-03-18,Completed,Central
3620,154,15,2026-03-22,Completed,Central
3621,368,20,2025-09-04,Cancelled,North
3622,230,19,2025-09-26,Completed,West
3623,85,9,2025-10-21,Completed,West
3624,97,19,2025-11-27,Completed,East
3625,91,14,2026-02-02,Completed,Central
3626,355,7,2026-07-04,Completed,East
3627,482,17,2026-02-22,Completed,West
3628,338,14,2025-12-10,Completed,Central
3629,236,16,2025-08-27,Completed,East
3630,444,1,2026-07-30,Cancelled,East
3631,483,7,2026-03-19,Cancelled,North
3632,35,20,2026-05-22,Completed,South
3633,250,8,2025-12-25,Completed,North
3634,116,5,2025-09-05,Completed,West
3635,357,23,2025-08-04,Pending,West
3636,201,19,2026-01-08,Completed,East
3637,104,2,2026-04-07,Completed,North
3638,190,4,2026-07-23,Completed,South
3639,69,17,2025-11-16,Pending,West
3640,64,4,2026-01-09,Completed,Central
3641,172,13,2025-10-08,Completed,Central
3642,109,18,2026-03-05,Completed,East
3643,454,11,2026-01-28,Completed,North
3644,388,2,2026-05-04,Completed,Central
3645,497,19,2026-03-10,Completed,West
3646,158,4,2026-05-22,Cancelled,West
3647,288,17,2026-07-23,Completed,North
3648,472,11,2025-09-24,Completed,East
3649,53,8,2025-10-18,Completed,Central
3650,92,22,2025-10-13,Completed,East
3651,173,12,2026-06-21,Completed,Central
3652,271,14,2025-12-28,Completed,West
3653,1,23,2025-11-22,Completed,North
3654,15,17,2026-03-05,Completed,South
3655,119,5,2026-02-08,Cancelled,West
3656,474,12,2025-08-18,Completed,Central
3657,443,13,2026-06-17,Completed,West
3658,148,5,2026-06-18,Completed,South
3659,470,12,2025-11-27,Completed,South
3660,115,16,2026-06-22,Completed,South
3661,219,4,2026-03-17,Completed,Central
3662,438,2,2025-11-28,Completed,North
3663,16,13,2026-02-09,Completed,North
3664,94,1,2026-03-07,Completed,East
3665,71,1,2026-05-16,Completed,South
3666,416,16,2026-01-28,Completed,West
3667,174,2,2025-10-28,Completed,East
3668,392,14,2025-08-12,Completed,Central
3669,134,7,2026-06-05,Completed,Central
3670,482,23,2025-08-02,Completed,North
3671,437,4,2025-09-30,Completed,East
3672,359,10,2025-11-12,Completed,East
3673,496,3,2025-11-26,Completed,East
3674,472,1,2026-04-07,Pending,East
3675,278,24,2026-06-21,Completed,Central
3676,104,1,2026-04-06,Completed,Central
3677,203,12,2026-02-01,Completed,East
3678,217,18,2025-09-19,Completed,South
3679,416,24,2026-04-12,Completed,North
3680,207,7,2026-04-17,Completed,West
3681,298,14,2026-07-14,Pending,Central
3682,162,14,2025-11-21,Completed,East
3683,404,6,2026-01-11,Completed,Central
3684,90,10,2025-10-10,Completed,Central
3685,217,15,2026-02-09,Pending,West
3686,240,1,2026-07-20,Completed,Central
3687,183,10,2026-04-26,Completed,West
3688,180,2,2026-04-09,Completed,West
3689,26,2,2025-11-05,Completed,West
3690,178,24,2025-08-13,Cancelled,West
3691,220,14,2025-09-17,Pending,North
3692,381,22,2026-05-25,Completed,West
3693,116,14,2025-11-17,Completed,South
3694,100,10,2026-02-09,Completed,East
3695,46,20,2025-08-27,Completed,South
3696,258,23,2026-03-22,Pending,West
3697,447,23,2026-05-18,Completed,North
3698,429,6,2025-12-20,Completed,Central
3699,56,6,2026-03-15,Completed,East
3700,368,24,2026-02-04,Completed,North
3701,179,11,2026-03-09,Completed,South
3702,57,7,2026-01-18,Completed,Central
3703,187,19,2026-07-05,Completed,East
3704,316,18,2025-11-10,Completed,North
3705,117,16,2026-04-02,Completed,West
3706,354,16,2026-04-25,Completed,North
3707,106,1,2026-02-02,Completed,South
3708,421,8,2026-04-28,Completed,West
3709,92,17,2026-06-15,Cancelled,North
3710,368,15,2025-09-17,Completed,Central
3711,333,9,2025-12-24,Completed,East
3712,489,12,2026-02-17,Cancelled,North
3713,42,11,2026-05-13,Completed,Central
3714,275,8,2026-03-13,Completed,East
3715,267,19,2025-08-08,Completed,East
3716,143,11,2026-06-26,Completed,West
3717,13,13,2025-11-10,Completed,Central
3718,468,21,2025-10-04,Completed,West
3719,107,11,2026-03-15,Cancelled,East
3720,476,16,2025-08-24,Completed,South
3721,476,12,2025-09-27,Completed,Central
3722,157,1,2025-12-04,Completed,Central
3723,291,18,2026-01-28,Completed,South
3724,104,18,2026-07-09,Completed,West
3725,382,3,2026-04-28,Completed,North
3726,467,8,2025-09-23,Completed,North
3727,456,4,2025-12-18,Completed,South
3728,359,11,2025-10-04,Completed,West
3729,267,3,2025-08-22,Completed,Central
3730,173,24,2025-11-15,Completed,West
3731,22,8,2025-12-20,Completed,North
3732,146,21,2026-01-11,Completed,North
3733,56,3,2026-04-06,Completed,South
3734,156,13,2026-07-22,Completed,West
3735,492,8,2025-12-18,Completed,East
3736,465,25,2025-08-20,Completed,North
3737,198,19,2025-11-22,Completed,East
3738,42,25,2025-11-23,Completed,Central
3739,56,15,2026-02-23,Completed,North
3740,44,22,2026-04-07,Completed,East
3741,239,9,2026-07-31,Completed,Central
3742,123,18,2025-08-31,Completed,East
3743,26,19,2026-02-17,Completed,South
3744,140,12,2025-10-16,Completed,South
3745,444,9,2026-05-26,Completed,Central
3746,135,21,2026-04-02,Completed,North
3747,153,25,2025-10-12,Completed,East
3748,370,19,2026-05-25,Completed,East
3749,114,7,2025-09-07,Completed,South
3750,285,4,2026-03-22,Completed,North
3751,373,18,2026-05-21,Completed,West
3752,49,19,2025-10-05,Completed,West
3753,340,6,2026-03-01,Completed,East
3754,449,10,2025-12-05,Completed,South
3755,119,22,2026-07-06,Completed,Central
3756,442,13,2025-12-02,Completed,West
3757,187,12,2026-06-19,Completed,Central
3758,480,3,2026-06-26,Completed,West
3759,324,6,2026-04-25,Completed,Central
3760,251,25,2026-06-08,Cancelled,North
3761,16,1,2025-11-26,Completed,North
3762,69,12,2025-11-15,Completed,West
3763,29,22,2026-04-25,Pending,West
3764,343,17,2026-04-30,Completed,North
3765,267,16,2026-04-26,Completed,Central
3766,280,12,2025-12-20,Completed,East
3767,134,16,2025-09-08,Completed,East
3768,300,12,2026-02-25,Completed,South
3769,295,22,2026-03-15,Completed,North
3770,247,7,2025-12-16,Completed,East
3771,184,15,2026-06-17,Completed,East
3772,272,3,2025-09-26,Completed,North
3773,79,3,2025-08-07,Completed,North
3774,493,23,2025-09-24,Completed,North
3775,138,1,2026-02-19,Completed,South
3776,394,6,2025-11-19,Completed,West
3777,441,21,2025-12-24,Completed,Central
3778,452,11,2026-05-31,Completed,Central
3779,314,10,2026-02-06,Completed,East
3780,205,17,2026-01-09,Completed,North
3781,52,23,2025-12-12,Completed,East
3782,495,8,2026-07-25,Completed,West
3783,375,15,2026-07-21,Cancelled,North
3784,439,1,2025-10-04,Completed,East
3785,131,12,2025-09-10,Cancelled,Central
3786,72,19,2025-10-25,Completed,West
3787,486,7,2025-10-01,Completed,Central
3788,250,1,2026-02-13,Cancelled,West
3789,242,21,2025-10-26,Completed,North
3790,438,4,2026-06-20,Completed,East
3791,50,20,2025-10-14,Completed,Central
3792,478,23,2026-06-06,Completed,West
3793,327,9,2026-07-16,Completed,North
3794,379,4,2026-03-06,Completed,West
3795,288,9,2026-03-28,Completed,North
3796,224,17,2026-04-26,Completed,Central
3797,159,9,2026-06-20,Completed,South
3798,143,1,2026-02-22,Completed,North
3799,136,5,2026-06-26,Completed,West
3800,436,17,2026-02-24,Completed,South
3801,253,12,2026-05-05,Completed,West
3802,402,24,2026-03-04,Cancelled,South
3803,325,5,2026-05-01,Completed,North
3804,162,20,2026-05-22,Completed,East
3805,99,14,2026-06-09,Completed,East
3806,17,2,2025-09-15,Completed,Central
3807,166,9,2026-01-11,Completed,West
3808,483,7,2026-01-27,Completed,North
3809,315,24,2026-07-23,Completed,South
3810,45,4,2025-08-31,Completed,South
3811,336,14,2025-09-16,Completed,Central
3812,8,6,2026-06-16,Completed,Central
3813,167,21,2025-09-21,Completed,West
3814,499,6,2026-07-26,Completed,Central
3815,40,10,2025-08-08,Completed,South
3816,104,22,2026-02-04,Completed,South
3817,2,15,2025-12-15,Completed,Central
3818,349,11,2025-12-01,Completed,North
3819,354,17,2026-04-27,Completed,Central
3820,88,17,2025-12-20,Cancelled,Central
3821,151,2,2025-09-24,Completed,West
3822,173,16,2026-06-15,Pending,South
3823,217,7,2026-01-20,Completed,South
3824,185,19,2026-07-13,Completed,Central
3825,267,5,2026-03-22,Completed,Central
3826,146,10,2026-02-21,Completed,North
3827,91,7,2026-05-25,Completed,West
3828,439,18,2025-12-12,Completed,Central
3829,15,9,2025-10-07,Completed,North
3830,158,15,2026-05-04,Pending,South
3831,336,23,2025-11-28,Completed,West
3832,264,4,2025-08-13,Pending,Central
3833,136,2,2026-05-18,Completed,Central
3834,435,6,2026-06-14,Completed,West
3835,296,4,2025-09-17,Completed,Central
3836,383,7,2025-10-27,Completed,North
3837,221,7,2025-09-20,Completed,East
3838,139,18,2026-06-30,Completed,East
3839,258,9,2026-04-28,Completed,North
3840,94,6,2025-09-26,Completed,West
3841,302,9,2026-04-26,Completed,East
3842,451,9,2025-10-28,Completed,West
3843,33,4,2025-11-29,Cancelled,Central
3844,415,4,2025-09-19,Completed,South
3845,250,25,2025-10-22,Completed,West
3846,142,1,2025-09-21,Completed,East
3847,468,17,2025-09-01,Completed,South
3848,213,24,2026-01-13,Completed,West
3849,437,7,2026-04-27,Completed,West
3850,93,21,2026-05-25,Completed,East
3851,426,17,2026-06-02,Completed,North
3852,346,5,2025-09-14,Completed,North
3853,330,9,2025-09-01,Completed,East
3854,491,3,2025-08-09,Completed,East
3855,328,5,2026-05-29,Completed,East
3856,450,1,2026-02-06,Completed,Central
3857,329,14,2026-05-23,Completed,North
3858,41,25,2026-01-16,Completed,East
3859,21,8,2025-08-18,Pending,West
3860,342,3,2025-10-17,Completed,North
3861,496,17,2025-09-12,Completed,North
3862,472,12,2025-08-14,Completed,West
3863,192,9,2026-06-05,Completed,North
3864,198,17,2026-04-15,Completed,East
3865,352,10,2026-02-17,Completed,North
3866,417,24,2026-03-20,Completed,North
3867,399,12,2025-08-25,Completed,East
3868,49,16,2026-01-31,Completed,South
3869,429,15,2025-09-17,Completed,North
3870,167,14,2026-07-20,Cancelled,South
3871,307,14,2025-11-08,Cancelled,South
3872,354,13,2025-08-18,Completed,West
3873,241,2,2025-08-27,Completed,South
3874,117,1,2025-11-27,Completed,South
3875,201,19,2026-04-18,Completed,South
3876,42,18,2025-08-05,Completed,South
3877,367,5,2026-05-22,Completed,West
3878,34,10,2025-09-08,Completed,West
3879,82,3,2026-06-01,Completed,Central
3880,82,17,2025-09-19,Completed,East
3881,99,16,2026-07-25,Completed,East
3882,444,3,2026-03-23,Completed,South
3883,414,21,2025-10-20,Completed,North
3884,262,6,2026-03-18,Cancelled,East
3885,54,17,2026-07-17,Completed,Central
3886,10,25,2025-10-18,Completed,Central
3887,338,19,2025-10-12,Completed,West
3888,372,25,2026-04-19,Completed,West
3889,345,20,2025-12-16,Completed,Central
3890,347,17,2025-08-13,Completed,South
3891,494,9,2025-09-06,Completed,West
3892,472,16,2025-09-27,Pending,Central
3893,356,20,2026-06-26,Completed,North
3894,180,17,2026-05-18,Completed,South
3895,264,10,2025-11-17,Completed,West
3896,218,12,2026-03-15,Completed,North
3897,397,10,2025-12-15,Completed,West
3898,183,8,2025-12-16,Completed,South
3899,471,3,2025-10-03,Completed,Central
3900,145,14,2026-06-30,Pending,East
3901,89,16,2026-02-12,Completed,East
3902,371,9,2026-06-01,Completed,North
3903,489,24,2026-05-11,Completed,North
3904,392,5,2026-03-28,Completed,South
3905,239,10,2025-11-03,Completed,East
3906,98,14,2026-02-14,Completed,South
3907,470,18,2026-03-11,Cancelled,North
3908,145,5,2025-08-28,Completed,Central
3909,171,15,2025-09-09,Completed,North
3910,399,23,2026-06-16,Completed,Central
3911,464,25,2026-03-14,Completed,South
3912,134,25,2026-05-25,Completed,East
3913,148,17,2025-08-07,Completed,North
3914,347,17,2026-02-23,Completed,North
3915,322,15,2025-10-25,Completed,North
3916,95,5,2026-05-06,Completed,North
3917,31,13,2025-10-15,Completed,Central
3918,154,9,2025-11-19,Completed,North
3919,148,4,2025-10-07,Completed,South
3920,370,25,2026-07-18,Completed,Central
3921,260,4,2026-05-21,Pending,West
3922,174,8,2026-02-26,Pending,North
3923,335,8,2025-08-03,Completed,Central
3924,430,25,2026-05-10,Completed,East
3925,27,3,2025-09-09,Completed,North
3926,97,21,2026-07-26,Completed,South
3927,327,24,2025-10-24,Completed,East
3928,458,5,2026-07-25,Completed,Central
3929,342,7,2026-02-13,Completed,West
3930,224,4,2026-06-28,Completed,North
3931,176,18,2026-05-03,Completed,Central
3932,381,14,2026-02-02,Completed,West
3933,116,7,2025-12-22,Completed,South
3934,5,7,2026-04-30,Completed,East
3935,483,2,2026-03-18,Pending,East
3936,108,3,2025-10-12,Completed,Central
3937,68,6,2026-01-19,Completed,Central
3938,364,10,2026-04-20,Completed,South
3939,471,3,2025-09-12,Pending,East
3940,62,17,2025-10-11,Completed,East
3941,21,3,2026-06-22,Completed,East
3942,108,11,2025-12-17,Pending,South
3943,7,13,2025-12-27,Completed,East
3944,236,19,2026-01-13,Completed,Central
3945,255,20,2025-10-24,Completed,East
3946,245,13,2026-02-17,Completed,East
3947,430,23,2025-10-29,Completed,East
3948,467,21,2026-01-07,Completed,West
3949,284,16,2025-09-14,Completed,Central
3950,469,20,2026-05-24,Completed,South
3951,29,13,2025-12-02,Cancelled,South
3952,342,7,2025-09-19,Completed,West
3953,338,24,2026-01-29,Completed,East
3954,45,15,2025-09-13,Completed,South
3955,9,16,2026-02-19,Completed,South
3956,248,1,2025-09-23,Completed,South
3957,317,18,2026-02-10,Completed,Central
3958,208,21,2026-05-25,Completed,North
3959,100,19,2025-12-20,Completed,North
3960,370,2,2026-05-02,Completed,Central
3961,291,23,2025-11-21,Completed,East
3962,416,7,2026-03-06,Pending,Central
3963,359,12,2026-05-09,Completed,South
3964,46,15,2025-08-17,Completed,South
3965,21,24,2025-09-02,Completed,East
3966,435,14,2025-12-07,Completed,South
3967,46,25,2026-02-09,Completed,East
3968,96,17,2025-09-15,Completed,South
3969,224,15,2025-12-29,Completed,East
3970,209,22,2025-11-20,Completed,North
3971,12,8,2026-01-26,Completed,West
3972,369,20,2026-03-23,Completed,North
3973,38,3,2026-05-14,Completed,West
3974,66,20,2025-12-01,Completed,North
3975,222,9,2026-04-25,Completed,East
3976,388,11,2026-06-24,Completed,Central
3977,398,10,2026-01-21,Completed,Central
3978,361,24,2025-10-28,Completed,East
3979,101,22,2026-03-05,Completed,Central
3980,41,23,2026-01-07,Completed,North
3981,298,4,2025-11-22,Completed,Central
3982,393,17,2026-06-30,Completed,East
3983,367,4,2026-01-15,Completed,West
3984,142,14,2025-10-14,Cancelled,North
3985,120,11,2026-06-30,Completed,West
3986,296,17,2025-08-29,Completed,North
3987,426,18,2026-07-15,Completed,Central
3988,387,16,2026-06-24,Pending,North
3989,197,7,2026-06-09,Completed,Central
3990,73,21,2026-02-02,Completed,West
3991,339,18,2026-08-01,Completed,West
3992,385,17,2026-04-22,Completed,Central
3993,338,10,2025-12-22,Completed,Central
3994,31,25,2025-10-10,Completed,East
3995,244,22,2025-08-06,Completed,East
3996,78,3,2026-04-20,Completed,East
3997,371,2,2026-02-08,Completed,East
3998,248,25,2026-04-20,Completed,Central
3999,432,22,2025-09-11,Completed,West
4000,30,17,2026-01-02,Completed,East
