order_line_id,order_id,product_id,quantity,unit_price
09157df4,1,4,5,39.86
a049aac0,1,144,4,111.39
da328de1,1,98,3,598.38
64648de8,1,127,3,105.14
4de0cc24,1,108,5,409.77
e36bf332,2,118,2,
728de77b,2,102,6,451.88
7be376a9,2,85,8,300.34
526b121f,2,35,5,227.38
791fdf0b,3,82,5,336.54
a0024103,3,148,4,325.19
52ceabc6,3,101,6,149.65
7794967c,4,7,8,588.01
a01d565c,4,75,2,110.22
9924a7fb,5,62,5,663.53
8526c26c,5,97,2,356.16
4d2cc69c,5,150,7,192.44
d637ba20,5,108,9,409.77
4fcd2493,6,28,4,211.7
0d91e578,6,12,10,249.75
76451b29,6,103,6,560.59
88076670,6,3,2,217.43
8eef8841,6,133,9,512.38
be3d6dea,7,129,3,254.73
2b82d63c,7,27,5,304.08
5f7c5644,7,30,3,230.06
b896651b,7,53,9,350.56
5ebc4112,8,12,2,249.75
5e715236,8,28,3,211.7
7ada84e4,8,133,3,512.38
40f6ffa0,8,110,8,431.46
282cf01f,9,51,8,114.5
516e209c,9,55,4,294.55
918bb5bd,9,17,10,312.14
fb272e30,9,48,6,120.58
1937324a,10,100,10,499.43
b3e83363,10,91,8,390.95
73bf1dd3,10,77,10,107.21
c23e7c5e,10,81,2,197.74
7b513fce,11,36,10,583.1
d808f582,11,138,3,347.46
f3d23706,12,14,6,613.39
19ed958b,12,50,7,447.11
4c05f194,12,127,7,105.14
c727ce67,13,8,4,62.66
8d72c2c3,13,138,5,347.46
ab420ec8,13,127,9,105.14
82d9ad2f,13,69,9,130.35
25933f13,14,140,4,94.52
098435ad,15,116,5,353.96
99317954,15,113,2,576.51
e11bd2a4,16,110,3,431.46
e5420a87,16,53,1,350.56
45f65235,16,138,3,347.46
994e13c0,16,75,10,110.22
4122fc7c,16,25,3,302.2
a3baac56,17,34,4,457.44
30ecbadd,17,64,7,319.78
1f9ecdb6,17,69,7,130.35
e79896c7,18,95,8,124.61
c1711425,19,92,2,118.2
9a9dbd17,20,73,6,189.8
429d06fc,20,125,6,495.37
b96d6e52,21,113,-8,576.51
e11fafb5,21,52,3,635.0
419421f0,21,71,2,485.03
3d970db5,21,96,3,548.63
34c1fd7f,22,25,1,302.2
6eff380a,22,58,9,
73df0766,23,34,8,457.44
9c7f7a68,24,36,7,583.1
6280a820,25,3,10,217.43
e79c04e4,25,55,3,294.55
3d5163e8,26,32,10,505.23
371b1b26,27,64,9,319.78
5b749d89,27,73,1,189.8
8a548865,28,101,5,149.65
53f8ec54,28,62,8,663.53
60c9f396,28,19,9,
0cb13c1f,28,93,6,85.6
7591b8a6,28,146,7,375.4
01f931e6,29,4,5,39.86
35c23aee,30,107,7,235.92
09869615,30,138,9,347.46
b4f33784,30,80,2,26.66
dea10d36,30,40,9,269.82
abde9027,30,17,5,312.14
64ba88c1,31,30,8,230.06
9d84d74f,32,3,3,217.43
832dc37a,32,133,5,512.38
885f5a6f,33,86,7,79.11
bc2aa487,34,93,1,85.6
0d439023,35,30,4,
3e9e0f56,35,4,4,39.86
90f7398f,35,39,3,547.33
8c747aab,36,107,6,235.92
229262b7,36,96,2,548.63
09f27bdb,36,46,4,35.41
eb56c35a,36,103,2,560.59
1f02e397,37,3,6,217.43
7894ecd8,37,78,10,321.17
8b7c030d,37,127,4,105.14
c66aa3eb,38,7,4,588.01
59850664,38,3,-6,217.43
6079d74b,39,61,7,353.88
3760bf78,39,37,5,659.37
88089f97,39,134,7,411.75
0399ebab,40,35,7,227.38
b52f7579,41,81,7,197.74
a67e9910,41,82,8,336.54
56fab00f,42,43,8,143.8
66d6f937,42,138,6,347.46
7c153b1c,42,79,8,289.74
e0f9acab,42,41,5,135.18
e02eb2b8,42,11,4,175.83
53e8153e,43,132,1,313.92
6331f3a9,43,45,1,25.51
93f51616,44,27,3,304.08
087c50d2,44,57,3,45.96
62b5193b,44,22,10,224.4
0096c2a2,44,20,1,602.66
dda8186a,44,114,3,112.98
b1e1256c,45,13,3,343.78
1af90eca,46,45,6,25.51
15941dc7,46,72,8,232.02
7909183d,46,63,5,158.85
25c14207,46,123,1,476.54
966aca5e,47,5,7,84.34
ff8258b2,47,140,8,94.52
ff811b29,47,83,7,264.39
f516de09,47,57,1,45.96
397f1033,47,15,8,440.74
115b6d1f,48,69,9,130.35
056cf40a,49,91,3,390.95
140f1016,49,92,10,118.2
e51ea8f2,50,127,9,105.14
91b0157f,50,24,1,276.31
da242c00,50,135,-8,156.85
989a3a09,50,52,3,635.0
f9d3676a,50,83,1,264.39
d75f2a9e,51,19,6,385.52
16cf1043,52,41,7,135.18
3447464c,52,82,3,336.54
6fd90881,52,92,4,118.2
69d53beb,53,147,7,355.47
fee2e029,53,146,1,375.4
2318ea9b,53,57,10,45.96
94f89e64,54,43,2,143.8
3d65fc79,55,64,2,319.78
dfbdbbfb,55,1,1,247.17
5894bf8a,55,43,7,143.8
ad42a10c,55,140,7,94.52
2df272c0,56,9,5,306.24
8415e71d,56,27,2,304.08
9e447b09,57,87,10,414.86
d7873680,58,112,3,209.57
74943309,58,49,7,234.47
52d91bc1,58,139,5,562.91
4afc0531,58,25,1,302.2
a5e2c051,59,23,5,131.11
998d4009,60,75,2,110.22
9fe354dd,61,24,9,276.31
9dd7c60c,61,98,6,598.38
9fe7c586,61,113,8,576.51
0cb54dfd,61,145,1,173.53
6ea68bd8,62,59,9,333.45
b7449200,62,134,7,411.75
7600279b,62,122,10,206.63
693e3cfb,63,147,10,355.47
8fb34120,64,33,1,34.52
7fce1b59,64,112,4,209.57
57f1e7d3,65,23,7,131.11
5e32d6e8,65,71,9,485.03
802144d8,65,134,7,411.75
f423ce0c,66,28,10,211.7
ce236204,66,138,6,347.46
756500d7,66,125,10,495.37
188cdc2f,66,71,7,485.03
1748bfd9,66,103,1,560.59
5c75d014,67,96,1,548.63
cea16a11,68,59,3,333.45
e4ee812d,68,83,5,264.39
dab40e9d,68,23,4,131.11
93f6648f,68,105,8,27.25
3c727a8e,69,80,9,26.66
31fd131f,69,135,10,156.85
28dbe3db,69,52,1,635.0
6794b038,69,93,4,85.6
857c3d75,69,130,7,366.73
ba29299f,70,46,8,35.41
261ff2af,70,42,5,217.34
a6b073cd,70,73,1,189.8
5a663679,71,53,5,350.56
1bd49c71,71,3,8,217.43
8ad10c81,72,71,7,485.03
c29b56de,72,118,5,199.93
c4fcf6b2,73,131,6,156.26
ad12afe2,73,73,5,189.8
02039d54,73,87,5,414.86
bd1165a3,73,67,5,144.67
4323f64c,74,36,1,583.1
53fafc4d,74,67,7,144.67
ce8be0ac,74,150,10,192.44
12d779f3,74,57,9,45.96
f9e143dd,74,92,9,118.2
ca9a8d45,75,33,5,34.52
20161626,75,47,6,256.73
d2f83824,76,96,5,548.63
a005bb66,76,31,8,100.15
6ff1b82f,76,149,10,234.87
1504f5fe,77,14,3,613.39
94baee9b,77,105,10,27.25
e5ad27cb,77,37,6,659.37
57dc4745,77,21,8,210.5
09b39bdd,78,54,3,76.52
7eea64af,79,110,7,431.46
32b3e497,80,4,6,39.86
2385ab00,80,5,1,84.34
06916b11,80,89,5,164.35
80934150,80,79,3,289.74
28d6332e,80,75,8,110.22
ca49abf0,81,92,4,118.2
c51657af,81,104,1,112.88
10702ac7,82,32,6,505.23
b0252d7e,83,13,10,343.78
64c629ae,83,6,1,94.32
a9ae1a57,83,98,2,598.38
f8fe6c7f,84,134,5,411.75
b43acf7a,85,73,2,189.8
b3ad58d5,85,52,5,635.0
d184b193,85,92,7,118.2
57e98915,85,128,4,248.41
d92d0eaa,85,61,1,353.88
03fc2ab7,86,131,2,156.26
5c738a3d,86,66,4,41.73
ee2b0df3,86,68,8,25.46
05f2e955,86,11,5,175.83
b8bbc172,87,3,3,217.43
20d09fc3,88,96,6,548.63
a0047881,88,117,5,143.81
1d26a39c,88,123,7,476.54
007137d6,88,29,3,489.96
ec9d2cd3,88,41,2,135.18
e52606b2,89,92,10,118.2
d2f4f96d,89,34,8,457.44
639226e5,89,106,8,13.38
a471e04f,89,81,1,197.74
0ac46ec3,90,87,9,414.86
0d4b36fe,90,25,7,302.2
a10ad8d6,90,89,7,164.35
f397f653,90,14,1,613.39
da1c59dd,90,121,8,563.05
482de3ee,91,13,9,343.78
bff799bd,91,104,4,112.88
11871e3b,92,81,2,197.74
5ff440ee,93,141,1,350.19
e87946bb,93,78,9,321.17
9748b6da,93,117,6,143.81
579b1544,93,58,8,504.47
500c2fb1,94,25,-4,302.2
1344707d,94,75,9,110.22
42624fe9,94,12,3,249.75
a1284a8c,95,51,4,114.5
06a883b8,95,56,8,237.91
161586d4,95,87,2,414.86
0ba3031a,95,32,8,505.23
f9ccd449,96,142,7,409.18
7df4604d,96,131,3,156.26
3599ecbc,96,33,2,34.52
53c5c58d,96,83,9,264.39
a68545d7,97,76,8,272.25
0d8a11d9,97,132,5,313.92
ece7c729,98,54,10,76.52
fe3fda10,98,34,3,457.44
07117521,98,83,2,264.39
557e9b34,98,150,10,192.44
6cf690ea,98,137,5,514.29
c0302673,99,14,1,613.39
cec3d42e,100,76,4,272.25
2adf8e86,100,116,2,353.96
137d48a4,100,144,4,111.39
44e38844,101,98,7,598.38
d834b519,101,81,9,197.74
834c2e63,101,52,10,635.0
d5641951,102,51,4,114.5
a5f114ac,102,20,3,602.66
89f0c5a6,102,31,7,100.15
c8158056,103,2,6,616.23
78ace21d,103,11,3,175.83
13c6a073,104,126,10,63.86
7980b64f,104,82,9,336.54
2b3b05ca,104,18,9,172.05
fabef861,104,104,2,112.88
158424be,104,85,6,300.34
47800b78,105,3,2,217.43
7db72b70,105,63,1,158.85
245e2728,105,30,7,230.06
c3be17c3,105,7,9,588.01
51f9dc3c,105,131,8,156.26
f312bdd9,106,43,9,143.8
1db558ce,106,54,4,76.52
2e7285b2,106,27,4,304.08
29bd80af,107,40,1,269.82
24eae483,107,23,2,131.11
f69fcbd4,107,143,2,485.74
294e6957,107,67,7,144.67
c0201083,108,137,1,514.29
00105f0a,109,92,9,118.2
8b28a06d,109,78,10,321.17
b9058329,109,113,7,576.51
b129016f,109,122,3,206.63
38d5bb64,109,101,9,149.65
c575dfb6,110,142,9,409.18
e070b74a,110,147,10,355.47
000bf338,110,22,5,224.4
b2007925,111,37,3,659.37
357ecef1,111,65,4,82.75
73cfb13a,112,19,5,385.52
243552cc,112,51,10,114.5
3eeb1783,112,33,4,34.52
c933548e,112,50,6,447.11
4ff83bef,112,79,10,289.74
b70285ae,113,64,4,319.78
cdba9346,113,71,6,485.03
e73fa1ef,113,123,8,476.54
27364775,113,125,9,495.37
7b71c8d0,114,68,2,25.46
52e210bf,114,130,1,366.73
4173f5bc,115,67,9,144.67
6f3d480c,115,39,6,547.33
f127316f,116,131,2,156.26
819f8597,116,62,10,663.53
13e13166,116,36,8,583.1
5d6c6b3d,117,92,1,118.2
94440541,117,17,5,312.14
74bc7ab7,118,12,1,249.75
55678c46,118,134,5,411.75
9f0225f8,118,140,10,94.52
669eda6b,119,58,9,504.47
c46f0839,120,129,3,254.73
7bf99983,120,132,5,313.92
39b1701c,120,93,10,85.6
c324bec0,120,59,7,333.45
7499a99a,121,42,7,217.34
819c7176,121,147,10,355.47
356ee143,121,11,10,175.83
316f28d0,121,47,9,256.73
47caf80b,122,22,4,224.4
055b32d6,123,37,10,659.37
0f98fe18,123,131,5,156.26
e46aa617,124,97,7,
d54f730e,124,134,9,411.75
5e2f68ac,124,25,3,302.2
698a06e7,124,10,9,321.2
70ed1f20,124,124,3,476.13
672b27cd,125,12,9,249.75
31784289,125,124,7,476.13
109100d0,125,148,2,325.19
a09d0fad,125,60,2,341.45
c3780dd2,126,148,9,
2eff67c3,126,53,6,350.56
8ece6006,127,109,10,662.43
04966057,127,102,4,451.88
a5442cff,127,124,3,476.13
58adc148,127,65,5,82.75
0c73a7a8,127,102,3,451.88
f8ee734a,128,26,4,269.03
9617d622,128,141,10,350.19
971fc73d,128,42,7,
9e930ffd,128,24,3,276.31
80e8ff01,129,10,7,321.2
4d5934c8,129,134,5,411.75
47703b3c,129,45,8,25.51
17f2274d,130,131,9,156.26
0db5b581,130,10,6,
3e4312f3,130,41,2,135.18
996cbdb2,131,133,1,512.38
1056501e,131,24,9,276.31
78288c94,131,150,6,192.44
b44e09be,131,58,10,504.47
97c97203,132,130,2,366.73
aaae0223,133,148,5,325.19
959fdaa1,133,145,8,173.53
8f8032d2,133,118,8,199.93
483c0c58,133,124,2,476.13
9dc3eaff,133,57,4,45.96
e1f2b332,134,64,5,319.78
c3eac1dd,134,88,2,366.29
c7536a18,134,81,6,197.74
3038a8d7,134,47,4,256.73
c51de079,134,62,5,663.53
88a34ea2,135,31,2,100.15
001141bb,135,2,9,616.23
08d3c0e6,135,96,10,548.63
c5181145,136,72,7,232.02
82255c25,136,14,9,613.39
40e28b3c,136,139,1,562.91
841d828d,137,133,8,
092f5a50,137,54,7,76.52
dc5fe727,138,69,8,130.35
6593bc2e,138,48,8,120.58
20a94f47,139,116,3,353.96
33f1c65a,139,59,2,333.45
d85c5ee0,139,143,7,485.74
296eabba,140,46,7,35.41
971df71e,140,133,9,512.38
5c7593a5,141,102,2,451.88
a77006ed,141,66,8,41.73
5fdca8d7,141,86,5,79.11
4920443a,141,66,6,41.73
03eb448c,141,51,10,114.5
ca935c5e,142,125,8,495.37
415dcf79,142,74,8,309.82
fc75db2a,142,43,6,143.8
7ad7f789,143,81,6,197.74
c42c67cb,144,93,10,85.6
d3741966,144,43,3,143.8
16645c27,144,61,5,353.88
5bdf5338,144,21,4,210.5
64c9db9e,145,135,2,156.85
720f00cc,145,22,7,224.4
052b2b53,145,73,8,189.8
d180a1d4,145,44,1,595.46
4e6d2a64,145,84,8,230.04
41a346d8,146,46,10,35.41
050ae08f,146,145,7,173.53
5c3eb7a3,146,80,6,26.66
8346b6d7,146,23,8,131.11
b024d4a0,146,40,5,269.82
7d99599a,147,3,8,217.43
64640259,147,3,7,217.43
3f2e8f8c,147,2,9,616.23
5cf3d742,148,97,4,356.16
57faccba,148,62,9,663.53
d197b310,148,70,5,205.03
7b29224b,148,69,7,130.35
27571725,149,116,5,353.96
98c50515,150,6,3,94.32
8b90bf6c,150,33,8,34.52
1843b09e,151,80,8,26.66
90f63dc6,151,9,6,306.24
77708c34,151,38,1,323.52
5a072b4e,151,140,8,94.52
7e8154ff,152,99,8,155.1
89fb0c1b,153,122,7,206.63
52e531c9,154,134,2,411.75
50c76fa0,155,29,4,489.96
49b9d475,156,3,1,217.43
b8119af1,156,40,6,269.82
5f9ec1a8,156,128,2,248.41
d28a22ce,156,16,1,112.75
cbb49cd2,156,138,2,347.46
e613919b,157,50,1,447.11
dd79f3cf,157,35,5,227.38
114871ea,157,113,9,576.51
ce17603a,158,120,5,32.84
f9905b1f,158,142,3,409.18
b0a9a722,159,130,7,366.73
6836f5b6,159,94,10,266.93
ba2e437e,159,138,7,347.46
e2386b83,159,142,3,409.18
6bbbacc4,159,83,2,264.39
448016c4,160,28,8,211.7
caa9a63a,160,100,8,499.43
b4d04c48,161,4,4,39.86
3764532a,161,21,8,210.5
14566ec6,161,143,7,485.74
eea808b2,162,78,2,321.17
603f9f3f,162,25,2,302.2
a01f3ac4,162,49,4,234.47
f462d0a7,163,28,10,211.7
34d90764,163,110,2,431.46
d33a4c72,163,103,9,560.59
e1c0b8ef,163,114,6,112.98
1e3c10ea,163,84,6,230.04
2568adfa,164,140,4,94.52
6eb015e7,164,66,6,41.73
a002552d,164,102,1,451.88
a7453b60,165,2,5,616.23
3fd4f04d,165,81,1,197.74
d89dc0b9,165,71,9,485.03
2890e51d,165,147,3,355.47
ff515dad,165,40,3,269.82
16712fd9,166,147,7,355.47
5aa73aea,166,20,6,602.66
bf562e2d,166,148,2,325.19
10425baf,167,86,6,79.11
27312f33,167,31,4,100.15
f60ede9f,167,3,7,217.43
e3c1e007,167,82,9,336.54
c270dcac,168,115,10,317.48
7d2b5582,168,111,5,522.96
0f479c52,169,141,7,350.19
548fcdad,169,112,3,209.57
7788ebc7,169,51,8,114.5
6fa137d9,169,144,10,111.39
0c24fe88,170,148,2,325.19
bdc89a5e,170,94,6,266.93
2c94cf85,170,7,5,588.01
41f2cddc,171,60,4,341.45
fc65d49c,171,22,2,224.4
9ee965fa,171,38,5,323.52
e887b79e,171,29,5,489.96
2436d03e,171,54,9,76.52
7bf77153,172,5,7,84.34
3ddaf806,172,12,5,249.75
633b8a92,172,70,1,205.03
132725e1,172,18,7,172.05
8337eb44,172,93,2,85.6
9940b8e1,173,26,6,269.03
6cf9bd9a,173,23,3,131.11
04538a03,174,79,6,289.74
c7d9661e,175,61,9,353.88
eae2f6ff,175,66,7,41.73
6448e2da,175,8,9,62.66
e389b3dc,176,134,10,411.75
8afa15f7,176,107,4,235.92
3858df6e,177,53,3,350.56
a553407b,177,52,3,635.0
38e2e592,177,135,3,156.85
77c32ea0,178,18,9,172.05
efdb73ac,178,48,6,120.58
aa8ac011,178,8,6,62.66
6962dece,178,106,5,13.38
33a223fc,178,71,3,485.03
31af9d22,179,146,10,375.4
a93e1c0c,179,7,6,588.01
cf5f9e41,179,35,9,227.38
99259ee6,179,96,3,548.63
341d4eb6,179,36,3,583.1
74c92ba2,180,52,4,635.0
6ac0561f,180,113,10,576.51
6c20cb65,180,118,4,199.93
10867c37,181,147,10,355.47
28e46fc9,181,10,9,321.2
7d28d2da,181,11,4,175.83
1650f605,181,11,9,175.83
f50b5bee,182,78,5,321.17
b8f23d60,182,14,9,613.39
1870a261,183,47,10,256.73
05eded0b,184,46,8,35.41
858683e9,184,52,8,635.0
e301519f,184,42,2,217.34
42cb4526,184,93,2,85.6
74b92a23,185,141,7,350.19
cd210539,185,86,10,79.11
c3838208,185,42,3,217.34
a70210e6,185,108,5,409.77
520b1759,185,115,5,317.48
f49dc211,186,4,8,39.86
57c18492,187,56,10,237.91
a10a16be,187,114,2,
c9521218,187,141,5,350.19
c76117ca,187,54,1,76.52
30448e2f,187,90,1,25.09
5e7a0f2c,188,13,2,343.78
aa42323e,188,73,10,189.8
6f0dd225,188,147,9,355.47
f28513fa,189,83,6,264.39
882e33e2,190,35,2,227.38
500fcd84,190,135,7,156.85
5a6aa085,190,15,2,440.74
dd4e6fc7,190,136,2,276.4
8e3c7f67,190,74,7,309.82
599be3e1,191,145,8,173.53
c36e572b,191,127,3,105.14
2ffe0a99,191,75,-4,110.22
8f14b0a0,191,31,4,100.15
2b8c846f,191,106,1,13.38
d687157d,192,66,2,41.73
45d4da2e,193,88,7,366.29
bcdb85b3,194,123,8,476.54
5f12745e,194,124,3,476.13
a22fc5ae,195,15,9,440.74
d881b562,195,81,9,197.74
a7d49250,195,85,6,300.34
0d511f47,195,8,6,62.66
e898d254,196,30,5,230.06
1874742b,196,9,5,306.24
db4471b9,196,61,6,353.88
d13aeb78,196,56,9,237.91
72848057,196,10,4,321.2
aac4fd33,197,124,9,476.13
8d1dff14,197,26,9,269.03
0853e4aa,197,10,8,321.2
6234fe3a,197,30,1,230.06
9bebbb80,197,23,6,131.11
0de10c7b,198,54,6,76.52
bc8baeba,198,137,6,514.29
ee926b34,198,70,3,205.03
5de6e6df,199,139,6,562.91
a66ff31f,199,73,10,189.8
7592e752,199,87,9,414.86
8b3dfdf2,199,121,1,563.05
137c21de,199,110,7,431.46
2a67fc70,200,86,4,79.11
dc297eb8,200,137,2,514.29
7dad3f17,200,120,10,32.84
f1f00ad9,200,120,2,32.84
dfa2dd4b,201,37,10,659.37
2ada62d1,201,47,6,256.73
38db6e34,201,117,8,143.81
6d682bdd,201,90,8,25.09
104aa415,202,27,7,304.08
d2ad1578,202,84,9,230.04
ba6cafef,202,137,8,514.29
a939e913,202,63,9,158.85
9418b6c5,202,17,6,312.14
79b76bbf,203,61,3,353.88
de0e4f71,203,147,8,355.47
2d752950,203,84,9,230.04
45e3ea3a,203,79,7,289.74
a3102613,203,98,6,598.38
4e640f0a,204,38,3,323.52
76d6e274,204,148,8,325.19
6b6f12ed,205,112,6,209.57
21fc3d86,205,131,7,156.26
da890794,205,16,6,112.75
b2b56c6e,205,1,9,247.17
fbd666a3,205,73,1,189.8
deed8d36,206,98,7,598.38
f88937c6,206,122,3,206.63
6e86e1ea,206,93,7,85.6
0f8552d6,207,37,8,659.37
0eac12c8,207,35,2,227.38
479a53dc,208,47,8,256.73
6eb341fe,208,116,7,353.96
3061d704,208,2,10,616.23
d9afef05,208,129,5,254.73
e241f6d9,208,94,1,266.93
7e0e24ce,209,37,9,659.37
dbca0acb,210,23,4,131.11
fd9e2cbd,210,20,9,602.66
b6550494,210,14,6,
d88e8532,210,117,9,143.81
ce287694,211,75,3,110.22
0dbb8cbb,211,78,10,321.17
948293a6,211,149,3,234.87
746b4734,212,22,3,224.4
047978dc,212,72,5,232.02
6df9e9fb,212,66,1,41.73
2d2bf447,212,39,8,547.33
aa22dbc2,212,61,8,353.88
7b6dae45,213,40,8,269.82
6d510fa7,214,54,10,76.52
4f3ad073,214,68,2,25.46
d49d46b8,214,122,5,206.63
a29cf064,214,137,4,514.29
74fa1595,215,4,5,39.86
c9f94f1a,215,81,9,197.74
3e2bccbc,216,70,6,205.03
7e4676d4,216,66,10,41.73
e069c182,216,62,10,663.53
e809a4c7,217,3,2,217.43
799fa35d,217,27,8,304.08
14179159,218,15,10,440.74
832241f9,219,23,10,131.11
25580102,220,29,3,489.96
e776663d,220,20,8,602.66
6b2fe85e,220,110,6,431.46
5c3f9088,220,71,1,485.03
45de6dd7,220,16,5,112.75
96226674,221,101,3,149.65
279c92b4,221,139,7,562.91
6fb07fb1,221,114,5,112.98
b86b6673,221,147,5,
ee93b6fc,222,69,3,130.35
85bef7b0,223,123,7,476.54
5206231d,223,18,9,172.05
df5fb9f8,223,124,2,476.13
af91b46e,223,92,6,118.2
7dd7652c,223,24,6,276.31
efd7bb9c,224,142,1,409.18
d00b9c67,224,77,7,107.21
fe2d2b0b,224,92,8,118.2
a7be3c12,225,62,8,663.53
32335678,225,79,8,289.74
9f846140,226,11,7,175.83
4cf8794d,227,39,10,547.33
5d5090ae,227,37,8,659.37
471805f1,227,12,4,249.75
008c46d6,227,45,1,25.51
46564115,228,17,2,312.14
3a7208a6,228,57,2,45.96
8f3e7e7b,228,103,6,560.59
697d0d76,228,140,3,94.52
0786236c,228,55,1,294.55
24a5e51e,229,95,9,124.61
c23aeec6,229,149,1,234.87
ee905b59,230,125,-2,495.37
15cbe798,230,23,10,131.11
675f08bc,230,122,3,206.63
d5cee33f,230,134,8,411.75
48ae9bfd,231,23,5,
96d2d2b3,232,93,9,85.6
758debdc,233,29,3,489.96
5491e49a,233,122,8,206.63
347bf81a,234,65,6,82.75
b95f7093,234,117,1,143.81
80a45f3b,234,138,3,347.46
546a7dc7,235,149,6,234.87
8689ab2b,236,59,2,333.45
8547f78c,236,52,7,635.0
20c20937,237,56,10,237.91
7d48fbc6,238,52,6,635.0
3d96dcea,238,16,5,112.75
6f9f014d,239,76,10,272.25
37b4ea14,239,44,10,595.46
79e31ddc,240,122,8,206.63
fdf593d5,240,64,4,319.78
9a2df5bc,240,39,10,547.33
df128eb2,240,12,1,249.75
ebadfaa8,240,130,1,366.73
43ac1b8d,241,22,9,224.4
11989ae2,242,24,1,276.31
5cba5c56,242,118,10,199.93
4ea2e12b,243,48,6,120.58
552c0ff0,243,1,2,247.17
a4f93284,244,139,10,562.91
846e50c6,244,21,10,210.5
6fcd2d0d,244,15,9,440.74
3eb5c106,245,11,6,175.83
f3f7c7d5,246,36,6,583.1
e00ae5a9,246,123,10,476.54
dd1637ce,246,58,6,504.47
7a1a9b3a,246,109,5,662.43
d723f37a,246,116,8,353.96
570c6873,247,75,8,110.22
13a77367,247,17,4,312.14
3d87a624,247,21,7,210.5
30411635,247,20,2,602.66
0f65810c,247,38,8,323.52
8cba0134,248,34,8,457.44
8e61bf72,249,60,9,341.45
ce24caa0,249,88,6,366.29
26f4bba7,249,136,9,276.4
e024fc87,250,124,6,476.13
b9f7507e,250,13,3,343.78
8d118c8b,251,47,3,256.73
2206b9ae,251,40,3,269.82
446cefdd,252,48,4,120.58
9522811e,252,82,6,336.54
ebf78416,253,104,8,112.88
2fec0c8f,253,82,-3,336.54
3a5037a5,253,130,6,366.73
27199899,253,75,10,110.22
1e4247af,253,114,6,112.98
97309daf,254,79,1,289.74
a357b51e,254,115,6,317.48
5ef9e404,255,51,1,114.5
04d16c2e,255,23,9,131.11
0efd5f33,255,131,1,156.26
4a327290,255,38,7,323.52
a9fd1cac,255,73,6,189.8
1a0b2dfe,256,107,8,235.92
e7ca4f6d,257,23,3,131.11
5331dd3f,257,135,6,156.85
e893ca97,257,97,-2,356.16
a91a10f0,257,70,7,205.03
e6952a7d,258,75,9,110.22
3faf90a0,258,78,10,321.17
6022ef83,259,68,5,25.46
b77c4335,260,63,1,158.85
c0beaf29,260,18,10,172.05
84abeb9e,260,145,7,173.53
da147406,261,5,5,84.34
7af66e5a,262,70,6,205.03
385c6788,262,92,1,118.2
c53ff333,263,25,10,302.2
45240b6b,263,81,5,197.74
3061c9ea,263,93,2,85.6
ac90d71d,263,37,1,659.37
2fd06f23,263,125,7,495.37
7ec67d70,264,144,10,111.39
5e048292,264,137,9,514.29
225809a5,265,5,8,84.34
9b20f57a,266,45,5,25.51
4bfd1705,266,57,3,45.96
f1178c23,266,59,5,333.45
ba259d76,266,21,7,210.5
235220ed,266,20,1,602.66
47e797fa,267,16,8,112.75
35ac964e,268,53,10,350.56
59f7f221,269,149,6,234.87
1346b944,270,18,2,172.05
7218060e,270,136,4,276.4
58b8af9c,270,44,-9,595.46
ffc58120,270,55,9,294.55
d91f3cbf,270,48,8,120.58
ce01f612,271,59,7,333.45
769e97cb,271,32,8,505.23
51a66c1d,271,93,5,85.6
474c0bb6,271,84,8,230.04
163a2bec,272,58,9,504.47
452ec398,272,110,4,431.46
666970f1,272,122,6,206.63
2a9282a2,273,22,2,224.4
89c89b6e,274,87,4,414.86
78cf5da9,274,32,4,505.23
155d71d7,275,92,8,118.2
4800ad84,275,125,9,495.37
8a98eb40,275,28,2,211.7
62748edc,275,35,1,227.38
360e9bd6,275,18,8,172.05
2f52767b,276,25,2,302.2
16914531,276,127,8,105.14
62133666,276,126,9,63.86
ab0a4401,277,111,2,522.96
9d421217,277,97,8,356.16
e0e43ee2,277,143,5,485.74
e95b54ef,277,111,3,522.96
244337d0,277,29,10,489.96
4ac1e158,278,41,9,135.18
d74ad564,278,97,10,356.16
2f620965,278,73,6,189.8
deba950c,278,33,6,34.52
12f5e8da,278,7,6,588.01
5f2e132e,279,64,4,319.78
ae9936f9,279,17,5,312.14
e1ed6e73,279,138,6,347.46
c783e186,280,6,8,94.32
2d9d30ac,280,97,10,356.16
365e25e1,280,126,2,63.86
c4944b0d,280,128,9,248.41
baeba41a,280,43,10,143.8
35f8d397,281,55,5,294.55
f9aa7091,282,149,2,234.87
18c42195,282,146,9,375.4
0b91f67b,283,111,9,522.96
4aaa035e,283,65,10,82.75
eec4a3fc,283,141,3,350.19
417e8d91,284,69,9,130.35
d677c382,284,112,10,209.57
349fe182,284,52,6,635.0
9e16c82c,284,77,7,107.21
6641ce8b,284,17,4,312.14
315e91be,285,61,7,353.88
f9cd3811,285,8,4,62.66
0894a94b,286,52,3,635.0
d6e813c7,286,72,9,232.02
21797dde,286,125,1,495.37
f77814c4,286,81,10,197.74
1cd7b017,287,102,3,451.88
7f19e544,287,129,2,254.73
5d6f4a8b,287,135,5,156.85
671d6319,288,100,4,499.43
1e2c0940,288,28,3,211.7
9fa6dc61,288,105,5,27.25
c3b7ff50,289,122,4,206.63
d0afbf89,290,79,1,289.74
3af02e97,290,9,1,306.24
c9f7d545,290,62,5,663.53
3d33208e,291,137,4,514.29
b5529208,291,101,5,149.65
ec4b5cfe,291,61,5,353.88
13c6ac31,292,9,5,306.24
34f41963,292,126,8,63.86
406580c4,292,86,7,79.11
d6bc1ae5,293,108,10,409.77
9428cdb2,293,84,8,230.04
8d1948b7,293,48,8,120.58
7a37a55f,294,29,3,489.96
85dc20f1,294,34,10,457.44
6227d822,294,82,8,336.54
7bd285db,295,51,2,114.5
867401da,295,97,10,356.16
43f20206,295,143,10,485.74
b6a3aff8,295,119,4,362.46
3055bcef,295,13,7,343.78
47025c03,296,31,1,100.15
5f395d6d,296,117,8,143.81
d47647c9,296,49,5,234.47
39dfab28,297,49,7,234.47
c4539dfc,297,8,5,62.66
ac0b6824,298,22,1,224.4
9032ab12,298,102,4,451.88
3aa8e234,298,66,2,41.73
f765f30d,299,12,1,249.75
7268e688,299,78,7,321.17
352d70b5,299,144,1,111.39
4b9bf636,299,129,8,254.73
6cea0345,300,37,5,659.37
7c2b37f2,300,33,8,34.52
873c54be,300,93,7,85.6
1a3fd505,301,43,6,143.8
05c0223a,301,39,9,547.33
6e9630f2,301,113,1,576.51
0622bf7b,302,112,2,209.57
54573a2c,302,11,8,175.83
1e1f43d4,302,125,8,495.37
7845ef79,302,38,2,323.52
7701904d,303,145,10,173.53
4bf5083d,303,2,9,616.23
d8a3dbaa,304,85,1,300.34
b4b1937a,304,32,7,505.23
e2192f81,305,123,8,476.54
47b28353,305,2,6,616.23
f50da55f,306,34,4,457.44
91787861,306,73,6,189.8
ed847bf9,306,141,10,350.19
a25d5aa9,307,42,7,217.34
3faac890,307,40,2,269.82
0850653e,307,80,10,26.66
be92dda2,307,95,9,124.61
b5304316,308,24,7,276.31
acb1afe5,308,112,7,209.57
e1c8300e,308,119,4,362.46
e28a3afc,309,22,5,224.4
d0763df3,309,123,5,476.54
f7adfb51,309,77,4,107.21
10921bcc,309,13,9,343.78
cb99f66b,309,28,9,211.7
16c255e6,310,66,10,41.73
2b962f9e,310,30,8,230.06
a494c9eb,310,101,1,149.65
2889b063,310,77,6,107.21
ba1001a8,310,116,10,353.96
3ab1e8bb,311,67,2,
ee3f58b2,311,102,2,451.88
46d6446a,312,125,5,495.37
62c3e108,312,93,7,85.6
bcd91af6,312,35,1,227.38
3689a7d2,312,49,1,234.47
d7b7ec51,313,49,2,234.47
2efe86dd,313,122,7,206.63
b3033a6e,313,40,8,269.82
d3551aeb,313,116,10,353.96
cd4bb04b,314,111,7,522.96
8a1470d2,315,125,7,495.37
8f1a7aa2,315,125,4,495.37
b09b87d3,315,109,10,662.43
6386f2cc,315,107,8,235.92
8f6836c7,315,89,8,164.35
2f639180,316,60,9,341.45
b07e31a2,316,87,10,414.86
d5d9ac94,317,107,6,235.92
296559ba,317,42,10,217.34
94d1f35a,317,23,8,131.11
b1b3dc46,318,78,4,321.17
08dd1925,319,45,9,25.51
c6f1ad95,319,111,2,522.96
0a8784f1,319,58,8,504.47
16726a1c,320,69,3,130.35
25b23544,321,118,2,199.93
35a05a06,322,43,2,143.8
e691f72f,322,41,5,135.18
dfd71b46,322,128,2,248.41
a066ffbb,322,36,2,583.1
7265526c,322,107,1,235.92
6ed50b02,323,96,7,548.63
0dedf137,323,39,9,547.33
b800b888,323,110,7,431.46
ce09e91f,323,133,6,512.38
ecd73634,323,3,9,217.43
e2a603b9,324,10,3,321.2
04c090e7,324,134,5,411.75
e5f4fc3c,325,89,1,164.35
71843d50,325,38,7,323.52
2ab5f907,325,140,10,94.52
d811e3e9,326,22,1,224.4
32868533,326,33,9,34.52
3522378d,326,24,9,276.31
31a93e81,326,41,1,135.18
93ff08b6,327,109,9,662.43
1a0d7da1,327,96,5,548.63
bdd7c350,328,2,8,616.23
ebaade3b,329,60,6,341.45
86691c5a,329,147,3,355.47
46811148,329,64,2,319.78
4595efef,329,93,8,85.6
64e84517,329,106,2,13.38
b112aa7c,330,135,7,156.85
11c94c34,330,102,5,451.88
05aa6a86,331,42,3,217.34
75b6ca4a,331,118,3,199.93
ed23fa75,331,136,2,276.4
20d1133b,331,9,3,306.24
66170906,332,31,6,100.15
ff95e733,332,40,2,269.82
b23716f6,332,78,5,321.17
1669e150,332,37,10,659.37
1fd32dbf,332,79,5,289.74
5ce4fa6f,333,12,7,249.75
7c35b86e,334,34,3,457.44
f5712ebf,334,116,8,353.96
950f74ed,334,23,10,131.11
517c5737,334,60,7,341.45
4beadc6e,335,7,10,588.01
f5d8899b,335,80,9,26.66
979250d3,335,22,4,224.4
8cc2cfa9,336,129,1,254.73
7f1c3775,336,47,1,256.73
dd44d5b7,336,149,8,234.87
86304e87,336,83,7,264.39
42b873ef,336,6,6,94.32
e9d722c4,337,30,2,230.06
7696bd77,337,47,5,256.73
f9401cd5,337,105,3,27.25
5a48b7e7,338,82,3,336.54
09bc352d,339,61,8,353.88
03feb059,340,142,7,409.18
025fce72,340,60,1,341.45
3c0391cd,340,26,4,269.03
6cedccf4,341,129,4,254.73
0cd6def7,341,139,3,562.91
99abc943,341,109,9,
f90d4120,341,119,10,362.46
8c62139c,341,1,1,247.17
57466062,342,150,9,192.44
fcce248a,342,137,10,514.29
cdafe254,342,32,3,505.23
b276d0e0,342,111,4,522.96
784a837e,343,70,4,205.03
7b401fe7,343,54,8,76.52
8f5ad856,343,35,1,
1731b50d,344,101,9,149.65
9793c90f,344,20,9,602.66
07486b24,345,92,7,118.2
a55e9cbb,346,114,1,
39bf64b2,347,78,4,321.17
a04ad69d,347,93,1,85.6
5b3288bd,347,54,1,76.52
d55c570f,348,44,9,595.46
aa395670,348,145,3,173.53
264cfc48,348,17,3,312.14
84702484,349,137,10,514.29
3b36d188,349,117,1,143.81
8f376b9e,349,14,6,613.39
28f34d7f,350,133,1,512.38
4741fe73,350,72,7,232.02
6883859b,350,101,4,149.65
9ed9bc21,350,7,4,588.01
6af0ddc3,350,20,4,602.66
bf6a407b,351,7,10,588.01
09cfc7bb,352,88,1,366.29
2a7def52,352,61,2,353.88
7dd9df3f,353,16,1,112.75
79056ef7,353,17,3,312.14
eacae27e,353,15,5,440.74
52787b6b,353,27,1,304.08
a1144c67,354,60,10,341.45
4a933b5a,355,26,6,269.03
9e1d2786,355,7,8,588.01
e118020f,355,28,2,211.7
525805b1,355,50,10,447.11
49c2b63d,356,48,4,120.58
d3929d6a,356,33,5,34.52
45030bbf,356,92,5,118.2
b79fa331,356,38,3,323.52
9dc506db,357,15,4,440.74
2df9ffd2,358,52,2,635.0
f10787da,358,120,10,32.84
36d21e3b,358,145,6,173.53
c952ca44,358,42,2,217.34
95030390,359,59,8,333.45
413249ec,359,85,7,300.34
6013df42,360,143,2,485.74
b67685b7,361,51,4,114.5
6a3e8686,361,68,3,25.46
030cf542,361,46,4,35.41
17ecc08c,362,98,2,598.38
fd38a1de,363,135,10,156.85
e2937eb6,363,17,2,312.14
a627af6d,363,49,4,234.47
43093330,364,12,10,249.75
7c54c46d,364,76,3,272.25
ede2148f,364,72,3,232.02
c1651870,364,126,4,63.86
b63ebd53,365,100,9,499.43
7a6d7de3,365,46,6,35.41
afa7d769,365,124,8,476.13
d2ffe26d,365,150,1,192.44
853798ae,365,116,4,353.96
724c67bd,366,66,9,41.73
697ae3b5,366,76,8,272.25
e9b2573b,366,11,8,175.83
78efad16,366,116,8,353.96
b7ae4024,366,128,6,248.41
769c9d22,367,22,5,224.4
68adce76,367,21,5,210.5
5045fe9a,367,19,6,385.52
aa58cde4,368,49,10,234.47
74b9d704,368,140,-5,94.52
2546b512,368,89,7,164.35
123dcc13,369,39,7,547.33
42d4fceb,370,120,8,32.84
b76c1735,370,49,7,234.47
d69e23ae,371,96,3,548.63
d844b413,371,3,8,217.43
836537f4,371,87,4,414.86
7daca269,371,104,9,112.88
e537917a,372,146,10,375.4
94d84ba1,372,101,7,149.65
27ed0c12,373,146,8,375.4
7440c2d0,373,44,2,595.46
1d73f6ec,374,51,2,114.5
0dfd7cc2,374,53,4,350.56
267999eb,374,117,1,
790df504,374,84,7,230.04
e4dc2059,374,34,9,457.44
ede95331,375,111,8,522.96
2f38dde6,375,80,10,26.66
1541c00d,376,115,2,317.48
a746999b,376,64,9,319.78
1ab55abb,377,74,8,309.82
60ad026b,377,77,7,107.21
458faf8e,377,45,7,25.51
e8640cb8,377,111,8,522.96
c7f35e3f,378,62,3,663.53
c05a2a7f,379,127,7,105.14
d854a2c2,380,105,8,27.25
c97dc9fb,381,98,6,598.38
8dbfceb9,382,84,8,230.04
25b2e759,383,36,8,583.1
3b364d41,383,44,1,595.46
baf33ead,384,70,3,205.03
40443154,384,9,9,306.24
bf7a07a6,384,134,2,411.75
9ab71a2a,384,14,-10,613.39
0e577f03,385,52,2,635.0
8c7b960f,385,4,6,39.86
006bd842,386,43,1,143.8
50b86cb6,387,54,9,76.52
38a240d2,387,60,4,341.45
1cf4632c,387,4,7,
71a2c2eb,387,55,8,294.55
b63a46dc,387,72,10,232.02
0614eac2,388,27,9,304.08
c4770847,388,146,3,375.4
c41c4bf1,388,84,7,230.04
a30cddef,389,124,2,476.13
b6833d76,389,150,8,192.44
9821fe68,389,60,9,341.45
6e7db5c7,390,80,4,26.66
3035fbe8,390,21,1,210.5
6fc23abe,390,52,3,635.0
25c84c0c,390,61,10,353.88
abdda4bd,390,85,3,300.34
835214fb,391,74,1,309.82
b8d4ae3e,391,88,4,366.29
b178bd1c,391,64,4,319.78
20d39891,391,83,3,
dc8440b1,391,126,2,63.86
21ed83d0,392,141,4,350.19
f4290d2d,392,120,5,32.84
e18308c3,393,148,8,325.19
d1910439,393,124,2,476.13
4c64aac0,393,97,3,356.16
ad69108a,393,111,3,522.96
aa247951,393,6,7,94.32
eeb2a0c2,394,45,5,25.51
7f417218,394,73,7,189.8
1e0a6554,394,86,3,79.11
9f870b61,394,49,1,234.47
9fb7e958,394,96,8,548.63
94775469,395,19,7,385.52
f60f5260,395,32,7,505.23
de242581,395,112,5,209.57
62f8f290,396,15,7,440.74
ad579db5,396,63,8,158.85
c5fd8336,396,8,3,62.66
c94955c0,396,38,5,323.52
737dbf3b,397,99,7,155.1
e4c867b3,398,110,5,431.46
578456bc,398,137,7,514.29
6c7effac,399,89,3,164.35
a4ba5bc1,400,126,1,63.86
3692b8d2,400,107,9,235.92
ebf8b0ed,400,111,3,522.96
2ebd962f,401,116,10,353.96
e219a964,401,16,3,112.75
d4f28995,401,105,8,27.25
37b51837,401,43,2,143.8
2d9b6609,402,123,8,476.54
f476554d,402,16,5,
1994a006,402,150,1,192.44
28f76c2b,403,125,8,495.37
7c32568a,403,87,6,414.86
5b3943fa,403,81,4,197.74
3f13e360,403,97,10,356.16
7313ca0f,403,85,-2,300.34
49f5f0f9,404,136,5,276.4
4ec2b268,404,64,6,319.78
74caaae2,405,1,6,247.17
babd0428,405,12,6,249.75
bdf3f5ca,405,125,7,495.37
0fed83db,405,90,7,25.09
30f0e4dc,405,122,2,206.63
1adf4b09,406,130,1,366.73
fa439545,406,78,9,321.17
127602f5,407,62,4,663.53
21d58aee,408,42,6,217.34
86dd512a,409,35,9,227.38
cdd4f5f4,409,86,4,79.11
8b9e6526,409,17,6,312.14
e97f15ea,410,112,4,209.57
74ead112,410,23,2,131.11
933340db,410,49,2,234.47
476dd4de,410,81,7,
30c03d8a,411,109,6,662.43
8cd1aaa1,411,33,9,34.52
d270026e,411,28,-7,211.7
6f58ef2b,411,81,3,197.74
6cce4b4b,411,57,8,45.96
df7f5328,412,129,2,254.73
2520ad06,413,16,6,112.75
d12d8a0c,413,58,1,504.47
a01dcba2,414,6,9,94.32
a4119eed,414,122,6,206.63
ca31b09f,414,136,5,276.4
f53ecd7f,414,141,7,350.19
4abc9afb,415,118,3,199.93
94f5e7be,416,3,6,217.43
e032d368,416,38,7,323.52
042db9e5,417,46,1,35.41
cea3135b,418,63,1,158.85
dad868dd,418,78,10,321.17
9da12b89,418,97,2,356.16
44cde25b,418,98,5,598.38
7f4e9e82,419,131,4,156.26
59af8850,420,47,7,256.73
d327b975,420,112,5,209.57
e51da111,420,17,9,312.14
2a55e6c2,421,126,2,63.86
4be15ed8,421,32,4,505.23
f02595a5,421,47,10,
1f3b3720,421,115,6,317.48
e090896a,421,53,3,350.56
f0757342,422,77,6,107.21
d5937305,423,133,5,512.38
051d6c59,424,138,9,347.46
46df50ee,424,12,4,249.75
eae70c3b,424,56,3,237.91
6dafa81a,425,20,9,602.66
1eaa1419,425,42,7,217.34
dc2cb03e,426,69,4,130.35
83b2ad14,426,131,10,156.26
9f19f59e,427,64,2,319.78
39bc6a86,427,141,7,350.19
8eba77b7,427,93,6,85.6
0fff0e7b,427,58,-5,504.47
68003f6b,428,45,9,25.51
a6ff934c,428,126,2,63.86
860914ed,428,73,9,189.8
c8723ac0,428,13,3,343.78
19ad047e,429,123,10,
a4c7033c,429,132,3,313.92
bf61609c,429,146,5,375.4
0c7aadde,429,95,4,124.61
0124accc,429,118,3,199.93
c105a41a,430,134,4,411.75
196aa6b1,430,79,7,289.74
d308aac1,430,21,2,210.5
d948478f,431,142,8,
4f5fbade,432,123,8,476.54
94f6def7,432,137,2,514.29
b57a6c42,432,2,7,616.23
4e8dea03,432,63,9,158.85
c3bea03a,432,115,3,317.48
1ec89954,433,132,6,313.92
b6d70268,433,98,3,598.38
bdbdce55,434,75,5,110.22
aea2a24d,434,1,10,247.17
a145aa3e,435,119,10,362.46
f099986b,435,2,10,616.23
5565dea8,435,28,1,211.7
ca2c9938,435,103,-6,560.59
226adc65,435,51,2,114.5
3fb68c4c,436,58,8,504.47
d316f143,436,110,3,431.46
32aa5687,436,113,8,576.51
d810c860,436,112,1,209.57
53ad3253,437,102,7,451.88
e5ca9ce9,437,42,4,217.34
0e23113a,438,33,6,34.52
c62e22e0,438,103,9,560.59
e0721195,438,100,3,499.43
79617619,438,6,3,94.32
37868ea5,439,110,10,431.46
4712a33c,439,75,5,110.22
f5ca30fe,440,64,5,319.78
d93ceef4,440,64,7,319.78
780ba457,441,39,4,547.33
7468ec6e,441,71,4,485.03
c1abf682,441,52,2,635.0
1ab11023,441,135,5,156.85
207dfc8d,441,57,6,45.96
b7f60dac,442,94,5,266.93
ecd6373c,443,14,6,613.39
e84fe397,444,126,6,63.86
8bc37c10,445,85,6,300.34
434ad6da,445,136,10,276.4
4ecccc8e,445,54,10,76.52
cf4345a2,445,34,10,457.44
58c18514,445,49,4,234.47
28d85b2e,446,52,9,635.0
3b779a73,446,50,7,447.11
9b326658,446,144,6,111.39
4d11d853,446,31,7,100.15
58dca903,446,129,1,254.73
c5dc30f0,447,16,4,112.75
03af0ce2,447,137,9,514.29
c8c23f31,447,131,7,156.26
a221e539,448,147,4,
c3f76af1,448,132,8,313.92
cb8a175c,449,142,2,409.18
91980bd1,449,61,5,353.88
7cbf8d66,450,64,4,
ba661927,450,89,10,164.35
44756bd4,451,105,10,27.25
824a5058,451,3,6,217.43
51b91a1e,451,46,5,35.41
53630d04,451,150,2,192.44
2d608ede,451,66,10,41.73
d488541d,452,40,8,269.82
20903e59,452,95,3,124.61
6d9d5ba3,452,47,8,256.73
5c7e41de,453,73,1,189.8
f1da46ad,453,101,10,149.65
5e24219f,453,110,4,431.46
fe8fdfdc,453,104,2,112.88
97fed3be,454,6,2,94.32
22853428,454,12,3,249.75
2f273f71,454,37,10,659.37
84e66b01,454,28,9,211.7
e2fe4897,454,22,4,224.4
00193070,455,40,4,269.82
54bc1f13,455,140,2,94.52
ba7f5f0c,456,37,1,659.37
2510cf51,457,58,7,504.47
987b8502,457,29,8,489.96
ef344b82,458,31,6,100.15
67294460,458,12,10,249.75
3d1a9022,458,86,10,79.11
5d723367,459,90,2,25.09
f0af440d,459,95,5,124.61
503e40a0,459,20,1,602.66
45b18d6b,460,115,8,317.48
c269cac6,460,110,5,431.46
50e9b372,461,109,8,662.43
605e5a35,461,86,3,79.11
a8c34bf1,461,63,7,158.85
ff719f19,461,137,8,514.29
ccea4f1d,462,148,4,325.19
d9d0588b,462,1,4,
54a44cb5,462,143,8,485.74
92fbded3,462,16,6,112.75
0e453e98,462,36,5,583.1
9abc95ca,463,15,3,440.74
afde0178,463,37,7,659.37
94e4403a,464,19,8,385.52
2f7aceaa,465,20,1,602.66
9bdd90b6,465,39,3,547.33
bbd91ba3,465,136,5,276.4
82e20f1a,466,16,1,112.75
37144667,467,142,5,409.18
5230e89f,467,59,7,333.45
e3d051ab,467,24,9,276.31
77af7d8a,467,55,7,294.55
72fef5cb,468,120,8,32.84
dcd59ca7,468,98,3,598.38
c0ece29b,468,109,4,662.43
fd52178e,468,93,10,85.6
c4e7fd0a,468,62,5,663.53
edd86400,469,49,9,234.47
7645a4ea,470,12,10,249.75
bb18c44b,471,92,5,118.2
cf647947,472,25,6,302.2
a4cd7ad7,472,26,9,269.03
26cf560f,472,98,8,598.38
bfe322cf,472,75,3,110.22
c2a0bbac,473,56,3,237.91
e42bdd0b,474,134,6,411.75
8d7f6ee0,474,75,6,110.22
fa92a88d,474,11,7,175.83
a6626d1d,474,20,3,602.66
7b09f843,474,25,1,302.2
02be8e42,475,44,5,595.46
13fa719d,475,94,6,266.93
7b87abbf,475,118,5,199.93
9c6bcc9a,475,114,3,112.98
7437975a,476,105,10,27.25
1339a953,476,94,9,266.93
9b763fd6,476,96,2,548.63
b1c9bb59,477,63,-9,158.85
518109e7,478,58,7,504.47
089033f0,478,90,8,25.09
cb40380b,479,102,7,451.88
6c1fc97d,480,30,5,230.06
f328de9a,480,121,3,563.05
90445b05,480,9,10,306.24
e655f7ba,480,93,7,85.6
bfd0c079,480,55,1,294.55
8208fca2,481,71,7,485.03
fc1e57e4,481,116,7,353.96
c5525934,482,88,5,366.29
41bfdde7,483,112,6,209.57
bcb33364,483,3,9,217.43
ce8683fc,483,20,10,602.66
00c41dd0,483,82,1,336.54
0604c6a5,484,68,9,25.46
142785d0,484,33,8,34.52
e612fc15,484,10,4,321.2
38883396,485,90,4,25.09
7931831c,485,148,1,325.19
f8e1bd7a,486,128,8,248.41
d40ab399,486,139,7,562.91
e9248631,486,30,3,230.06
0bf8b8e9,486,142,10,409.18
ca5343ba,486,73,7,189.8
282bbc34,487,23,1,131.11
0455cffa,488,114,9,112.98
60547694,488,75,7,110.22
abc8ff53,488,142,7,409.18
4445d3b2,488,32,6,505.23
5a6737e6,488,106,-7,13.38
69ee2cb0,489,79,7,
7a5832b0,489,107,1,235.92
b49360ce,489,96,9,548.63
2c2fc8e9,490,143,7,485.74
3b7ec50f,490,14,10,613.39
0e0602c0,490,100,3,499.43
9f659950,490,41,7,135.18
2d172506,490,33,9,34.52
254952bd,491,83,4,264.39
2b3d3846,491,3,10,217.43
408b9329,491,140,2,94.52
3afd2980,492,48,4,120.58
9ec351fc,492,50,9,447.11
e40aab36,492,97,5,356.16
55d1e7a3,492,37,1,659.37
424c9da6,493,28,3,211.7
8cc57af6,493,24,2,276.31
ca31e58f,493,54,7,76.52
e7029c5d,493,106,2,13.38
8e04907d,494,116,3,
d6c39720,494,46,10,35.41
6429dcf7,494,31,6,100.15
8dc37531,494,140,1,94.52
d7ee351d,495,6,9,94.32
06abd226,495,94,2,266.93
17437c2e,496,69,5,130.35
9ae7d409,497,127,7,105.14
8e6cf2ff,497,50,5,447.11
c7a175f8,497,72,7,232.02
8f84ebfd,497,80,3,26.66
e9e0ff7b,497,125,7,495.37
ea5984ec,498,99,7,155.1
610a79c1,498,17,8,312.14
805bb4c3,498,131,5,156.26
293af3a0,499,30,3,230.06
bf4b213c,499,48,6,120.58
9f473b44,499,96,6,548.63
20bdb6b0,499,3,6,217.43
329e35fa,499,55,8,294.55
f60fccf3,500,55,9,294.55
45ea8bb0,501,112,6,209.57
a9715152,502,108,2,409.77
fab58dd4,502,84,10,230.04
f7d3eb28,502,73,1,189.8
9def2fe2,502,2,8,616.23
24be2344,503,87,1,414.86
6ae37699,503,107,5,235.92
b694a624,503,103,2,560.59
e9555488,503,13,7,343.78
0be018cf,503,127,2,105.14
268c8c7e,504,36,2,583.1
61b243d6,504,112,4,209.57
3cc39e6b,505,67,1,144.67
3d92fdba,505,20,5,602.66
f7222fd1,505,98,5,598.38
c816e333,505,150,8,192.44
b2c92c90,505,38,10,323.52
7ecf8e83,506,136,4,276.4
9efb2e31,506,72,6,232.02
44a87e70,506,24,5,276.31
32720156,506,91,9,390.95
79d134cd,507,127,1,105.14
31235103,507,120,7,32.84
68e4b8fd,508,80,8,26.66
f605cf94,508,28,3,211.7
2242fc34,508,116,10,353.96
ca2fc41e,508,49,2,234.47
58d2b7d7,508,79,10,289.74
d74c4b1d,509,48,5,120.58
40f5f2be,510,22,6,224.4
c4fb4770,510,129,7,254.73
c6764b60,510,70,6,205.03
777060ba,511,46,10,35.41
0d665202,511,133,7,512.38
8fd4fffb,512,148,5,325.19
35daebeb,512,71,4,485.03
3f9c2e93,513,127,4,105.14
c6a824b2,513,74,10,
ffabfce8,513,48,9,120.58
076c417d,513,79,4,289.74
e3279c18,514,4,8,39.86
f6cc8355,514,68,2,25.46
ab34e00e,514,3,10,217.43
8601aa3e,515,5,10,84.34
064bc77d,515,59,9,333.45
28139a5b,516,116,8,353.96
22d68c6d,517,4,6,39.86
734b08ee,517,133,10,512.38
f7c2e0ca,517,133,1,512.38
816a623a,517,57,3,45.96
1e66087f,518,50,7,447.11
70db4dc9,518,140,8,94.52
6ccb972b,518,45,5,25.51
6ef6cfce,518,85,7,300.34
37c92816,519,88,10,366.29
a21fe0ba,519,146,6,375.4
5823c98b,520,134,5,411.75
4ba9e3e3,520,78,8,321.17
6c61d85a,521,32,1,
e421f4f1,522,90,5,25.09
d9160c3f,523,70,3,205.03
44e8fd12,523,150,2,192.44
90343f08,523,91,4,390.95
09551adb,523,109,7,662.43
750e7f48,523,67,5,144.67
dddb31bc,524,52,5,635.0
75ee88ee,524,78,5,321.17
4e95e6f3,524,119,9,362.46
68e8e962,525,81,9,197.74
93f8b3f1,526,119,1,362.46
cf057749,526,108,2,409.77
76961253,526,78,4,321.17
d40cc049,526,140,10,94.52
4af7d04b,527,119,9,362.46
096826f3,527,15,5,440.74
13f11762,528,124,6,476.13
4b3c4428,529,53,9,350.56
c00564da,529,127,3,105.14
e2b1a449,529,40,5,269.82
651787c4,529,2,8,616.23
f4fa5e93,529,18,1,172.05
813aa5bd,530,7,9,588.01
8108d2cc,530,32,5,505.23
b7d05026,531,113,10,576.51
5272fa09,531,6,3,94.32
2986ec5f,531,62,3,663.53
2b53d418,531,52,8,635.0
768207d4,531,26,10,269.03
b93c3a64,532,38,1,323.52
0307bc3d,533,114,1,112.98
affd2279,533,36,8,583.1
9e0838a0,533,3,3,217.43
ba2e0dd7,533,129,4,254.73
b49b2c46,533,100,9,499.43
b7cbe46f,534,72,5,232.02
e15e053b,534,124,7,476.13
edf9fc5c,534,47,10,256.73
516e62d0,534,135,5,156.85
e6f7caca,534,149,6,234.87
c7cb9895,535,60,2,341.45
23750c47,536,27,3,304.08
996a97b8,536,108,2,409.77
7527f16b,536,10,2,321.2
ea71f58b,537,97,3,356.16
06852f3b,537,52,4,635.0
3234560e,538,136,4,276.4
b3fb1e65,538,25,4,302.2
ef36f2d1,539,88,3,366.29
7fa6b509,539,136,8,276.4
10ff353a,539,122,9,206.63
3154c9a4,539,144,3,111.39
e66976f9,540,133,5,512.38
779d1e40,541,75,5,110.22
98cde152,541,41,5,135.18
8f63ebba,541,133,10,512.38
21f2875d,541,15,9,440.74
1f404f54,541,121,5,563.05
829b1586,542,36,4,583.1
e9ca0743,542,16,4,112.75
7dd27c23,543,107,10,235.92
897b18e4,544,11,2,175.83
de7df5fc,544,90,7,25.09
0d899fea,544,59,1,333.45
53c018bc,544,51,9,114.5
4a2734d9,545,100,7,499.43
c742bdc6,546,95,6,124.61
d7cb5959,546,15,4,440.74
d835627d,547,64,1,319.78
4d7dfd90,547,47,5,256.73
6c90d102,547,63,5,158.85
46f7083e,547,32,2,505.23
5d320c8f,547,53,8,350.56
61cb1397,548,142,5,409.18
ef3a145e,548,69,6,130.35
dd6082f4,548,14,6,613.39
682802c8,548,125,5,495.37
fe40b0f0,549,54,2,76.52
cd8b41ec,549,37,1,659.37
ccc2baa6,550,128,1,248.41
86c2fe67,550,77,2,107.21
40c61e04,550,99,8,155.1
38541ec6,550,114,1,112.98
08ea239c,551,9,9,306.24
e6a703c9,551,87,5,414.86
52fffa0b,551,8,6,62.66
1244790d,551,110,1,431.46
c39ae380,551,74,9,309.82
1b5df28f,552,120,4,
ff88ab29,552,71,2,485.03
f1035b1b,552,76,6,272.25
f4e9c4ca,552,71,6,485.03
5b257116,552,4,2,39.86
de2e7f79,553,113,1,576.51
f145eaba,553,123,9,476.54
d7297674,554,81,2,197.74
c681aae1,554,71,5,485.03
38440bbf,554,45,3,25.51
51413864,555,113,10,576.51
babd9bff,556,91,9,390.95
67dff5a9,556,90,2,25.09
3952897e,556,131,2,156.26
8e693a0e,557,73,3,189.8
03d8f7d9,557,93,6,85.6
0e540bdc,557,96,8,548.63
8dc92357,557,8,3,62.66
fe669a7a,558,81,9,197.74
9f435c81,559,150,1,192.44
023ec016,559,21,2,210.5
e551151f,559,145,9,173.53
85b25c57,560,14,10,613.39
d68ac730,560,113,6,576.51
c263c5b7,560,76,4,272.25
f6bdfbfa,560,93,4,85.6
e3b3919c,560,30,4,230.06
aab00f29,561,20,6,602.66
389d3263,562,138,4,347.46
cb54e419,562,150,3,192.44
8e7bcf00,563,130,3,366.73
d2b9b486,564,43,2,143.8
e47d687b,564,121,2,563.05
efcae259,565,132,9,313.92
0d0cf93b,565,91,3,390.95
ba074b27,566,28,1,211.7
043f8b89,567,75,8,110.22
3ce2125b,567,131,2,
d2ef4b17,567,95,8,124.61
5bde0f93,567,131,10,156.26
0f5d8ee1,568,133,9,512.38
f7438a82,568,110,5,431.46
65976138,568,46,3,35.41
fa70e79b,568,54,7,76.52
7563a40b,569,31,5,100.15
2c688cc4,570,28,4,211.7
d28e0d0a,570,53,9,350.56
82b423ca,570,8,10,62.66
56dd0900,571,95,4,124.61
3a8457ef,571,110,8,431.46
398d879c,572,127,5,105.14
50cda34f,573,57,2,45.96
c60cf2f5,574,81,1,197.74
956c1c61,574,134,6,411.75
a2dfa3f1,574,10,1,321.2
0f186da2,574,57,4,45.96
caa8a2ec,574,48,8,120.58
5c11b9a7,575,1,7,247.17
ecd20e9c,575,54,3,76.52
e31352dd,575,98,10,598.38
b1ec2fa0,575,136,3,276.4
8fafcfcf,575,75,8,110.22
3a85216b,576,57,2,45.96
b054d740,576,74,7,309.82
09a20376,576,109,2,662.43
addeb4ab,576,30,6,230.06
11a74fee,576,124,8,476.13
07b41b2e,577,16,9,112.75
2f4fc155,577,82,7,336.54
364efcc3,577,103,5,560.59
48430ae8,578,79,8,289.74
e70905ba,578,43,9,143.8
ade54cb4,578,85,3,
ad1fcf87,579,91,9,390.95
8c32e01b,579,54,6,76.52
b4f1b025,579,138,7,347.46
d068e2e9,579,42,6,217.34
2603580a,580,135,2,156.85
addef779,581,64,1,319.78
5990641f,581,97,7,356.16
694010ea,581,70,2,205.03
c4672026,582,39,2,547.33
959546c5,582,50,10,447.11
b5e37b9d,582,109,9,662.43
c60c9c68,582,118,4,199.93
98a0de3a,583,57,7,45.96
701a1b75,583,137,9,
4a72f8a9,583,128,7,248.41
460d1222,583,28,8,211.7
8d39c143,584,145,2,173.53
bd23a5f6,584,22,2,224.4
f740882b,585,104,10,112.88
2df0b643,585,146,4,375.4
2acbe30a,585,106,5,13.38
54a54354,585,10,6,321.2
e4af90bf,585,2,5,616.23
1fe91b00,586,83,8,264.39
af00542f,586,21,2,210.5
c1ed5e4a,586,33,1,34.52
11f7e6d6,586,43,4,143.8
2a0b2979,586,10,7,321.2
8544fbaa,587,108,-7,409.77
a7a80ce5,587,76,5,272.25
ac87c4e0,588,53,10,350.56
fe598db3,588,65,8,82.75
e463840f,589,3,6,217.43
d792f38c,589,18,1,172.05
58cab2f8,590,16,10,112.75
b2de2b2d,590,90,9,25.09
9a9b9e97,590,4,4,39.86
13a353e4,590,110,10,431.46
2d60b568,590,104,5,112.88
3d5b5ee9,591,72,3,232.02
b807be73,591,134,10,411.75
dd41e13a,591,148,10,325.19
8bf7318f,591,122,4,206.63
df0fd28f,591,56,2,237.91
b0ac3f35,592,20,1,602.66
5645e9b5,592,109,8,662.43
c82408b4,592,31,4,100.15
d3c758e3,592,99,8,155.1
8af3ac8d,593,43,5,143.8
3d3c1058,594,31,9,100.15
2cf43474,594,46,1,35.41
2aa3a6f1,594,89,7,164.35
e9f5db4b,594,49,7,234.47
e57ea6a8,595,2,10,616.23
d297a67f,595,95,5,
5dc383c4,595,70,1,205.03
b2f6e950,595,102,1,451.88
d676eaa4,596,121,10,563.05
217b8c15,597,95,1,124.61
89ae64da,597,46,3,35.41
0057cd6c,597,31,1,100.15
4018e6c9,597,81,2,197.74
d0325688,597,50,10,447.11
76614e89,598,94,9,266.93
b7a2f40b,598,107,1,235.92
f101687a,599,12,5,249.75
6ede22b3,599,105,3,27.25
ad0587e3,599,1,5,247.17
afb827a1,600,145,8,173.53
c8d8759a,600,47,2,256.73
1226798d,600,6,3,94.32
5bec78dd,600,96,8,548.63
14434efb,600,64,5,319.78
5cca92c5,601,74,3,309.82
21d8acb5,601,106,4,13.38
c583463f,602,68,2,25.46
5dca6b21,602,90,9,25.09
cb208676,602,44,1,595.46
2160fca2,603,89,5,164.35
08ae44c8,603,129,9,254.73
622b7683,603,24,9,276.31
bfac3093,603,120,5,32.84
1f3d8285,603,48,8,120.58
5b3dfdfe,604,83,2,264.39
4249563b,604,3,3,217.43
c1d1a6a3,604,26,3,269.03
060452ec,604,120,9,32.84
6e6afb62,605,103,8,560.59
aacf8dcf,605,96,10,548.63
c64c3de2,605,77,1,107.21
430e68ec,605,130,2,366.73
f9226a03,606,132,3,313.92
272e7eeb,606,135,4,156.85
68b9d1c4,606,36,3,583.1
7711e4fc,606,14,2,613.39
023d1675,607,1,3,247.17
6629a1ff,607,79,2,289.74
fc1f023d,607,112,2,209.57
2736fb5d,607,143,-6,485.74
9943866a,608,121,7,563.05
76d8527f,608,25,7,302.2
3447dbd7,608,35,7,227.38
f79ffd57,608,109,10,662.43
fb26f239,608,126,10,63.86
2e7e941f,609,129,1,254.73
86f7c07b,609,20,4,602.66
918da652,610,47,7,256.73
00af2c6f,610,124,1,476.13
2e31f316,610,46,3,35.41
7beb564b,610,28,8,211.7
daac624d,611,42,6,217.34
70da1b60,611,117,1,143.81
d1751ed4,611,103,7,560.59
1ca5c3b3,611,67,2,144.67
7dc00cc0,612,137,6,514.29
bb55b4a3,612,109,9,662.43
7f2a0c17,612,21,-3,210.5
8a3b0a11,613,117,7,143.81
00788891,613,32,8,505.23
c7a72531,613,95,5,124.61
c33af4cf,614,92,7,118.2
e2651840,614,10,10,321.2
9103f36d,614,137,7,514.29
42cdfd91,614,25,3,302.2
19a5ec9d,614,111,5,522.96
cdd2702c,615,20,6,602.66
b883ab3d,615,26,7,269.03
b1373063,615,87,5,414.86
36a1098d,615,66,2,41.73
7da06560,615,30,4,230.06
5f55b6f2,616,13,6,343.78
c2094c19,616,112,5,209.57
248a2e55,616,71,9,485.03
d03e1d2e,616,47,5,256.73
0573033f,616,5,7,84.34
14b904a6,617,5,6,84.34
43b1650b,617,118,10,199.93
2062693e,617,139,7,562.91
0bf4f373,618,39,8,547.33
df2347f4,618,137,3,514.29
8a7acc90,618,9,10,306.24
da514ff5,619,95,5,124.61
e0193683,620,43,10,143.8
26b9e0cc,621,61,7,353.88
b8a63887,621,32,2,505.23
4817c947,621,29,10,489.96
add75afa,622,56,7,237.91
7c859260,622,93,2,85.6
3de732b3,622,82,9,336.54
e34c9e86,622,104,8,112.88
4e4209c6,623,103,-5,560.59
ed05060d,623,119,3,362.46
40406a6f,624,49,1,234.47
a81b2e7c,624,129,2,254.73
72889d55,624,6,6,94.32
e4928a50,624,121,2,563.05
729011c2,625,42,8,217.34
5f792ce8,625,45,8,25.51
1893ac1b,625,83,3,264.39
5d015ff7,625,53,10,350.56
45dd800c,626,129,2,254.73
8a2d6f4e,626,41,4,135.18
c1700b7e,627,134,8,411.75
bddc5da4,628,137,1,514.29
ba7da0eb,628,16,5,112.75
4cc4e1bd,628,11,6,175.83
63ab9081,628,113,7,576.51
beb9b63e,628,68,10,25.46
bde21cfc,629,63,8,158.85
3d055b42,629,19,8,385.52
4290a430,629,63,5,158.85
4bc295d2,629,85,8,300.34
c0fdfef4,630,7,4,588.01
3d3e6ca9,630,75,5,110.22
d176cab8,631,40,3,269.82
9dfbbb32,631,99,5,155.1
6df8f7b5,631,55,10,294.55
9a6ac531,631,67,6,144.67
a8f065a2,632,89,3,164.35
a9547c8d,632,134,6,411.75
a6f43f5b,632,44,9,595.46
cd699df2,632,98,1,598.38
0c708f8d,633,31,4,100.15
65dc8e46,633,4,9,39.86
168e86fc,634,85,9,300.34
df0f2872,635,115,10,317.48
16e650aa,635,47,4,256.73
48356bb4,635,46,1,35.41
40d2add9,635,72,2,232.02
56da24cc,635,17,3,312.14
9837f97c,636,119,2,362.46
8f961501,636,82,2,336.54
3acda46f,636,22,8,224.4
6cced90c,636,56,10,237.91
42d013cb,636,149,7,234.87
631b45b3,637,117,1,143.81
61f6dd58,637,70,8,205.03
1a92b414,638,68,9,25.46
3432c1c9,638,144,9,111.39
78ccdb95,638,47,-8,256.73
5c16accf,639,111,5,522.96
9e63acaf,639,88,9,366.29
1317d29f,639,28,4,211.7
d6e9901f,639,82,9,336.54
7da61160,640,83,3,264.39
b423dbab,640,44,3,595.46
d042882b,641,69,4,130.35
a008d969,641,78,6,321.17
e2867172,641,91,6,390.95
9e5d9208,641,101,-7,149.65
d37886ec,642,117,5,143.81
4ad113eb,642,54,5,76.52
ade481d3,642,83,7,264.39
2d19bd6e,643,129,8,254.73
9e6c3004,643,63,3,158.85
3b6e2c7d,644,100,8,499.43
537470d4,644,97,1,356.16
bb0d2f06,644,71,9,485.03
59e2912e,644,29,8,489.96
774bea9a,645,77,10,107.21
b8571939,645,63,6,158.85
19633983,645,67,9,144.67
e72a9dbb,645,6,3,94.32
090f0dd5,646,115,4,317.48
fa846bad,646,118,6,199.93
a2efd381,646,67,5,144.67
cc298f57,647,13,9,343.78
07ca58ff,647,96,1,548.63
eece72eb,647,130,6,366.73
9a6f077b,647,148,6,325.19
770a4d5f,648,41,9,135.18
22d710d6,648,120,10,32.84
a2661cfc,648,19,7,385.52
0fae28a5,648,39,6,547.33
c00416af,648,87,8,414.86
19b78934,649,2,10,
6dd0f15f,650,150,6,192.44
48edbea3,650,52,10,635.0
b0e0b025,650,148,3,325.19
726c4f23,650,79,3,289.74
650891b6,651,84,6,230.04
ea813ea0,651,52,5,635.0
27cc5d50,652,32,7,505.23
d60e962e,652,54,7,76.52
10805343,652,51,4,114.5
995bca6c,653,133,2,512.38
4429dd2b,653,126,10,63.86
d9192934,654,93,8,85.6
d0b2dd11,654,117,-1,143.81
a615c823,655,17,7,312.14
6cdb4d60,655,59,2,333.45
af776596,655,121,1,563.05
9a7f2b94,656,46,-10,35.41
7d531078,657,54,5,76.52
9e8993d8,657,41,7,135.18
796c40bf,657,39,3,547.33
3a3f8abf,657,42,1,217.34
09257262,658,7,6,588.01
2e48da35,658,37,7,659.37
49fc6aa5,658,135,3,
d69e08c5,659,29,8,489.96
f6f74661,660,1,5,247.17
1471f419,660,66,3,41.73
3471d098,660,25,8,302.2
80f8887c,660,147,4,355.47
a12d3c98,661,104,5,112.88
36ceede5,661,58,5,504.47
8333bbcd,662,133,10,512.38
259e99dd,662,34,6,457.44
76d184c7,662,149,1,234.87
f337ed45,662,13,4,
7ec4ae6b,663,3,10,217.43
4b176f25,663,49,10,234.47
a4d27d81,664,72,9,232.02
ff6dcc41,664,48,5,120.58
fbb88ee5,664,141,8,350.19
9434b1e7,665,110,1,431.46
8f12f6d6,665,59,8,333.45
93ea83f1,665,76,3,272.25
66c9d28d,665,112,9,209.57
a46d93c1,665,130,3,366.73
51b337fe,666,5,4,84.34
d4da889c,666,39,10,547.33
c6f258d4,667,43,6,143.8
a21232f9,667,58,3,504.47
9954055b,667,109,4,662.43
e8a7b52c,668,108,8,409.77
f972f95c,668,77,1,107.21
eeed3b91,668,80,4,26.66
5e8f0b3d,669,37,8,659.37
8bb592e9,670,101,10,149.65
11fb9d7d,670,19,4,385.52
d8fc7eb5,670,103,2,560.59
16e27ae8,670,39,4,547.33
91d3f7dd,671,80,9,26.66
ba01d80c,672,139,10,562.91
613d043c,672,88,5,366.29
0393deb9,672,66,2,41.73
70710651,672,44,8,595.46
7868d7b6,673,62,8,663.53
d88fd51a,673,108,1,409.77
b5ce84a7,673,72,5,232.02
c5d0c11a,673,85,7,300.34
bbacf5b7,673,92,2,118.2
72e8026e,674,112,5,209.57
56cf09c0,674,125,9,495.37
1e806041,674,133,7,512.38
7c1c9e19,674,26,10,269.03
593eeb0b,674,62,6,663.53
43b7e15a,675,89,8,164.35
8b4ff36c,675,134,1,411.75
bb3588a4,675,111,1,522.96
7236cbad,675,85,2,300.34
43135818,676,92,6,118.2
b04233fe,676,71,8,485.03
9a88cab7,676,68,3,25.46
ee59a761,676,141,6,350.19
d12d7ab4,677,91,10,390.95
d0966cfb,677,59,6,333.45
dfeca455,677,24,7,276.31
4bea4c89,677,48,7,120.58
71ba437a,678,41,3,135.18
7f1e0641,678,149,5,234.87
c99b90c3,678,144,5,111.39
e3877202,679,104,5,112.88
93b2ab67,680,76,10,272.25
2bbfd875,680,58,8,504.47
24052395,681,57,4,45.96
17429ed4,681,56,3,237.91
92d8213d,681,6,10,94.32
b413a3b8,682,133,10,512.38
a34d96fe,682,100,5,499.43
8e87a7e2,682,68,7,25.46
6c559371,682,61,6,353.88
6050048f,682,35,6,227.38
aed2118d,683,122,9,206.63
ddaa5781,683,59,6,333.45
72dd4c53,683,142,4,409.18
77c29660,683,14,8,613.39
f0210636,683,112,2,209.57
8dc0fcfc,684,123,3,476.54
9580428f,684,71,10,485.03
34275d96,684,8,10,62.66
81c6a494,684,35,7,227.38
178ad655,684,138,5,347.46
17599c2a,685,81,1,197.74
fc66706f,685,92,10,118.2
f4013b11,685,17,9,312.14
d7e2da2c,685,50,4,447.11
2ca35eec,686,31,6,100.15
fdbdecb5,687,122,3,206.63
3d572f02,687,80,6,26.66
5033905e,687,65,8,82.75
6ecf060b,687,52,4,635.0
37c25b49,688,66,1,41.73
d9e9640b,688,143,1,485.74
6748422d,688,1,9,247.17
9eebb8f8,688,79,1,289.74
259f308c,689,128,3,248.41
d21a0bde,689,25,3,302.2
c9c818fa,690,8,10,62.66
2c33dae9,690,31,5,100.15
975ab212,691,128,4,248.41
9be1b527,691,87,8,414.86
a150f398,691,100,8,499.43
7b61ddd0,691,17,6,312.14
f270a3f3,691,126,4,63.86
86ed3937,692,24,6,276.31
578de2ee,692,137,9,514.29
5877ad5d,692,52,5,635.0
b1cdb3e3,692,51,5,114.5
4287d308,692,112,7,209.57
e81aaf10,693,79,8,289.74
aa4c9e9c,693,15,9,440.74
a0b8a965,693,23,5,131.11
0c46bdbb,693,147,9,355.47
b7261e81,693,13,9,343.78
00e8bc47,694,112,9,209.57
03283dc2,694,95,1,124.61
e2e5ef30,694,48,4,120.58
497493f2,695,4,1,39.86
d2ca66b3,695,30,-5,230.06
e926bf14,696,96,7,548.63
6c2272b2,696,64,10,319.78
964455be,697,53,5,
9d470599,697,106,7,13.38
c47e253d,697,125,5,495.37
8a5c706e,697,102,1,451.88
21316e1d,697,58,2,504.47
edb5468c,698,43,5,143.8
f82f0b75,699,146,5,375.4
9f7fe295,699,52,2,635.0
d43f0a2f,699,33,9,34.52
117a5cf6,700,48,2,120.58
c733fc77,700,62,7,663.53
c980d36d,701,49,4,234.47
6e29a2ca,701,4,3,39.86
44fd0ef1,701,45,6,25.51
ed95d3cc,701,15,7,440.74
b3471238,701,130,2,366.73
89ca363d,702,18,4,172.05
a723fb3f,702,42,3,217.34
b9ccf49a,702,29,2,489.96
96d70918,702,44,6,595.46
f20bd057,703,145,1,173.53
1bcbbb49,703,31,4,100.15
9962406e,704,147,7,355.47
f6ef0eb8,705,65,6,82.75
d11803b3,705,123,3,476.54
733a57a5,706,100,5,499.43
96cdd71f,706,6,7,94.32
ed0ed877,706,118,7,199.93
21aba847,707,54,7,76.52
174e4fbf,707,116,8,353.96
860187f7,708,53,4,350.56
9e66d536,708,50,10,447.11
4b3d7671,708,105,6,27.25
9c86b707,708,37,8,659.37
0d518c44,709,56,6,237.91
021e3d32,709,99,9,155.1
d937f69c,709,7,4,588.01
ca330cb8,709,70,10,205.03
c3b0189a,709,148,4,325.19
62894f95,710,81,10,197.74
94596055,710,10,2,321.2
3c6c3e96,711,92,4,118.2
58ba2f48,711,79,2,289.74
0415b6cd,711,150,8,192.44
04559f51,712,39,3,547.33
51751fb2,713,72,4,232.02
8279c816,713,38,8,323.52
cf648bc2,714,6,10,94.32
fa5dcdac,714,113,10,576.51
ca149ed0,714,6,8,94.32
1147e851,714,87,2,414.86
5238e7ba,715,29,4,489.96
6bc2a450,715,22,6,224.4
3bd76621,715,5,10,84.34
1322b535,716,134,1,411.75
160186fb,716,14,4,613.39
288700a7,716,111,6,522.96
2b04abbf,717,142,1,409.18
24e204c1,717,3,10,217.43
dc4bb63f,717,121,7,563.05
4737ded5,717,70,7,205.03
0162af66,718,89,5,164.35
81189152,718,69,2,130.35
dc8e209e,718,22,6,224.4
b69c4ebe,718,6,3,94.32
e01b9031,719,61,2,
1cdfbb6d,719,4,6,39.86
2102f72e,719,40,10,269.82
aa9a43f2,720,32,1,505.23
131fc2de,720,21,3,210.5
88b19cbf,720,1,7,247.17
e188d427,721,50,8,447.11
c50c76de,722,16,8,
09eb6fa2,722,46,4,35.41
611bb05b,723,49,3,234.47
fe448fcc,724,76,10,272.25
b2852d77,724,56,7,237.91
c4553839,724,62,-9,663.53
f896a702,724,65,5,82.75
6a76e361,725,111,2,522.96
89849c1a,725,115,1,317.48
2ac9e7b1,725,82,10,336.54
f9104747,726,146,5,375.4
a4c17b18,726,92,8,118.2
24fbf571,726,126,6,63.86
04f23c0b,726,59,10,333.45
1d585a64,726,105,8,27.25
29a07509,727,116,3,353.96
b43ae309,727,108,1,409.77
4d582ff1,727,98,3,
65745659,727,45,3,25.51
38175abc,728,87,4,414.86
dd447c6b,728,78,9,321.17
7ff26f53,728,128,7,248.41
a8b4af92,728,125,1,495.37
b1ba19cc,729,61,9,353.88
bd40cf2b,729,107,8,235.92
3c960a22,729,41,6,135.18
2f33d580,729,110,10,431.46
66c5a445,730,95,10,124.61
8eabac0b,730,115,6,317.48
5f90463d,730,84,4,230.04
e7895c7e,731,85,4,300.34
b6aeab41,731,147,4,355.47
6cf9389a,731,64,8,319.78
0131cf29,732,83,2,264.39
d180b509,733,50,5,447.11
f19c91e8,733,16,8,112.75
a29edb7a,733,84,6,230.04
6986f492,734,138,4,347.46
5fce4c59,734,31,5,100.15
6392977e,734,50,9,447.11
f66fc721,735,77,5,107.21
30146691,735,8,7,62.66
e17d8bd1,735,38,8,323.52
fdf83afe,735,114,6,112.98
fe620294,736,33,6,34.52
1657fe15,736,84,9,230.04
adde10cc,736,97,9,356.16
04f09cdc,736,83,7,264.39
0b806acb,736,9,5,306.24
18160842,737,128,2,248.41
c47f0e8b,738,24,6,276.31
79bdfd09,738,106,6,13.38
aaed43f2,739,40,9,269.82
ef1a8658,739,115,3,317.48
8db6fc65,739,67,4,144.67
e9cea42c,739,143,1,485.74
94daff23,739,58,8,504.47
a19d223e,740,100,7,499.43
ebbf4e4f,740,127,1,105.14
223fd394,741,54,4,
b80a5e85,742,43,7,143.8
0c7ef58b,742,73,5,189.8
d0ef1a43,742,41,4,135.18
68e9b0db,742,51,6,114.5
bfa8d7e7,742,74,8,309.82
8e51803e,743,48,2,120.58
870baeab,743,53,4,350.56
7abeb5fa,743,77,4,107.21
46900521,743,93,8,85.6
4883644a,743,146,5,375.4
cfa42775,744,128,7,248.41
b52992a3,744,101,10,149.65
0d4b38b1,745,20,10,
aa3fe5d7,745,8,10,
5a933cd6,745,71,1,485.03
43682c13,745,146,3,375.4
362a6a16,745,49,7,234.47
8b2731fe,746,31,5,100.15
5aa81bdf,747,122,3,206.63
f3756e39,748,70,1,205.03
2b3cd6b3,748,40,4,269.82
7e526740,748,8,1,62.66
f9b46389,748,106,3,13.38
22c4cd70,748,12,2,249.75
cc29ef40,749,7,5,588.01
0d28d9e9,749,115,1,317.48
af6e414e,749,145,7,173.53
1136b8d8,749,60,1,341.45
66a48872,750,96,9,548.63
11eb58ad,750,89,7,164.35
bf634809,750,120,6,32.84
28817701,750,127,9,105.14
c1e66fe2,751,92,8,118.2
c560dd98,751,43,1,143.8
689c43ee,751,38,10,323.52
f1d347f4,752,102,2,451.88
6a78df28,752,129,9,254.73
138ace28,752,2,5,616.23
facc051b,752,43,4,143.8
3579a3c4,752,126,2,63.86
d1eaf71b,753,57,10,45.96
0980332e,753,28,4,211.7
211825dd,753,49,1,234.47
b2ff3d19,753,28,8,211.7
07d3e289,754,54,9,76.52
0d7f7ff0,754,49,1,234.47
186877b9,755,31,7,100.15
074c362c,756,96,4,548.63
96448d2d,756,123,10,476.54
4b58acc9,756,9,8,306.24
a99b004d,756,122,7,206.63
cad00a60,756,109,10,662.43
81ec9146,757,10,8,321.2
3db30971,757,65,9,82.75
d99642da,757,25,8,302.2
85538c48,757,121,1,563.05
eac8674c,758,3,3,217.43
2a9cea98,758,8,9,62.66
bd7e8a22,759,13,5,343.78
9f398483,759,126,3,63.86
86802e12,759,42,1,217.34
8485337e,759,29,3,489.96
7a8136fd,759,124,8,476.13
2ed38ceb,760,78,3,321.17
d23b2349,760,150,8,192.44
1e00e65d,761,145,1,173.53
d58816bb,762,140,2,94.52
89de2f03,763,68,6,25.46
15c2c326,763,63,3,158.85
18eaadfb,763,147,3,355.47
e66bc1f6,763,140,6,94.52
493cd3bf,764,144,1,111.39
b840beff,764,35,7,227.38
4aa3b5ac,765,150,-9,192.44
0a16af60,766,49,8,234.47
35b7d09f,766,45,7,25.51
d6e9c880,767,38,2,323.52
28640bee,767,19,10,385.52
ebe7b682,768,105,1,27.25
f41414fb,768,83,7,264.39
4ce43d30,768,96,7,548.63
e314a9c3,769,105,3,27.25
cdf0a4ab,769,128,2,248.41
9c91bd3e,770,11,6,175.83
46a44592,771,84,5,230.04
68c75676,771,125,7,495.37
1e7f7aa0,771,144,10,111.39
f076106f,772,88,9,366.29
3ed861e8,772,65,5,82.75
ada4023a,772,132,4,313.92
83194547,773,50,6,447.11
d5582814,773,68,10,25.46
afb45aec,773,36,5,583.1
be781b4f,773,139,9,562.91
affba0ae,773,149,9,234.87
c2ddbb8d,774,47,8,256.73
41e6bc79,774,70,10,205.03
38ff3f9e,775,141,-7,350.19
4412f1bc,776,150,5,192.44
2f5b1f7d,776,69,1,130.35
0cbea6d8,776,126,10,63.86
cb6852c3,776,81,2,197.74
f9387520,777,28,9,211.7
0a300f9d,778,16,1,112.75
e26d027c,778,71,5,485.03
a5f79c34,778,147,5,355.47
2cdcd4e8,778,61,3,353.88
e5cc53a1,779,53,9,350.56
93f97b23,779,24,10,276.31
1d33c978,780,57,4,45.96
efbc746e,781,79,7,289.74
156f274d,781,99,8,155.1
d03fe927,781,21,7,210.5
6b2fb3e7,782,139,5,562.91
2c0148a7,782,112,9,209.57
37831a5e,782,130,10,366.73
b30917e4,782,53,6,350.56
e8725ec5,782,97,3,356.16
e98cc96d,783,60,7,341.45
53b8399d,783,7,10,588.01
68d85a2c,783,116,1,353.96
fac7ac5b,783,98,1,598.38
b996b443,784,59,5,333.45
0387c149,785,133,10,512.38
1125d8e3,785,10,7,321.2
02539766,786,13,5,343.78
5934f2bb,786,116,3,353.96
accbea01,787,134,2,411.75
7d742a44,787,14,10,613.39
33219a33,788,109,3,662.43
15b693e0,788,51,10,114.5
06deef58,789,142,6,409.18
640be307,789,48,4,120.58
f55632d1,790,129,9,254.73
5524eb6d,790,43,1,143.8
6dc2d498,790,62,10,663.53
5465fe38,791,64,3,319.78
93afb4bb,791,18,7,172.05
1e1c10de,792,135,8,156.85
b8cf4634,792,91,10,390.95
374f5955,792,104,5,112.88
a0f43a1e,792,129,8,254.73
de3dd0dc,793,106,7,13.38
a2bd9de7,793,81,8,
05ffae77,793,112,3,209.57
12fb3ead,794,102,4,451.88
22cba5a6,794,113,5,576.51
974e73a0,795,14,4,613.39
d2caafdd,795,26,5,269.03
bcc6648a,796,91,9,390.95
a867766b,796,123,2,476.54
4ebd8da7,796,130,3,366.73
94e78b16,796,144,5,111.39
b0f38d81,797,86,10,79.11
77c482fe,797,73,6,189.8
3348bab3,797,32,8,505.23
5f86e378,798,130,2,366.73
a326a17f,798,97,6,356.16
73f09fd4,798,69,3,130.35
32ef05d9,798,24,10,276.31
f73770d9,798,11,1,175.83
02aae4f5,799,110,9,431.46
0287bb3c,799,54,1,76.52
755c10fa,799,10,5,321.2
f14edd0f,799,57,8,45.96
28d9a886,799,127,2,105.14
4fdf24b7,800,121,5,563.05
f2634f92,800,85,6,300.34
bb79ded8,800,134,5,411.75
5d18ac11,800,63,4,158.85
ac579784,800,70,6,205.03
6a37010c,801,77,5,107.21
dfc0ec25,801,58,4,504.47
ca5f4220,801,40,2,269.82
349e3eb6,801,106,7,13.38
9955d90b,802,81,1,197.74
7db32f3d,802,40,7,269.82
eee3f6dc,803,126,7,63.86
01cf9ea6,804,87,3,414.86
0f8ed09c,804,22,2,224.4
6c377390,804,3,3,217.43
7c0139c7,805,121,3,563.05
1252f879,805,94,6,266.93
4c2f91e9,806,22,1,224.4
3635332d,806,50,3,447.11
b7ee7336,806,126,2,63.86
c7415e4c,807,36,2,583.1
e6bea06e,808,58,5,504.47
43d1255b,808,42,8,217.34
5f9bf58a,808,131,5,156.26
b5c07804,808,103,7,560.59
6072659a,808,80,6,26.66
fe9ad3f5,809,31,3,100.15
d9990917,810,82,10,336.54
d30a6d98,811,54,8,76.52
120f42a9,811,101,4,149.65
74d59954,811,65,7,82.75
b8c11d99,811,102,6,451.88
4c9f741e,811,109,6,662.43
1590df43,812,65,7,82.75
13d3fc23,812,86,3,79.11
3a27e945,813,47,7,
c8ff0ceb,813,93,6,85.6
6a7443f9,813,1,2,247.17
810389f7,813,129,4,254.73
0fe9f810,814,136,10,276.4
77091289,814,112,1,209.57
743e4355,814,141,5,350.19
7b50283f,814,12,5,249.75
dba9a23f,814,17,8,312.14
1695c601,815,58,8,504.47
5dc16e2e,815,10,4,321.2
9c7da593,815,102,-5,451.88
e1a9d9af,815,57,8,
a45cdb6a,815,13,2,343.78
8f458bd5,816,14,8,613.39
a5781f86,816,142,5,409.18
90fbe61f,816,100,9,499.43
839e4446,816,52,1,635.0
f92dd59a,817,67,3,144.67
b2dd0b53,817,107,3,235.92
b60259f0,817,42,6,217.34
bb9eee80,817,80,9,26.66
1f18b8ca,818,62,2,663.53
ff389bf7,819,87,2,414.86
7fd063df,819,137,8,514.29
cf993215,820,91,3,390.95
c1ccfa25,821,23,2,131.11
e462a45e,822,8,6,62.66
72285af8,822,111,2,522.96
0bf44a0d,822,104,4,112.88
6e7c7ccf,822,124,10,476.13
0e1b7757,822,59,8,333.45
8fd4624e,823,10,8,321.2
306af162,823,5,6,84.34
afe7eb9b,823,2,6,616.23
cf8b3aa8,824,35,8,227.38
8134b3bd,824,88,2,366.29
80332354,824,82,4,336.54
65af7360,824,76,1,272.25
7e2cb50a,824,77,3,107.21
a47ecdea,825,136,6,276.4
7449debd,825,77,7,107.21
4bf67405,825,84,3,230.04
b34628f9,826,93,2,85.6
a8bc30c0,826,86,6,79.11
43c32b4c,826,55,10,294.55
ca0e1b08,826,71,5,485.03
9935321e,826,139,2,562.91
4bb1fec0,827,77,2,107.21
e975f147,827,11,5,175.83
0bcbef6d,827,86,5,79.11
8bdb010e,827,25,-10,302.2
f6d181bf,827,11,8,175.83
c12c093d,828,64,2,319.78
3c15c2bc,828,146,2,
595be312,829,62,-7,663.53
475e4b97,829,70,10,205.03
f8d92b1c,830,55,10,294.55
0f87d49d,830,136,5,276.4
29cc876f,830,106,10,13.38
8b8af4b6,830,32,7,505.23
e04e0a98,830,1,2,247.17
8519fb80,831,31,4,100.15
fbbde9ae,831,64,1,319.78
3c0138bb,832,1,4,247.17
f79b803c,832,4,7,39.86
ece2cb41,832,37,3,659.37
2a284263,833,133,5,512.38
90628dce,833,38,4,323.52
c99a2651,833,63,8,158.85
c6069ce8,834,16,1,112.75
1e5bd432,835,73,5,189.8
e34def5a,836,90,5,25.09
13bc54e1,836,71,8,485.03
4f74d567,836,123,4,476.54
aaf74010,836,61,8,353.88
24b1eb93,836,142,9,409.18
f2f98817,837,70,9,205.03
910de633,837,6,2,94.32
b05a9fd1,837,62,5,663.53
6d314710,838,136,3,276.4
586104b8,838,1,3,247.17
c28cfa46,838,142,7,
3863df0d,838,50,3,447.11
cb38f1f2,838,109,5,662.43
80fe759e,839,145,10,173.53
9f80fd4d,839,51,4,114.5
d21ad17d,839,92,8,118.2
15574e91,839,127,4,105.14
ad95fbeb,840,60,7,341.45
d7ed49e2,841,113,3,576.51
7bfc9c42,842,105,2,27.25
5323a022,843,31,2,100.15
eaa7a398,843,138,4,347.46
561af696,844,56,7,237.91
78a1bb4a,845,1,7,247.17
1343b471,845,116,9,353.96
1d06ebf4,846,50,3,447.11
d117f3da,846,12,3,249.75
6e756865,846,34,5,457.44
893f9b90,846,58,10,504.47
e5e7db71,846,53,6,350.56
7d54063d,847,41,8,135.18
316ac85b,847,9,9,306.24
2892723b,847,108,2,409.77
6fc107f2,847,19,3,385.52
8e77879d,848,136,10,276.4
1a806657,848,85,8,300.34
6837f5c2,848,137,10,514.29
46072bf9,849,55,1,294.55
dfedb241,849,138,8,347.46
4139b2d7,849,30,3,230.06
9db6554f,849,137,2,514.29
2d9a253a,850,138,4,347.46
7b72d348,850,13,9,343.78
6d955d72,851,135,9,156.85
8953ec3c,851,141,3,350.19
9aa2be35,851,126,4,63.86
2ee64f85,851,23,9,131.11
9201fe90,851,109,9,662.43
8979dd8f,852,8,1,62.66
2ebc5fc4,852,7,1,588.01
5f9f2a5f,852,150,2,192.44
4861df9a,853,96,1,548.63
7e4c08f4,853,7,3,588.01
6ac868bb,853,30,9,230.06
50ce2c83,853,67,3,144.67
c2bab220,854,126,9,63.86
2e0f7538,854,45,5,25.51
f5803b97,854,81,7,197.74
0b6b77c6,854,120,1,32.84
295faf58,854,67,4,144.67
5c0748d5,855,104,7,112.88
ffb238a7,855,39,5,547.33
5bf86adb,855,95,1,124.61
766a6d1d,855,148,7,325.19
b690f876,855,11,8,175.83
28fd3d3c,856,91,1,390.95
35c136bd,856,135,3,156.85
97333c81,856,13,2,343.78
48ae7dc1,856,136,2,276.4
40d26a42,856,2,5,616.23
23dca2b6,857,128,4,248.41
b0a575de,857,49,9,234.47
a162aa8e,858,76,3,272.25
ec88aad0,859,6,4,94.32
175e45b6,859,34,6,457.44
8d7d48e5,859,111,4,522.96
2413f344,860,75,7,110.22
60bfe344,860,96,5,548.63
5c848b80,860,104,4,112.88
9652fc4f,860,140,3,94.52
fc989695,861,97,5,356.16
3691801d,862,130,1,366.73
67e48a3d,862,95,4,124.61
b3f36864,862,46,5,35.41
5c51c28d,862,120,10,32.84
6f6c1164,862,88,1,366.29
fd58f6a3,863,54,6,76.52
f2186521,863,81,2,197.74
a64832e6,864,117,9,143.81
dff2d868,865,62,10,663.53
bfab0211,866,58,1,504.47
9a9c421b,866,20,2,602.66
cef005b0,867,119,9,362.46
10d47034,867,135,1,156.85
94f132a7,867,7,1,588.01
e408fd95,868,135,1,156.85
ab0b1173,868,121,8,563.05
70006183,868,31,7,100.15
9d88ff4b,868,55,7,294.55
68171184,868,35,1,227.38
6bb9edf1,869,74,2,309.82
38f23bfa,869,102,9,451.88
c6af3ece,869,36,7,583.1
76c9549a,869,41,4,135.18
fb1625c1,869,19,4,385.52
3aa0cd20,870,76,3,272.25
8b8a0f2c,871,61,8,353.88
fe126913,871,12,9,249.75
6c18a949,871,33,7,
35a5a60e,872,93,7,85.6
f99d9257,873,19,6,385.52
aa78bd48,874,92,1,118.2
5f0ecabb,874,47,7,256.73
9f300e1e,875,54,9,76.52
1a271c13,875,11,2,175.83
a7473f77,875,2,9,616.23
71321b95,875,88,5,366.29
b0a94b42,876,55,4,294.55
c836e329,876,32,1,505.23
dee9cead,876,5,10,84.34
b5841199,876,145,10,173.53
3a3da274,876,74,10,
fdf164e8,877,147,10,355.47
7ca0dca8,877,147,7,355.47
f66b1731,877,142,10,409.18
2e925961,877,117,2,143.81
82390961,877,138,6,347.46
a9dc5060,878,76,1,272.25
2e10e66c,878,146,10,375.4
ec4dfe93,879,76,3,272.25
bad90bf5,879,145,9,173.53
ce931e1d,880,40,7,269.82
5739444b,881,80,9,26.66
9412ac77,881,134,10,411.75
bff7c338,881,93,4,85.6
512cbf59,881,144,1,111.39
ccb86de2,882,37,10,659.37
22ad662e,882,141,3,350.19
5e11f49d,882,140,3,94.52
52d9f10f,883,105,2,27.25
95534be1,883,144,8,111.39
763ea82e,883,38,4,323.52
07f7b976,883,87,2,414.86
3eacc478,884,80,9,26.66
c80a4c21,884,8,3,62.66
fe6a08f5,884,2,9,616.23
37f48723,884,100,2,499.43
9861db3d,884,100,9,499.43
ff01ffc0,885,13,2,343.78
2466de0a,885,72,2,232.02
c956981b,885,83,1,264.39
49241e89,886,114,7,112.98
cf63ef63,886,95,4,124.61
9976b334,886,127,8,105.14
a4167b29,886,42,1,217.34
2369d6e3,886,36,7,583.1
ee35f0bc,887,24,8,276.31
fa18ee6a,887,99,1,155.1
7523175e,888,6,7,94.32
2b6aaee3,889,60,2,341.45
cf0b9db0,889,81,6,197.74
a6408b7d,890,119,1,362.46
6d493bdc,891,1,7,247.17
d7f1c776,892,140,10,94.52
5100d6b2,892,49,4,234.47
c79f4095,892,140,5,94.52
f5b28fff,893,102,5,451.88
9f559f0c,893,25,7,302.2
18442495,893,61,8,353.88
ac7ab9bd,893,27,7,304.08
06314f6e,893,37,8,659.37
9ff8ba3f,894,24,8,276.31
7e7d760e,894,47,2,256.73
981cd841,895,126,10,63.86
64e54a52,895,60,9,341.45
48cb2527,896,105,1,27.25
add3b303,896,116,1,353.96
6b1a7790,896,140,7,94.52
061e0bd3,896,31,8,100.15
c13ef132,896,128,4,248.41
2f97f678,897,97,9,356.16
47c9a553,898,41,2,135.18
091d1cc4,898,94,1,266.93
ab2e0604,899,19,9,385.52
16475858,899,19,10,385.52
1cf08994,899,117,10,143.81
ef62732a,900,139,5,562.91
31ca2559,900,41,3,135.18
192a6f37,900,85,1,300.34
bfe3c1d7,901,65,9,82.75
4497503b,901,77,10,107.21
e6d80f7f,901,132,9,313.92
d79d4ccd,901,73,6,189.8
01aaa74d,901,118,1,199.93
145ba2dc,902,115,7,317.48
187be497,902,48,1,120.58
75338108,903,119,8,362.46
5f3a63b3,904,130,8,366.73
64d3b100,904,34,6,457.44
68fc3b42,904,10,9,321.2
172f0ed3,904,103,3,560.59
b9c91885,904,95,1,124.61
ee7712ad,905,85,8,300.34
70203249,905,32,3,505.23
ae664898,905,88,6,366.29
16ab3f0d,905,135,7,156.85
07bee002,906,35,9,227.38
b5d38ea5,906,101,4,149.65
f81e8358,906,147,2,355.47
53080bcc,906,21,6,210.5
064c09f0,906,124,3,476.13
ed811b2f,907,57,4,45.96
578c596b,907,95,2,124.61
249742d6,908,94,1,266.93
f2705aae,908,68,7,25.46
bbf045a8,908,5,10,84.34
2ec70a4b,908,74,5,309.82
3a34fb76,908,31,9,100.15
488dba8f,909,13,4,343.78
f8565742,909,149,4,234.87
747084b2,909,94,4,266.93
9b67274f,909,76,8,272.25
2c6bcf86,910,55,7,294.55
5eb9d60f,910,135,2,156.85
19612b8b,911,69,3,130.35
68e2ef11,912,46,8,35.41
d1ec3d30,913,16,10,112.75
b56fcc98,913,123,1,476.54
759a416a,913,132,9,313.92
b76825b8,913,103,3,560.59
1d4aa88c,913,143,7,485.74
ff2cf1b8,914,138,8,347.46
c4920876,914,36,8,583.1
596318b5,914,72,9,232.02
69e14000,914,109,6,662.43
c5c58965,914,74,3,309.82
46a9ed4c,915,86,1,79.11
ec607855,916,96,4,548.63
11717268,917,84,6,
2a7127a9,917,88,8,366.29
78ad7a9f,918,73,5,189.8
c075e362,918,99,7,155.1
87dac56d,918,126,3,63.86
9a108168,918,57,7,45.96
3b361df8,918,113,5,576.51
89f72338,919,95,5,124.61
12f32299,919,135,4,156.85
876fe636,919,140,2,94.52
2662fc0f,920,79,10,289.74
9d4594ec,920,3,2,217.43
c4cdc7ac,921,89,1,164.35
b92a9da7,921,104,9,112.88
b07ccccb,922,67,6,144.67
38a4d016,922,35,7,227.38
3fe94deb,922,9,6,306.24
a589ca9d,923,62,2,663.53
0548b399,923,47,8,256.73
f860632f,923,45,2,25.51
1e5cc05a,923,114,4,112.98
3fec984c,924,40,10,269.82
5e19b034,925,110,6,431.46
db9bfc2b,925,78,4,321.17
4ad220f0,925,43,6,143.8
ad0627ad,925,63,10,158.85
be5688eb,926,126,8,63.86
fa2e4511,926,57,3,45.96
74963475,926,6,10,94.32
5276cf51,927,47,8,256.73
d72a1509,927,150,-8,192.44
853d7634,927,113,2,576.51
02d867c2,927,120,9,32.84
e2a63843,928,133,4,512.38
609adf13,928,26,3,269.03
f6e4dc8d,928,14,9,613.39
c75de3c6,929,133,9,512.38
bb58130e,929,90,4,25.09
20678deb,929,96,9,548.63
ffffb82b,929,137,7,514.29
e4421254,929,11,4,175.83
c09248ae,930,83,2,264.39
cdf2f5d0,931,24,1,276.31
65ab8f12,931,43,10,143.8
247d219b,932,50,1,447.11
8da76105,932,2,10,616.23
4538455e,933,30,3,230.06
b88d6ae1,933,39,2,547.33
1b9ca997,933,118,7,199.93
7b894fda,933,14,2,613.39
bc531fbf,933,23,2,131.11
774c183c,934,115,3,317.48
5a8659a5,935,55,1,294.55
e1e27967,935,98,6,
6249b98f,935,46,8,35.41
3b3e64c3,935,78,9,321.17
8bbd5af5,936,143,7,485.74
359dacd3,937,39,10,547.33
5135dd73,937,50,6,447.11
e352aad7,937,98,2,598.38
436da1b6,937,1,4,247.17
94569c95,937,89,3,164.35
11310b57,938,31,3,100.15
86c9fca2,939,79,3,289.74
813ed3bc,939,20,3,602.66
4a8216c5,939,14,7,613.39
e3307713,940,43,10,143.8
5b1307da,940,22,7,224.4
0d8de7fb,940,106,4,13.38
0ba3501f,940,136,2,276.4
c645c3a9,940,41,1,135.18
2aa94830,941,93,7,85.6
95ec4894,941,116,6,353.96
28538911,942,96,5,548.63
bf7df6bf,942,64,5,319.78
3881f1b9,942,65,8,82.75
ec98c17e,943,32,1,505.23
06437d86,944,103,5,560.59
e644fda6,944,42,7,217.34
f2af2e7b,944,133,2,512.38
587edc9a,944,115,2,317.48
a831691b,944,28,6,211.7
2aebb6c1,945,64,1,319.78
8ba703e4,946,71,8,485.03
081bc64e,946,45,2,25.51
7ebe7cb3,946,145,7,173.53
7b689915,947,65,8,82.75
03839225,947,2,6,616.23
868bba91,947,52,10,635.0
3e364c39,948,112,3,209.57
c1e881c0,948,135,4,156.85
6413a383,948,122,1,206.63
55c6718a,949,7,2,588.01
803c209a,949,125,8,495.37
35e025aa,949,6,5,94.32
6da5c473,949,142,2,409.18
9277de8f,950,64,2,319.78
05db47a0,950,66,10,41.73
1526a40b,950,77,10,107.21
3d68f5e2,951,17,4,312.14
14713f4b,951,31,7,100.15
ac6baa98,951,75,2,110.22
3a2ebc77,951,26,3,269.03
e646dd19,951,13,8,343.78
c4cdf48b,952,132,10,313.92
44cc928d,952,30,10,
44775b9e,952,68,3,25.46
90094364,953,14,9,613.39
b9ee4073,953,44,2,595.46
d7c392d5,954,25,9,302.2
65e05fdc,955,130,10,366.73
2cfacaa4,955,29,2,489.96
b0f243ea,955,138,9,347.46
9ce9935d,955,131,1,156.26
8cfbfce4,955,140,7,94.52
a5abfd2d,956,134,9,411.75
6c0a5f49,957,139,3,562.91
127ee2af,957,139,1,562.91
859f9d38,957,24,3,276.31
9f65b6fc,958,41,9,135.18
d1b94abf,958,70,3,205.03
7a456221,958,130,3,366.73
8bfaf99a,958,149,8,234.87
76beedb2,958,12,10,249.75
4781616d,959,110,1,431.46
6d513502,959,64,3,319.78
ab9ac90b,959,142,9,409.18
db398181,959,91,2,390.95
5c87130d,959,102,3,451.88
d983671a,960,99,9,155.1
15399a22,960,110,1,431.46
66c81d70,960,39,2,547.33
a572ff72,961,149,4,234.87
d7e635b7,961,139,9,562.91
95f817f8,961,147,4,355.47
6598ec8d,961,129,4,254.73
b84ee305,962,114,10,112.98
cca5ea78,962,17,2,312.14
9fcc4cc0,962,29,10,489.96
0070d665,962,64,6,319.78
b353cff1,963,60,4,341.45
b031c9d9,963,1,6,247.17
a19ac300,964,103,6,560.59
eed7da7c,964,43,6,143.8
f7f3d213,964,78,8,321.17
c09062f9,965,75,5,110.22
573370c0,965,103,2,560.59
cf312e85,965,17,9,312.14
9f3cb9a5,966,139,1,562.91
46f94206,966,142,3,409.18
64abb191,966,70,7,205.03
a630a410,966,58,6,504.47
14331c84,966,97,5,356.16
0408906e,967,102,10,451.88
5b7b636e,967,130,7,366.73
3917e159,968,81,1,197.74
1162e58e,968,47,1,256.73
a70ddd80,968,93,4,85.6
1dbc4cf2,969,21,7,210.5
448bd8ce,969,138,9,347.46
7d627dd6,969,81,4,197.74
874a622d,970,96,10,548.63
a2445f67,970,13,1,343.78
1becf839,970,78,3,321.17
9aad64c2,970,65,3,82.75
610fb01e,970,97,5,356.16
9a243f6c,971,13,6,343.78
5ca2d382,971,4,5,39.86
17ffd059,971,126,8,63.86
1c421693,971,147,8,355.47
95fd89d0,972,8,7,62.66
61c17e82,972,95,5,124.61
36de6b90,973,75,1,110.22
94d66ade,973,89,4,
4f6f9bdf,974,31,3,100.15
ef1dbad0,974,116,7,353.96
006be31e,974,122,5,206.63
667876e3,974,18,7,172.05
4593966f,975,65,9,82.75
37599ae6,976,133,7,512.38
bccdbece,976,144,3,111.39
210e442e,976,148,10,325.19
4ef57e6c,976,4,5,39.86
3541499d,976,105,5,27.25
6d72e1ac,977,14,4,613.39
449dbbd0,977,123,6,476.54
625e8e01,978,13,8,343.78
f880e885,978,44,6,595.46
5fcfdd8e,978,45,5,25.51
7a121e1f,978,60,9,341.45
309bd625,979,66,5,41.73
0887ce9c,979,120,6,32.84
fe27cf84,979,20,2,602.66
fcf7d683,980,126,10,63.86
d313bd8d,980,116,8,353.96
f96cc67e,980,53,4,350.56
fd520655,980,43,8,143.8
986aaa77,981,19,8,
fff386b6,981,139,1,562.91
9f411347,981,100,4,499.43
2679b7a0,981,50,1,447.11
a62c1927,981,59,6,333.45
1f9746f0,982,59,5,333.45
cf610a13,982,27,9,304.08
c2a08875,982,113,8,576.51
0959484a,982,18,7,172.05
93e5c410,982,66,5,41.73
45efd8bc,983,54,9,76.52
e302e11b,983,122,10,206.63
850b53b6,983,142,2,409.18
544ab79c,983,83,4,264.39
9ee1f1f5,984,138,7,347.46
aa27368b,984,109,10,662.43
e8c9a21e,984,16,5,112.75
7e1e56ff,984,149,3,234.87
8a4889a2,984,116,3,353.96
2785e011,985,65,3,82.75
2d9b6c57,985,143,4,485.74
3ec526ca,985,61,4,353.88
b36375d6,985,29,9,489.96
34403f5d,985,41,10,135.18
b054f849,986,55,3,294.55
6aedfe54,987,5,2,84.34
617ef8dc,987,112,7,209.57
96cf9dc0,988,124,7,476.13
357e19b1,988,76,4,272.25
7e74855e,988,74,1,309.82
98b0b442,988,142,5,409.18
6b04720d,988,22,10,224.4
c92e1835,989,36,4,583.1
b89cd1f5,989,81,2,197.74
061f8364,989,5,8,84.34
40660c78,989,47,1,256.73
6b375d53,990,85,1,300.34
92411b8b,990,111,7,522.96
ab1e4716,990,4,7,39.86
21ab224d,990,23,2,131.11
f80c9ca7,990,58,-5,504.47
ca752098,991,69,10,130.35
dd7a2b90,991,4,6,39.86
dd6c34e1,991,111,7,522.96
2168d524,991,37,7,659.37
38c2182b,992,4,9,39.86
f2a44bdf,992,143,9,485.74
60ce3016,993,94,1,266.93
9c111be1,993,47,6,256.73
296a7904,993,117,7,143.81
d5ff154d,993,33,1,34.52
5297c3cd,994,148,9,325.19
bc420ac3,994,4,5,39.86
a5c8d180,994,2,10,616.23
d6bb6e56,995,31,8,100.15
dc0e1b1b,995,24,3,276.31
c7b0a4bb,995,48,2,120.58
a567d0e6,996,104,3,112.88
7305863a,996,37,10,659.37
b58ccf82,996,20,8,602.66
3898e78f,996,68,6,25.46
c31cdc76,996,142,6,409.18
efa62e0f,997,33,1,34.52
a9a7f8f0,997,94,8,266.93
08599c84,997,5,1,84.34
2aa4388b,998,118,3,199.93
7a825fa2,998,121,3,563.05
9f95c6ec,998,84,-5,230.04
b7a758c6,999,116,4,353.96
f74415f9,999,19,7,385.52
88a43352,999,96,1,548.63
aa8b497f,999,90,9,25.09
64c1218e,999,16,2,112.75
41d57459,1000,23,6,131.11
25db8c12,1000,12,6,249.75
c8a0c089,1001,52,1,635.0
c3c22115,1002,124,5,476.13
b6c0a5d4,1002,23,9,131.11
4577b74a,1002,84,5,230.04
b1dbbb71,1003,143,10,485.74
7feebe11,1003,89,3,164.35
ee4e1701,1003,121,2,563.05
2ea9e7fa,1003,132,3,313.92
8b332f2f,1003,80,9,26.66
c6da8338,1004,12,3,249.75
89ad43b6,1005,120,5,32.84
f1ff2068,1005,93,8,85.6
83ffd8a6,1006,108,9,409.77
ab1a6edc,1006,140,7,94.52
8aa1130f,1006,50,10,447.11
07397474,1007,78,3,321.17
2988475c,1007,77,7,107.21
2e84d602,1007,85,6,300.34
26d72c72,1007,71,1,485.03
e81c54d2,1007,86,6,79.11
41d3233a,1008,9,9,306.24
b9e92e76,1008,84,2,230.04
f36cb34e,1008,80,1,26.66
a9dc95b7,1008,60,2,341.45
a19bb5b4,1008,119,9,362.46
94942039,1009,114,7,112.98
c56db904,1009,44,1,595.46
d05f35dc,1010,22,3,224.4
d4e793a6,1010,35,3,227.38
d8de65b6,1010,145,6,173.53
57774602,1011,87,4,414.86
fd3772ec,1012,87,1,414.86
899236fb,1012,127,2,105.14
57505749,1012,34,8,457.44
b2bb3ccb,1012,91,10,390.95
b192b601,1012,60,2,341.45
79b8221b,1013,4,4,39.86
4b00d93c,1013,1,5,247.17
a4b92229,1013,55,7,294.55
e4f71378,1013,73,2,189.8
3d8ee194,1013,25,4,302.2
bb4b3d1a,1014,89,4,164.35
df2c0d94,1014,88,3,366.29
83611d57,1015,148,1,325.19
60ce4c26,1015,110,9,431.46
71dd901b,1015,113,8,576.51
0bec9780,1015,62,8,663.53
8b325a48,1016,74,5,309.82
7acad600,1016,96,4,548.63
d208b8dd,1017,56,3,237.91
9e9d7c78,1017,19,8,385.52
8c77e67f,1018,118,9,199.93
79d67c32,1018,48,10,120.58
b753c548,1018,57,5,45.96
472eb11b,1018,4,1,39.86
9ff5887c,1019,139,9,562.91
ac9de382,1020,23,7,131.11
2d70954d,1020,35,10,227.38
f41e6c0b,1021,143,9,485.74
bf3eba10,1021,48,2,120.58
a2868a64,1021,109,5,662.43
9ce1b50d,1021,62,7,663.53
7805473c,1022,134,3,411.75
ed05add9,1022,119,1,362.46
52e00af1,1023,42,4,217.34
68d5055b,1024,26,10,269.03
55383937,1024,91,9,390.95
550308aa,1024,126,1,63.86
18642570,1024,112,2,209.57
cde020c3,1025,21,10,210.5
c18fa85d,1025,119,8,362.46
d2aaa2cd,1025,98,9,598.38
bf9aa72b,1026,137,10,514.29
a2378d6b,1026,97,10,356.16
eb53572a,1026,149,8,234.87
e428a212,1027,132,3,313.92
1573c2d2,1027,42,1,217.34
d0934fed,1027,76,9,272.25
b9f9fdef,1028,72,5,232.02
ba3722e3,1028,55,3,294.55
3d6a858d,1029,148,10,325.19
3c47a310,1030,13,5,343.78
5b8283e3,1031,92,3,118.2
2f8bbce0,1031,96,4,548.63
bd88ffe1,1032,105,5,
b66f61d8,1033,60,8,341.45
c06368a3,1033,150,2,192.44
903362aa,1033,19,1,385.52
bb25e71d,1034,11,3,175.83
773252a5,1035,71,2,485.03
2bb632df,1036,31,7,100.15
bdad35ea,1037,101,8,149.65
ca40f71f,1037,11,7,175.83
7de2d733,1037,40,2,269.82
09170d19,1037,93,6,85.6
cd9a202a,1037,66,5,41.73
2e8f2c3d,1038,49,4,234.47
24fb5cd8,1038,78,10,321.17
66dd04d4,1039,23,5,131.11
a480a70c,1039,106,3,13.38
bcd935bb,1039,143,6,485.74
2a64cf3a,1039,132,9,313.92
0c17d4af,1040,26,10,269.03
7b785e54,1040,62,5,663.53
f047b077,1040,147,7,355.47
c6d0997e,1040,87,4,414.86
4556beb7,1041,94,1,266.93
eb5546eb,1041,63,5,158.85
73eab1ba,1041,9,4,306.24
ba640f77,1041,94,9,266.93
346aabcb,1042,145,5,173.53
ba148e9a,1042,103,10,560.59
c2100c0e,1042,69,6,130.35
ee9743a2,1043,101,7,149.65
c1c4f371,1043,129,7,254.73
d996113e,1043,54,5,76.52
8faf0974,1044,147,6,355.47
789f961a,1045,48,7,120.58
2f47a5b4,1045,96,10,548.63
59d396e1,1045,115,3,317.48
e37afd38,1045,4,8,39.86
847c5f4d,1045,62,6,663.53
d713f1ed,1046,14,5,613.39
7825fef6,1046,64,3,319.78
a8ccd26f,1047,15,8,440.74
2b6f700c,1047,118,4,199.93
bd9d687a,1047,5,1,84.34
a72d5684,1048,37,2,659.37
418fe157,1048,115,2,317.48
6e3bfcd4,1048,82,3,336.54
2bbccce0,1048,72,3,232.02
84baba69,1048,118,5,199.93
fe92effe,1049,50,3,447.11
8e8c2c26,1049,7,9,588.01
a283675a,1049,38,4,323.52
753fa8d7,1049,34,10,457.44
65d2462d,1050,72,1,232.02
7ae961c0,1050,92,3,118.2
5fe9b490,1051,12,1,249.75
f8e2657c,1051,46,3,35.41
e91e3e1c,1051,119,4,362.46
046142e4,1052,56,7,237.91
9bc9c621,1052,23,8,131.11
90cecc61,1052,51,2,114.5
0e548970,1052,90,3,25.09
42358daa,1052,7,10,588.01
2319ec63,1053,91,4,390.95
50c09785,1053,39,8,547.33
67ee2d7d,1054,74,6,309.82
6db4242c,1054,57,6,45.96
fd61d24a,1054,110,2,431.46
f1884f4d,1054,121,7,563.05
ff834642,1054,118,1,199.93
93d5829f,1055,98,1,598.38
2226cf7e,1055,40,7,269.82
1d26517b,1055,142,4,409.18
f9753c66,1055,144,3,111.39
45e067a3,1055,127,7,105.14
b0f51096,1056,114,5,112.98
6b7c21d1,1056,56,3,237.91
47039e1b,1056,131,1,156.26
85a8d98b,1056,75,5,110.22
2b91d99b,1057,46,6,35.41
3905c425,1057,87,4,414.86
74c24198,1057,100,4,499.43
691e7769,1057,123,4,476.54
292b7397,1057,137,1,514.29
c969f5bd,1058,125,6,495.37
519a760e,1059,39,1,547.33
d3b8880e,1060,131,5,156.26
a760757a,1060,122,6,206.63
89882bd5,1061,146,2,375.4
cd82eb1e,1062,19,2,385.52
799965c9,1062,88,6,
8aff92ca,1062,24,10,276.31
eafd3411,1063,92,3,118.2
ffc31c43,1063,36,1,583.1
7a0541e8,1063,41,1,135.18
00fe6c11,1064,39,5,547.33
a93f2e5d,1064,63,7,158.85
dd9ec9ea,1065,10,10,321.2
e3df024f,1065,19,3,385.52
80217401,1065,60,2,341.45
63264807,1065,48,3,120.58
2f1ae512,1065,8,8,62.66
6d131c9d,1066,108,6,409.77
45bbcdbd,1066,54,10,76.52
b7caf9cf,1066,80,4,26.66
ca188eb0,1066,98,6,598.38
5fa1ad17,1066,132,10,313.92
023e0455,1067,18,6,172.05
50848587,1068,117,5,143.81
4fbb9bcf,1068,1,3,247.17
9fa7c962,1068,102,5,451.88
70f77ec8,1069,116,5,353.96
0c8b3304,1069,52,7,635.0
2f424809,1069,9,5,306.24
c7bc7d5a,1069,105,4,27.25
4a503414,1070,70,10,205.03
c3555c0f,1071,92,3,118.2
39e9c67b,1072,120,1,32.84
7ad4be55,1073,110,5,431.46
cc6520ea,1073,81,10,197.74
9aaee4e4,1074,101,6,149.65
5be4e32b,1074,112,4,209.57
43c467f1,1074,68,5,25.46
21e958bc,1074,66,2,41.73
160d1636,1074,32,7,505.23
69cb0370,1075,71,10,485.03
ba54e651,1075,70,7,205.03
2ac07558,1075,144,3,111.39
062a60a8,1075,85,9,300.34
27876367,1075,123,4,476.54
f315dbde,1076,26,4,269.03
23736b42,1076,147,8,355.47
e042542f,1076,30,8,230.06
e948ba7a,1076,78,9,321.17
6c6011e9,1076,106,6,13.38
6a39a3d9,1077,11,5,175.83
0089092e,1077,78,7,321.17
8f6c912f,1078,37,6,659.37
5878da67,1078,53,8,350.56
909bf36c,1078,92,9,118.2
02b7e634,1078,85,10,300.34
8c8b00d3,1078,121,1,563.05
89707301,1079,67,6,144.67
fb36bba3,1079,84,7,230.04
04164db3,1079,58,9,504.47
ff5b7a0c,1079,53,5,350.56
54b06eb2,1079,105,3,27.25
1f96775e,1080,47,5,256.73
d0048376,1080,5,5,84.34
1ff2d616,1081,139,1,562.91
984a51db,1081,81,3,197.74
857b88d0,1081,150,1,192.44
eaf2e3fe,1081,23,8,131.11
08ad7194,1081,120,5,32.84
95c23c54,1082,94,1,266.93
2b245a04,1083,115,6,317.48
6651dff8,1083,41,4,135.18
c82d6233,1083,40,10,
8e74acee,1083,5,3,84.34
34ccdff8,1084,6,4,94.32
5fdade8e,1084,113,2,576.51
d1fd0897,1085,113,7,576.51
16c5174b,1085,89,6,164.35
7d27732c,1085,45,5,25.51
c89e9e7c,1085,21,3,210.5
58e9aab0,1086,61,1,353.88
f1d11967,1086,34,1,457.44
9e0b2e7c,1086,18,10,172.05
6de551f5,1087,42,3,217.34
350bc6dc,1088,140,8,94.52
4b3af6f3,1088,122,8,206.63
ce30d438,1088,28,10,211.7
e418cea2,1088,47,5,256.73
f8390835,1089,40,8,269.82
354bc993,1089,17,3,312.14
066ffa73,1089,150,6,192.44
f1dfbd25,1089,73,5,189.8
f862a0e4,1089,38,4,323.52
7fb4ea33,1090,34,2,457.44
6e0db5d9,1091,142,7,409.18
2deba4e4,1091,13,2,343.78
b65423be,1091,125,5,495.37
8fda1c1e,1091,58,10,504.47
9e7c7662,1091,65,6,82.75
c0403ac1,1092,45,3,25.51
57736e13,1093,47,3,256.73
f0316ce7,1093,39,3,547.33
0b6be737,1094,50,4,
9e2f59d6,1094,139,4,562.91
6434782d,1094,78,8,321.17
dec489d4,1095,149,6,234.87
7cc537a7,1095,43,1,143.8
ce35842a,1095,97,9,356.16
55bf7d0b,1095,81,4,197.74
82e271c2,1095,66,10,41.73
8cd1a1a3,1096,82,7,336.54
0df8a17b,1096,128,8,248.41
f8da0b81,1097,21,7,210.5
39c0b260,1097,35,1,227.38
c47646c5,1097,41,3,135.18
3cc6175c,1097,83,7,264.39
37059888,1097,82,6,336.54
03a5def2,1098,105,3,27.25
474a475f,1098,47,1,256.73
df9e58d8,1098,67,10,144.67
2a043281,1098,142,6,409.18
f9aae372,1099,12,5,249.75
bd3fa72f,1099,58,3,504.47
1f58e095,1099,46,3,35.41
6739ee18,1099,20,6,602.66
fd3bbacd,1099,29,6,489.96
11dc231f,1100,77,1,107.21
78485690,1100,136,6,276.4
454c1327,1100,100,5,499.43
0b323d6c,1100,1,1,247.17
5d509393,1100,129,8,254.73
b891373c,1101,103,5,560.59
3c95fadf,1101,80,2,26.66
1fcd4f3b,1101,56,5,237.91
8a6c8c22,1101,37,7,659.37
da73de27,1101,50,3,447.11
3fa7d38d,1102,56,2,237.91
8d992220,1102,131,10,156.26
7ded4758,1103,40,7,269.82
c4e04ba7,1103,72,10,232.02
35a570fb,1103,42,9,217.34
0c220fa0,1103,141,1,350.19
11051a72,1104,1,-1,247.17
b5e50987,1105,102,4,
d0a8cf45,1105,12,6,249.75
b76405e1,1105,136,4,
3ddcbc5e,1105,91,9,390.95
c691e028,1105,44,10,595.46
181cd527,1106,118,7,199.93
aa5252bc,1106,46,9,35.41
211994c3,1106,129,10,254.73
1fe56059,1106,53,4,350.56
fc454454,1106,22,9,224.4
048928c2,1107,27,4,304.08
1f36095f,1107,28,1,211.7
a9757312,1107,130,3,366.73
246c9a6c,1107,40,2,269.82
f99b6f1e,1108,17,9,312.14
ba761bfa,1108,6,7,94.32
c27ecd25,1108,99,2,155.1
814562ca,1109,2,9,616.23
282fb969,1109,69,4,130.35
c46508b1,1109,120,10,32.84
2294b94b,1110,108,10,409.77
af31adab,1111,46,1,35.41
2e1818ea,1111,39,7,547.33
9810c84c,1111,103,9,560.59
6a418cff,1112,83,8,264.39
7d162018,1112,145,3,173.53
0b41c5c1,1112,70,7,
de05de21,1112,114,5,112.98
71b12aaa,1112,6,8,94.32
3d6a40c6,1113,17,8,312.14
4682a2f8,1113,6,-9,94.32
300b4629,1113,118,5,199.93
1797ec81,1113,144,6,111.39
7c1d6660,1114,50,10,447.11
9af36f62,1114,29,7,489.96
9d08775b,1114,118,9,199.93
9931f84e,1115,28,7,211.7
3617c111,1115,8,5,
c8e7cba3,1115,43,9,143.8
d739fe60,1115,84,3,230.04
0f6f1e70,1115,9,3,306.24
0001934a,1116,16,1,112.75
07c84a3d,1116,137,5,514.29
6d1e22c3,1116,57,1,45.96
d3f5beaa,1116,143,4,485.74
c0bc8017,1117,142,4,409.18
7d6a5fb1,1117,68,2,25.46
05f0a5d2,1117,61,1,353.88
8134105f,1118,12,6,249.75
0876ea10,1119,92,4,118.2
f3c6aba8,1119,92,7,118.2
4a22df9b,1119,145,4,173.53
25afa9a0,1119,76,7,272.25
2ea63554,1119,123,1,476.54
b4037eb8,1120,110,6,431.46
60d969ab,1121,34,10,457.44
e98d2ce4,1121,124,5,476.13
921171a2,1121,144,7,111.39
a3255c1d,1122,30,6,230.06
eeaa4646,1122,112,8,209.57
4e25b2e5,1122,46,3,35.41
c28076b1,1122,3,6,217.43
493cf428,1123,67,8,144.67
67c028bf,1123,78,9,321.17
7ef6dd77,1123,96,10,548.63
669485ba,1124,2,8,616.23
8c274304,1124,74,6,309.82
7088bbf2,1125,101,3,149.65
9ad677e9,1125,18,8,172.05
e01c2b6d,1125,37,8,659.37
13d63c93,1125,70,9,205.03
ef63aeb9,1125,89,9,164.35
100ee484,1126,44,6,595.46
2e9c4f01,1126,26,7,269.03
b6ebe9ff,1127,15,6,440.74
85eac495,1127,13,6,343.78
66be84f3,1127,115,8,317.48
6f551b5d,1127,94,4,266.93
fe2372ed,1127,113,9,576.51
0019086b,1128,77,10,107.21
58c034cf,1128,53,1,350.56
8b503c0d,1128,137,1,514.29
2bc43aeb,1128,56,7,237.91
56f68852,1129,47,7,256.73
10104d6b,1129,130,9,366.73
1bd26bf5,1130,140,8,94.52
f2661134,1130,143,7,485.74
57050c51,1130,81,3,197.74
d880010c,1131,124,9,476.13
00df84da,1131,28,6,211.7
6fada0f1,1132,114,7,112.98
a1f00516,1132,102,10,451.88
6aaf78ab,1132,58,4,504.47
c812f319,1132,148,5,325.19
344200fd,1133,148,10,325.19
d2220e57,1133,29,1,489.96
813b1a97,1133,123,4,476.54
3618869c,1134,139,10,562.91
642f87f7,1134,74,3,309.82
596fab34,1134,132,9,313.92
0525bbcc,1135,95,8,124.61
ed362a3f,1135,95,8,124.61
d0c22cc7,1135,90,9,25.09
f8ae41c5,1135,29,10,489.96
7b06912f,1135,113,10,576.51
18ad7fa8,1136,136,9,276.4
8ba53684,1137,149,9,234.87
4cca4da3,1138,109,8,662.43
15ca1199,1139,8,4,62.66
96ed1e2f,1140,63,10,158.85
6b327c78,1141,148,1,325.19
4feb45e2,1141,147,3,355.47
f9b0fddf,1141,148,1,325.19
799342bd,1142,96,2,548.63
6f0a2778,1142,130,9,366.73
6aa8660f,1142,119,1,362.46
9b1af425,1142,50,3,
d7e3f2ca,1143,21,1,210.5
94d03478,1144,90,2,25.09
27e418e2,1144,147,1,355.47
6b97a450,1144,137,2,514.29
0c97675e,1144,11,5,175.83
fedaa190,1145,88,9,366.29
4d537f9b,1145,103,3,560.59
7141f37e,1145,90,9,25.09
86964950,1145,63,4,158.85
8b32537b,1146,83,7,264.39
d77e4fb2,1147,99,7,155.1
4b87d301,1147,48,6,120.58
1307c575,1148,11,3,175.83
8f8ee11c,1148,121,8,563.05
594c5111,1148,41,9,135.18
ecd99b9b,1149,76,3,272.25
2641d564,1149,66,5,41.73
4ff72c76,1149,106,2,13.38
6e250938,1149,119,6,362.46
c9e60226,1150,11,6,175.83
d423a399,1150,144,-9,111.39
687d138e,1150,55,1,294.55
2bee950b,1151,27,5,304.08
a2c2a246,1151,117,2,143.81
2f297b4f,1152,106,10,13.38
81efe73d,1152,103,5,560.59
ea7e499a,1153,130,9,366.73
beb56b12,1154,90,2,25.09
56b9340f,1154,85,9,300.34
62c4b4d5,1154,126,2,63.86
b6dd493a,1154,6,7,94.32
376ce9ec,1155,9,4,306.24
8d01ff32,1155,129,9,254.73
fcc7cb11,1155,53,9,350.56
a9358486,1155,92,9,118.2
11931be5,1156,25,4,302.2
a874841a,1156,29,6,489.96
cdb58150,1156,108,1,409.77
fa87296c,1156,35,6,227.38
bb52ca5b,1157,60,2,341.45
3e38566b,1158,72,2,232.02
05f7e898,1158,127,10,105.14
58f0726c,1158,145,4,173.53
d91de6e7,1158,62,9,663.53
cd3bc53b,1159,37,5,659.37
899e1e69,1159,143,8,485.74
eacef5f1,1159,66,10,41.73
c4e45933,1159,96,2,548.63
c6fb008c,1159,37,3,659.37
6f0edf4e,1160,28,9,211.7
3fe888b9,1160,50,5,447.11
c11b2b54,1161,39,9,547.33
045d41a5,1161,44,1,595.46
37fc3589,1162,101,7,149.65
386d5c9e,1162,93,4,85.6
fc09f37f,1162,8,1,62.66
a244531d,1162,81,1,197.74
81a3c5e4,1162,35,6,227.38
1874b4d0,1163,23,4,131.11
624f13fa,1163,116,3,353.96
26354c27,1163,139,7,562.91
081ab552,1163,121,2,563.05
800d5c95,1164,81,5,197.74
7eb5fa40,1165,122,1,206.63
270ddbf3,1165,105,1,27.25
b218a9b8,1165,58,5,504.47
bf38421c,1165,34,3,457.44
f728cc3a,1165,102,1,451.88
7cfb78c4,1166,5,10,84.34
eed8fc08,1166,115,8,317.48
aaf4fac9,1166,6,4,94.32
a19ef993,1167,121,7,563.05
06fd8f82,1167,77,9,107.21
ab6e82e7,1167,35,5,227.38
60592766,1168,10,3,321.2
91f922cb,1168,29,6,489.96
bd65ad98,1168,24,3,276.31
ff4c2ed3,1168,104,5,112.88
c6eb381c,1168,106,5,13.38
468e3e8a,1169,98,1,598.38
db927005,1169,69,5,130.35
5e00f2e7,1169,60,8,341.45
0ca4dc4c,1169,23,10,131.11
d35a4d22,1170,77,1,107.21
0568c051,1170,136,4,276.4
984e5573,1170,33,4,34.52
281df7ba,1170,72,9,232.02
392b95a9,1170,115,1,317.48
e30d702c,1171,48,3,
121ba848,1171,17,3,312.14
28cbdb17,1171,38,1,323.52
13614707,1171,54,-4,76.52
ef345511,1172,104,8,112.88
4391ed07,1172,2,1,616.23
f534a190,1172,146,2,375.4
e2fe0784,1172,1,1,247.17
1f19b39e,1173,61,3,353.88
d372d21d,1173,117,10,143.81
2229e352,1173,148,8,325.19
e3952e7c,1173,100,1,499.43
1caa0209,1173,77,9,107.21
bf06ccae,1174,100,4,499.43
06e83ba7,1174,132,5,313.92
fbea38cc,1174,31,2,100.15
a8aee5e3,1174,115,2,317.48
3f5b561d,1175,95,5,124.61
32405ffd,1176,67,1,144.67
beb3fa0b,1176,62,5,663.53
5489743d,1177,73,10,189.8
b9f867b9,1177,104,7,112.88
86b098fe,1177,25,1,302.2
9b1d212a,1177,5,3,84.34
70afc1ad,1177,24,9,276.31
b3f2beb6,1178,1,3,247.17
15020250,1178,9,9,306.24
f7f363cc,1178,128,5,248.41
51d6ccdd,1178,120,4,32.84
a0d6a8ba,1179,89,8,164.35
e6f62039,1179,41,10,135.18
a3b62ba8,1179,36,9,583.1
fba90f6e,1179,30,7,230.06
c117de34,1180,74,7,309.82
fa76184c,1180,119,10,362.46
207ebde5,1180,110,7,431.46
8cc2fe83,1181,8,2,62.66
e466e6f5,1181,45,4,25.51
c9ca8fbd,1181,110,2,431.46
cb80fb95,1181,68,9,
8b2cbef9,1181,110,7,431.46
726921fa,1182,79,3,289.74
8a7ffd1e,1182,108,4,409.77
b5291f91,1182,7,2,588.01
206ede36,1183,80,8,26.66
fc05b489,1183,90,9,25.09
6efcd9f8,1183,105,9,27.25
146ac12f,1183,26,3,269.03
552fc4e8,1184,101,7,149.65
1d3848b7,1184,90,7,25.09
01e3ee6a,1184,71,2,485.03
ac3a3c6b,1184,114,7,112.98
1e271fdb,1185,21,3,210.5
55df565e,1185,93,1,85.6
d6647cdc,1185,28,9,211.7
4be6b67d,1185,78,3,321.17
33de5238,1185,70,4,205.03
34b586bc,1186,39,2,547.33
de6dc1c8,1186,65,10,82.75
b107deb7,1186,92,5,118.2
11342f87,1186,103,5,560.59
235cff2e,1187,127,4,105.14
95872a3a,1188,60,5,341.45
e8674139,1188,74,9,309.82
985c81aa,1189,108,9,409.77
4e178707,1190,26,1,269.03
535671cf,1191,22,3,224.4
3aa105b0,1191,103,1,560.59
ccab680f,1191,136,-7,276.4
cdcd9687,1192,99,1,155.1
f7fdcbae,1193,141,10,350.19
18c3105b,1193,13,2,343.78
2223ff26,1194,30,4,230.06
81c962cf,1194,26,10,269.03
e02a0305,1195,100,3,499.43
f575e714,1196,130,5,366.73
d2401e7d,1196,120,9,32.84
9a9dd97e,1196,3,2,217.43
8af0e3ad,1196,88,4,366.29
dd055e3c,1196,31,1,100.15
705de414,1197,121,3,563.05
b1b10b78,1197,15,4,440.74
e5518457,1197,28,7,211.7
f86f72f1,1197,29,10,489.96
030c7a59,1198,99,5,155.1
d96a8a7c,1198,138,4,347.46
3c48479a,1198,11,8,175.83
52d50442,1198,28,1,211.7
2aa3653d,1198,4,9,39.86
980162b3,1199,76,4,272.25
13dfccc6,1200,101,10,149.65
96db26d3,1200,98,9,598.38
69c1057d,1201,92,2,118.2
61a760f1,1201,63,10,158.85
063f2e75,1201,94,3,266.93
362ce225,1201,30,7,230.06
5f32ad72,1202,56,4,237.91
d1201b41,1203,73,4,189.8
dbc300f6,1203,138,4,347.46
56ab2f64,1203,75,9,110.22
bc91ee2d,1203,78,2,321.17
c64311f5,1203,20,1,602.66
8e091ef5,1204,122,6,206.63
1e1c5424,1204,100,5,499.43
d359e12a,1204,60,10,341.45
42e11b59,1205,31,5,100.15
f55da0e9,1206,109,2,662.43
e70184d1,1206,87,6,414.86
dd010b4b,1206,29,3,489.96
693fe399,1206,115,8,317.48
6ca86baf,1207,130,2,366.73
5c16fff2,1207,97,1,356.16
b64b8ef6,1207,119,3,362.46
0c95b08a,1208,72,7,232.02
4d8238c3,1208,10,6,321.2
cce6eb4a,1208,118,4,199.93
3b641224,1209,137,4,514.29
19242a7e,1209,56,2,237.91
eaf8702a,1209,59,9,333.45
d840be03,1209,114,5,112.98
aa9df9ce,1210,13,3,343.78
1da0d44f,1210,101,9,149.65
2322e922,1210,116,3,353.96
a9ffebc4,1210,12,8,249.75
ad6b75d1,1211,123,2,476.54
4cc2f098,1211,87,4,414.86
ef91428f,1211,103,8,560.59
69a4d93c,1211,33,4,34.52
93d00c2a,1212,68,9,25.46
85af66b5,1212,101,10,149.65
69d26054,1212,86,6,79.11
9a070fc0,1212,89,1,164.35
dc85615c,1212,38,8,323.52
2ce5c95c,1213,66,1,41.73
33b68acd,1213,83,7,264.39
d2cfd380,1213,129,10,254.73
d2e631a8,1213,87,6,414.86
b8763df2,1213,20,10,602.66
d90c7c57,1214,123,4,476.54
20dabf08,1214,34,8,457.44
34c9e7b7,1214,46,3,35.41
f3d312f4,1215,126,7,63.86
b8bb4bf8,1216,41,10,135.18
59637dc3,1216,74,5,309.82
00a267eb,1217,109,-10,662.43
0ef15ca3,1218,106,10,
f6d75874,1218,69,3,130.35
abea4333,1219,19,8,385.52
09b8d4ff,1220,115,1,317.48
7ae20edc,1221,48,7,120.58
7e8b8e42,1221,72,7,232.02
33fea72a,1221,113,3,576.51
ce2f0d9f,1222,145,1,173.53
4f0c8df9,1222,84,5,230.04
2bd82753,1222,141,6,350.19
fa5ad6f3,1222,58,3,504.47
e773545d,1222,127,3,105.14
45569cd2,1223,90,1,25.09
df6697aa,1224,108,8,409.77
fc96bfdd,1225,92,4,118.2
4920c1d0,1225,96,1,
25c58e30,1226,108,8,409.77
23e42ad6,1226,6,3,
f91fb542,1226,27,10,304.08
30fe8021,1226,12,3,249.75
2584b4f0,1227,9,5,306.24
b9216fe1,1227,9,10,306.24
6f24efac,1227,90,4,25.09
330bad45,1228,40,6,269.82
d55e1a40,1228,89,1,164.35
1b7662ad,1229,58,7,504.47
c43b0348,1229,144,5,111.39
7c398851,1229,50,4,447.11
3271020d,1230,110,-3,431.46
02d4a8e7,1230,89,10,164.35
8fb2466e,1230,60,2,341.45
1cfdb75a,1230,69,5,130.35
1fb9a515,1231,81,10,197.74
8e83a0ae,1231,15,2,440.74
a6fd1c37,1231,103,4,560.59
e0e1f2cd,1232,99,3,155.1
77da8f81,1232,24,10,276.31
a1988d07,1232,26,10,269.03
361dc0ec,1233,60,7,341.45
eb1f109e,1233,71,8,485.03
d6f33d21,1234,37,1,659.37
a1ed8f57,1234,115,4,317.48
4950ff17,1234,41,9,135.18
4c0b5181,1234,36,5,583.1
a8ab355c,1235,91,1,390.95
86eba953,1235,36,2,583.1
26819344,1235,61,1,353.88
ef1231a1,1236,120,10,32.84
f08dd81c,1236,65,3,82.75
201ddfa2,1236,140,4,94.52
cb6185be,1236,83,9,264.39
f12c4dab,1237,127,1,105.14
5a966062,1237,148,4,325.19
8a0aafd1,1237,44,10,595.46
3fc03e8c,1238,43,6,143.8
284b5a3d,1238,75,7,110.22
5a9f07f3,1238,86,9,79.11
fdd109e7,1239,44,6,595.46
edc895f3,1239,123,3,476.54
6939d298,1240,150,3,192.44
47d25266,1240,82,6,336.54
9a1f255f,1240,44,9,595.46
f571ea12,1241,104,3,112.88
5e06331e,1242,65,3,82.75
3a911049,1242,44,3,595.46
236f7f55,1242,74,10,309.82
c7dd03c3,1242,4,10,39.86
e4904075,1242,44,8,595.46
5e2053b6,1243,149,6,234.87
a8fa7723,1243,123,5,
5aa9f502,1243,60,10,341.45
97c6183d,1244,138,10,347.46
55666230,1244,119,2,362.46
60d0b9bd,1245,136,3,276.4
fc3b5e34,1246,15,8,440.74
9e12aa97,1246,101,5,149.65
f82d59f9,1246,91,1,390.95
feb3a759,1247,114,7,112.98
69e0630f,1247,29,4,489.96
6c303490,1248,67,5,144.67
0a63a7e5,1249,90,5,25.09
2e9347e0,1249,51,8,114.5
6a39a12c,1250,9,7,306.24
cd1587ac,1250,65,10,82.75
56b1a10d,1250,12,5,249.75
6f21b4e9,1250,122,6,206.63
da9bd3d0,1250,141,8,350.19
3509de9e,1251,45,5,25.51
399bb32f,1251,44,5,595.46
6a1a9ba4,1251,69,5,130.35
370d6c2f,1251,57,5,45.96
f9e860d4,1251,51,9,114.5
493be545,1252,138,6,347.46
25d37a62,1253,72,8,232.02
e98f85ad,1253,69,2,130.35
603e3d75,1253,1,10,247.17
79d8e4cb,1253,87,6,414.86
01e6aa0a,1254,83,10,264.39
9afa3e46,1254,9,10,306.24
042e747a,1254,20,5,602.66
3fb361c4,1254,126,7,63.86
7c3c6a23,1255,118,1,199.93
3f09422f,1255,139,8,562.91
92e41461,1255,90,7,25.09
388d0376,1255,120,3,32.84
fe5b0dcc,1255,60,7,341.45
3db644b3,1256,133,6,512.38
603ebd9c,1256,147,1,355.47
85e2124c,1256,122,3,206.63
6fb9f76d,1257,144,7,111.39
72471229,1257,94,7,266.93
fe9b1fea,1257,87,1,414.86
4332d594,1258,7,7,588.01
ddf762da,1258,55,1,294.55
1266f6b2,1258,31,9,100.15
e321ef32,1258,47,7,256.73
4552f6f4,1258,148,5,325.19
7f0aecf4,1259,111,6,522.96
bf663266,1259,12,7,249.75
1654a8e3,1259,107,4,235.92
7874eab6,1259,132,10,313.92
2fd26b44,1260,83,1,264.39
9dcc585a,1261,16,5,112.75
92117810,1261,20,9,602.66
48e78ebb,1262,16,2,112.75
9c5321ef,1262,4,8,39.86
1d1900bf,1262,149,3,234.87
d3ee72f0,1262,21,10,210.5
ed0e1e97,1263,53,4,350.56
66d90552,1263,2,9,616.23
434d6e95,1263,68,3,25.46
224df2fb,1263,8,4,62.66
126c3f4d,1263,61,2,353.88
2e6f398d,1264,73,6,189.8
7a8be398,1264,108,8,409.77
eba53617,1264,46,2,35.41
7449d8da,1264,113,-4,576.51
7d8bc88f,1264,136,3,276.4
7b9e634b,1265,14,3,613.39
f88e322e,1265,20,8,602.66
02b033ed,1265,121,9,
4532ab6f,1266,88,9,366.29
ea411cda,1266,14,2,613.39
4c02c6ca,1266,149,3,234.87
1fc2719a,1267,12,2,249.75
0000597e,1268,53,1,350.56
2f84f3ab,1268,133,2,512.38
92e271fa,1268,136,3,276.4
53e5c830,1269,84,1,
a2e80f16,1269,38,9,323.52
d29f234a,1269,87,10,414.86
b7dc3ff0,1270,1,7,247.17
883a638d,1271,121,7,
04f04e67,1271,9,9,
da1051fb,1271,31,8,100.15
5aadc778,1271,45,7,25.51
bb857e79,1272,98,3,598.38
0ced148d,1272,134,8,411.75
e48fdad1,1272,3,5,217.43
38a6f73b,1273,56,7,237.91
157ff5c2,1273,40,4,269.82
f4f98439,1274,16,4,112.75
2e4bf15f,1274,115,1,317.48
bf1dab0e,1274,63,7,158.85
993e011c,1275,57,7,45.96
84f0b63f,1275,137,8,514.29
30f692c1,1275,72,1,232.02
5eacc16d,1276,140,3,94.52
e835db23,1276,146,8,375.4
895114c9,1276,95,5,124.61
6641a3f7,1277,98,7,598.38
3c9e81e5,1277,136,7,276.4
9bd52dfb,1278,45,3,25.51
6373e92d,1278,48,10,120.58
7e33bba7,1278,106,10,
34706254,1279,150,7,192.44
981fcb6a,1280,40,10,269.82
204dc670,1280,141,4,350.19
19559628,1280,123,7,476.54
a86df1cb,1280,127,8,105.14
8826480a,1280,112,1,209.57
eac30524,1281,64,2,319.78
0d4f1062,1282,104,1,112.88
4e8483e9,1282,75,5,110.22
ae17bc61,1282,120,7,32.84
c633171c,1282,18,5,172.05
1e6c606c,1282,9,5,306.24
04f7f9cf,1283,148,8,325.19
a292a718,1284,139,7,562.91
c3270435,1284,99,5,155.1
9b76bf64,1284,35,5,227.38
d7ad46e8,1284,39,1,547.33
4f63bd38,1285,110,7,431.46
27fab667,1286,33,10,34.52
2995a59c,1286,140,1,94.52
5f02d654,1286,103,9,
3d37ba05,1286,122,6,206.63
266bb58a,1286,115,10,317.48
998c2eae,1287,40,5,
64969bdf,1287,64,5,319.78
76b49abe,1287,42,6,217.34
6ff3e981,1287,50,8,447.11
77bb49b7,1287,104,2,112.88
33f1222e,1288,16,4,112.75
8a382de6,1288,46,1,35.41
09a874ca,1289,51,9,114.5
db750dcb,1289,11,4,175.83
8b5d6712,1289,76,5,272.25
2b1e3580,1289,141,-10,350.19
95cb1fc7,1289,111,1,522.96
db0ff8b7,1290,2,8,616.23
ca22ba28,1290,19,8,385.52
4584f9b8,1291,43,9,143.8
0840e487,1291,91,7,390.95
58321ef2,1291,19,9,385.52
543d5612,1292,83,8,264.39
4c1ed5af,1292,101,6,149.65
6f37b625,1292,102,1,451.88
65fa44b6,1292,1,1,247.17
9f7d60e9,1292,4,5,39.86
c2acf6b2,1293,140,3,94.52
dd38830b,1294,42,1,217.34
fbeff0c7,1294,140,9,94.52
9c9d81bb,1295,139,1,562.91
8f42c839,1296,73,7,189.8
a531dce9,1296,53,4,350.56
4fa9ecfa,1296,52,1,635.0
2034b512,1297,130,1,366.73
3afe335c,1297,125,1,495.37
f3199ec0,1297,143,8,485.74
2100866d,1298,24,9,276.31
6213447c,1299,38,7,323.52
d9931261,1299,138,5,347.46
2cf3b2bb,1300,29,10,489.96
70e1310a,1300,117,3,143.81
45389aca,1300,121,1,563.05
5b7d41b1,1300,94,5,266.93
5b19c8a8,1301,51,2,114.5
26ce10dd,1301,100,2,499.43
3b5012e9,1301,63,10,158.85
91f2ef29,1301,125,7,495.37
2cdf1fba,1301,105,3,27.25
dde4fb0d,1302,36,7,583.1
85a17d64,1303,115,1,317.48
fedd16cd,1303,103,1,560.59
d04e4fdf,1303,101,4,149.65
aa2f49af,1304,23,7,
5cf2a7e3,1304,140,10,94.52
c2246bfb,1304,12,10,249.75
3496895e,1305,94,3,266.93
04cd56d2,1305,41,4,135.18
b4a9e225,1306,60,2,341.45
ce8b0084,1306,101,1,149.65
f9496699,1306,111,1,522.96
bd2a5976,1306,90,8,25.09
434d38a6,1307,82,5,336.54
11826dfa,1307,73,5,189.8
90e9d959,1307,24,2,276.31
f1994c20,1307,31,9,100.15
98f9cc5b,1307,90,9,25.09
d2a9bcbe,1308,41,3,135.18
ccbdd9f3,1308,39,2,547.33
db29831e,1308,81,7,197.74
042fe554,1309,80,9,26.66
eb057896,1310,5,3,84.34
3e66b1d9,1310,17,6,312.14
28f7f0d6,1311,24,7,276.31
0ad62f07,1312,16,6,112.75
b454d18a,1312,20,4,602.66
c07d1563,1312,114,10,112.98
e047b634,1313,120,10,32.84
285cad06,1313,32,10,505.23
5e5516e0,1313,135,10,156.85
7927c114,1314,85,7,300.34
d74f1653,1314,50,6,447.11
f56df6d3,1314,144,8,111.39
779e0055,1314,96,8,548.63
dfcb6f2e,1315,139,5,
a84e2185,1315,26,10,269.03
2896f396,1315,93,7,85.6
90a142d9,1315,37,10,659.37
fd364989,1316,75,5,110.22
9ae44058,1316,35,6,227.38
caa568c1,1317,48,5,120.58
fda50bde,1317,61,10,353.88
55a3a9bd,1317,137,6,514.29
19080d15,1317,62,3,663.53
f6c1e88f,1318,59,3,333.45
6ebdc9a8,1319,135,3,
9f5ef463,1319,124,6,476.13
d68ebc4f,1319,85,5,300.34
a72a1a44,1319,100,1,499.43
4899c37f,1320,142,4,
0b57365d,1320,101,5,149.65
4809c29d,1320,40,3,269.82
5550076b,1320,39,3,547.33
63f72df6,1320,56,4,237.91
3234bb77,1321,77,8,107.21
8b7bb748,1322,97,1,356.16
cee914b9,1322,129,5,254.73
4552f81a,1322,10,8,321.2
2c18c63c,1322,14,3,613.39
6633c834,1322,112,8,209.57
6f112c51,1323,146,1,375.4
a7ec151a,1323,41,1,135.18
70500b97,1323,104,4,112.88
4cfb100f,1323,92,7,118.2
9d7da7ec,1324,69,6,130.35
a5937c43,1325,147,8,355.47
19fec915,1325,72,10,232.02
4ce53b43,1325,130,7,366.73
2465a7e0,1325,81,6,197.74
cada4da8,1325,54,3,76.52
066e0997,1326,66,7,41.73
181b6e07,1326,141,10,350.19
a15d5b04,1327,85,10,300.34
ae90cec9,1328,47,8,256.73
cc23faf2,1329,136,5,276.4
1e167ddc,1329,42,6,217.34
f8abd97e,1330,129,9,254.73
c3e36c16,1330,53,8,350.56
bbd85ec1,1330,124,1,476.13
c75dada8,1330,75,2,110.22
80155ddf,1331,148,6,325.19
f0789d26,1331,148,10,325.19
c374277a,1332,132,7,313.92
d83038ce,1333,62,1,663.53
6160d133,1333,114,3,112.98
139173ef,1333,13,9,343.78
8391793d,1333,107,2,235.92
017ded9b,1334,116,9,353.96
f037787b,1334,128,9,248.41
c1715eba,1334,92,8,118.2
5701ce18,1335,2,1,616.23
034f14f9,1335,134,7,411.75
fee04015,1335,75,1,110.22
4150d7cc,1335,91,5,390.95
fa3e233e,1336,121,-5,563.05
05c04942,1336,52,4,635.0
54993b53,1336,110,1,431.46
02a8ae56,1337,6,4,94.32
52af3777,1338,132,7,313.92
2839648e,1338,86,1,79.11
90afa83a,1338,58,1,504.47
b4e97ed3,1339,4,10,39.86
bff90c94,1340,125,3,495.37
484bf0ce,1340,40,9,269.82
1d435a09,1340,100,10,
e0b9c2f7,1340,82,1,336.54
6abe77ab,1341,4,10,39.86
876ff20b,1341,58,10,
b9de0def,1341,87,10,414.86
f86cdc2d,1341,12,3,249.75
d8d4e157,1342,12,4,249.75
17158109,1342,136,10,276.4
ea53b41a,1342,134,5,411.75
5a3de47e,1342,120,4,32.84
589f4cb8,1342,59,2,333.45
c13618f9,1343,93,10,85.6
5cb64c9f,1343,80,2,26.66
64dc2cc9,1343,69,9,130.35
0d092836,1344,134,7,411.75
d1949b8f,1344,71,2,485.03
c85bd9de,1345,8,6,62.66
a52425b8,1345,72,3,232.02
2d013918,1346,50,1,447.11
2a10cc6a,1346,55,2,294.55
8fc5910d,1347,39,5,547.33
5a7b7cbe,1348,141,10,350.19
06ac16af,1348,40,4,269.82
d7350cd5,1348,57,8,45.96
c67ff69a,1349,59,8,333.45
62d72193,1350,139,8,562.91
e5a33328,1350,72,8,232.02
966dd570,1350,67,2,144.67
777df20b,1350,128,6,248.41
5568e264,1351,116,4,353.96
4541a534,1351,150,2,192.44
fb67eec6,1351,143,10,485.74
e3bcc39a,1351,100,3,499.43
e6ffc984,1351,130,5,366.73
dbc143c0,1352,123,7,476.54
9c2251e7,1353,8,6,62.66
5df0fbab,1354,139,9,562.91
a54e3cf8,1355,7,-8,588.01
8483a9f0,1356,13,8,343.78
db144b86,1356,38,10,323.52
b904e203,1356,60,4,341.45
6777c287,1356,112,5,209.57
5a35e1da,1356,12,4,249.75
bb39482c,1357,133,4,512.38
41bf76d3,1357,91,8,390.95
c84f7f93,1357,61,2,353.88
69eb161b,1357,56,2,237.91
6022291e,1358,92,3,118.2
dda9b666,1358,57,9,45.96
86051263,1358,68,1,25.46
2576dcb7,1359,17,5,312.14
29e3725e,1360,83,1,264.39
747b0067,1361,137,10,514.29
cbc1d518,1361,113,8,576.51
c0cfec10,1361,37,4,659.37
a633a9de,1362,75,5,110.22
3c49e319,1362,76,1,272.25
4c85d08c,1362,109,7,662.43
dc004c25,1363,82,8,336.54
e52fddb5,1363,54,2,76.52
d3052e94,1364,113,4,576.51
48c6d5ce,1364,144,4,111.39
6794f076,1365,42,4,217.34
948ef352,1365,97,6,356.16
45bf01b1,1365,66,9,41.73
8629da64,1366,75,7,110.22
d40ebb98,1366,100,3,499.43
eb211fca,1366,147,6,355.47
b29e790d,1366,125,5,495.37
dc4b650c,1367,87,1,414.86
cbefa151,1367,20,9,602.66
a4ba4a2c,1367,142,2,409.18
6de341e8,1367,26,4,269.03
7bcd8c59,1368,66,9,41.73
5ca787ec,1368,116,5,353.96
74f7bf21,1368,33,9,34.52
f69199c4,1368,62,4,663.53
fc173d4c,1369,148,10,325.19
8c4ddfe4,1369,30,9,230.06
86f759ab,1369,116,8,353.96
da36b8d2,1370,36,6,583.1
fb980721,1370,72,3,232.02
43a15aab,1370,35,3,227.38
d2e7f248,1370,57,5,45.96
6c548cad,1371,57,7,45.96
d4b38f08,1371,5,2,84.34
80a26be2,1371,19,6,385.52
147de07b,1371,104,2,112.88
72faf44d,1372,17,8,312.14
6da18f4a,1372,93,7,85.6
35989109,1373,64,8,319.78
ccbd335f,1374,98,10,598.38
9e454b45,1374,41,3,135.18
51b15e9f,1374,68,2,25.46
ae7f77bf,1374,56,9,237.91
d0d20cee,1374,86,6,79.11
a9dc6ddc,1375,141,7,350.19
4cde868a,1375,138,4,347.46
b2dc2d0b,1375,62,4,663.53
48a2cf26,1376,75,10,110.22
69ceef25,1377,118,9,199.93
000f00a5,1377,82,4,336.54
0ad698ec,1377,3,5,217.43
30310481,1378,25,9,302.2
d04be0e5,1378,96,9,548.63
d4b1c4bc,1378,138,8,347.46
2b88ff74,1378,53,10,350.56
f942a526,1379,106,3,13.38
15f698e0,1379,4,8,39.86
6b0db3af,1380,135,6,156.85
243fac39,1381,1,3,247.17
227c4267,1382,96,5,548.63
8263d8cf,1382,4,7,39.86
99b77987,1383,86,1,79.11
9b6ffbbb,1383,36,3,583.1
31a8fc77,1383,75,3,110.22
979d60e2,1383,10,2,321.2
12627e1c,1383,145,3,173.53
7a0f4199,1384,37,3,659.37
0f18924b,1384,10,1,321.2
df719f77,1385,96,7,548.63
1197dc3d,1385,12,2,249.75
82429886,1386,50,4,447.11
cd5be0e9,1386,133,7,512.38
4c3d6bb7,1387,86,7,79.11
90d16789,1387,56,5,237.91
d965fc49,1388,45,5,25.51
94a1f861,1388,50,5,447.11
8ebb92f9,1388,150,6,192.44
7e944999,1388,122,4,206.63
5dab7d5f,1388,93,3,85.6
bf3c3019,1389,99,7,155.1
95d69fd9,1390,41,6,135.18
6113d39d,1390,131,1,156.26
9cdeb095,1390,77,2,107.21
9f0fef81,1391,95,3,124.61
45ae624a,1391,70,7,205.03
3c6615fa,1392,33,10,34.52
610a175b,1392,64,3,319.78
b5827834,1393,39,5,547.33
c07eb49f,1393,41,8,135.18
6cfa0084,1393,108,4,409.77
f29a793f,1393,58,6,504.47
1ac91138,1394,64,10,319.78
f307ab64,1394,101,9,149.65
8190d56b,1394,61,10,353.88
dafdbd36,1394,140,2,94.52
df13aebb,1394,58,9,504.47
366dd5bf,1395,8,4,62.66
db257495,1395,122,3,206.63
df9e081e,1396,138,10,347.46
9c620c77,1397,99,5,155.1
ec835045,1398,77,8,107.21
9fd04f62,1398,72,3,232.02
42e572bf,1398,43,7,143.8
d5671308,1398,104,4,112.88
c0ae3fd9,1399,77,1,107.21
4f7d2461,1399,68,9,25.46
e153544d,1400,75,10,110.22
46d86aa7,1400,116,1,353.96
d20c1b6d,1401,9,2,306.24
51ec385c,1401,90,10,25.09
21570a32,1401,64,10,319.78
6f3dd117,1402,70,5,205.03
0cc1f682,1403,137,2,514.29
2e495cbf,1403,140,5,94.52
b3629bba,1404,19,5,385.52
b1acc9f1,1404,103,1,560.59
02de3210,1404,22,1,224.4
d85ee5c3,1404,42,1,217.34
dd8b0333,1405,140,1,94.52
16fa9e88,1405,11,4,175.83
a79a5d9c,1405,52,5,635.0
0a3085ba,1405,85,5,300.34
955be3fd,1406,16,8,112.75
b35caf3f,1406,125,10,495.37
c619edd8,1406,98,1,598.38
89dfe647,1407,53,3,350.56
28571da3,1408,119,1,362.46
d701a715,1409,34,9,457.44
e8ebb9df,1410,55,7,294.55
0f8c088d,1410,126,7,63.86
f689865d,1410,19,4,385.52
b11e8bd1,1410,10,8,321.2
2b538e66,1411,44,4,595.46
3e349875,1412,86,4,79.11
67cb0f16,1413,141,5,350.19
6fd4ba45,1413,83,3,264.39
85227d48,1414,73,8,189.8
7a972595,1415,71,9,485.03
0b054645,1415,110,7,431.46
d6c8a79d,1415,57,1,45.96
4c6ccd65,1415,88,7,366.29
1c56d88c,1415,103,4,560.59
6a1b7c82,1416,117,3,143.81
e1df8061,1416,93,7,85.6
ca27df87,1417,22,5,224.4
4e869056,1417,71,2,
04466270,1417,97,9,356.16
86c981eb,1417,47,5,256.73
f65dcfa3,1418,106,7,13.38
26499e5e,1419,37,1,659.37
4346cf9a,1420,36,4,583.1
a2739069,1421,72,8,232.02
36fbb552,1421,50,6,447.11
fea7c5b5,1422,142,5,409.18
aca83509,1423,89,1,164.35
911ad66f,1424,38,3,323.52
b56abf11,1424,34,1,457.44
9e49f47e,1424,31,6,100.15
79c9da01,1425,33,9,34.52
6f6c4a0c,1425,77,2,107.21
9f14a9fc,1425,85,4,300.34
4149f312,1425,33,9,34.52
84de8b75,1426,117,5,143.81
ad11aab6,1426,141,1,350.19
27a1362b,1426,143,10,485.74
97b2c330,1427,7,4,588.01
bc58860f,1427,30,3,230.06
7bbbf3c4,1427,114,5,112.98
f2bbe2e2,1427,104,10,112.88
30fd3b52,1428,96,10,548.63
bbfdcdf5,1428,6,9,94.32
a0775a83,1428,1,7,247.17
90f2bc45,1429,134,10,411.75
8a5b553b,1429,97,2,356.16
6a80e491,1429,108,8,409.77
18445678,1430,103,6,560.59
c5e925ba,1430,58,7,504.47
cbe36d7f,1430,142,1,409.18
7d88d5d9,1430,6,9,94.32
ae344ec1,1431,102,5,451.88
3d83188e,1431,128,3,248.41
21466bb1,1431,3,9,217.43
68d08543,1431,37,5,659.37
6ae2b344,1431,2,1,616.23
7e9fa048,1432,64,7,319.78
99f611bb,1433,8,7,62.66
00ac14ac,1433,97,1,356.16
fd6934b8,1433,116,1,353.96
0947b694,1433,57,3,45.96
77304147,1434,22,6,224.4
8d20047c,1434,36,9,583.1
7d65b36f,1434,6,3,94.32
8a14e3fc,1435,41,2,135.18
16dff542,1435,36,3,583.1
5c18567a,1435,119,9,362.46
f661b174,1435,31,6,100.15
83ecf9e5,1435,104,7,112.88
519a9c3b,1436,91,1,390.95
944aedb5,1436,60,10,341.45
3695ff7c,1436,137,-6,514.29
01dc73a8,1436,108,2,409.77
92a52ee0,1437,58,8,504.47
b0c0ded2,1437,16,1,112.75
10c5e19c,1438,38,3,323.52
f3d7ec10,1438,72,8,232.02
9a5ed1a2,1438,91,10,390.95
795f0cbc,1439,89,4,164.35
e547e73f,1439,99,8,155.1
0082fa06,1440,113,5,576.51
68c5f358,1440,31,10,100.15
c364297b,1440,51,10,114.5
fa8da488,1441,108,7,409.77
24e65187,1441,121,7,563.05
10b16475,1441,148,3,325.19
e6b9501b,1441,83,8,264.39
870a3298,1442,63,2,158.85
4ac59ac4,1442,141,8,350.19
07030f05,1442,123,7,476.54
38fb4472,1442,39,4,547.33
9246fcb9,1442,92,10,118.2
35c62ec9,1443,95,7,124.61
e771fa57,1443,22,5,224.4
588d980e,1443,50,1,447.11
d51db637,1443,63,8,158.85
697d5d31,1443,63,10,158.85
d5f427a2,1444,54,3,76.52
793da87f,1444,129,7,254.73
d457b86d,1445,126,9,63.86
89b72fa5,1445,106,6,13.38
16b0588b,1445,88,4,366.29
4d199289,1445,25,2,302.2
1b014d38,1445,8,7,62.66
e7b2fc41,1446,57,6,45.96
55c99e52,1446,47,5,256.73
2a30e375,1446,64,8,319.78
b083864e,1447,67,9,144.67
5817aefd,1447,110,3,431.46
5b4fe33a,1447,148,5,325.19
e2f52adf,1447,6,5,94.32
57d1ed75,1448,108,6,409.77
57982dc4,1448,29,3,489.96
9557ab10,1448,108,3,409.77
7844a7c1,1448,127,3,105.14
2af4f1eb,1448,82,1,336.54
e294f5cb,1449,34,10,457.44
36699853,1449,96,1,548.63
f2fdf236,1449,75,8,110.22
079f58bf,1450,127,10,105.14
fea8b89b,1451,118,1,199.93
b0904305,1451,136,3,276.4
8308116d,1451,37,4,659.37
068f4fae,1451,40,1,269.82
71e6c8f5,1451,70,6,205.03
1d5f3cef,1452,105,4,27.25
526a8777,1452,134,7,411.75
505d1c86,1452,36,3,583.1
25f759d7,1452,13,9,343.78
2c567d98,1453,53,4,350.56
5489593e,1453,116,10,353.96
25e84100,1453,131,3,156.26
88073691,1454,53,-7,350.56
f4ad750a,1454,65,10,82.75
af58e452,1454,35,1,227.38
e8988eda,1454,108,5,409.77
abf06670,1455,24,10,276.31
1d86034d,1455,1,2,247.17
ff83568a,1456,16,9,112.75
4b4d6cef,1456,135,9,156.85
e691ebb3,1456,10,5,321.2
2d0faa4a,1456,73,1,189.8
8fdbbb7e,1457,85,4,300.34
4e44be82,1457,71,9,485.03
5ede95ec,1457,118,6,199.93
84a27054,1457,11,10,175.83
178dfc2e,1457,104,9,112.88
9bfad3d7,1458,141,5,350.19
65e3c32e,1458,10,3,321.2
19faa2c7,1458,27,7,304.08
dee0ea99,1458,144,4,111.39
e73b027d,1459,109,9,662.43
b36bfd6d,1459,146,10,375.4
71ae27a1,1459,113,6,576.51
e7007f9b,1460,122,1,206.63
13f4b87c,1460,86,9,79.11
df85c0ad,1461,109,6,662.43
547fa81e,1461,95,4,124.61
cdbbe936,1461,64,10,319.78
4d0e7ae5,1461,131,3,156.26
909d95c4,1461,37,2,659.37
ede5adb5,1462,139,5,562.91
2c99c7a4,1462,125,10,
12de9fdf,1462,52,1,635.0
5b659d49,1462,53,3,350.56
d00c02d3,1462,123,7,476.54
6302bed6,1463,16,3,112.75
b4d240d0,1463,95,5,124.61
899e4599,1463,2,9,616.23
87dcf9cf,1464,33,1,34.52
f94e77f6,1464,58,9,504.47
0766018a,1464,124,8,476.13
203b2b12,1464,30,2,230.06
21c21926,1464,36,6,583.1
3568df0f,1465,16,1,112.75
68c051c0,1465,19,1,385.52
4886e28e,1465,72,3,232.02
8223e295,1465,126,4,63.86
c4eebda7,1466,121,2,563.05
0e98aa52,1466,110,2,431.46
aa89035f,1466,122,2,206.63
33aa2799,1466,112,6,209.57
2f3abc98,1467,97,9,356.16
c51ed133,1467,69,1,130.35
18120d55,1467,39,3,547.33
32691d33,1468,51,8,114.5
ee538764,1468,47,3,256.73
261d0f34,1468,67,4,144.67
77b29bfa,1468,118,1,199.93
a6320572,1469,86,8,79.11
4e5222cd,1469,22,6,224.4
a1961024,1469,12,2,249.75
29cc7b0b,1469,39,-7,547.33
e74a8bc8,1470,67,8,144.67
29a00740,1470,143,4,485.74
34d256a9,1470,129,4,254.73
d2c1970a,1471,121,10,563.05
cd5796e8,1472,73,4,189.8
e22aa8a3,1472,54,2,76.52
d589b2aa,1472,36,7,583.1
4fc005df,1472,133,3,512.38
71f48bc5,1472,68,10,25.46
f51ec761,1473,9,3,306.24
af49e4d7,1473,13,2,343.78
8328285f,1474,144,6,111.39
15b5924d,1474,127,2,105.14
6ac8e27b,1474,15,4,440.74
fcffb63c,1475,4,2,39.86
821d3942,1475,10,10,321.2
d47e9d90,1476,30,1,230.06
a2487489,1477,86,5,79.11
6e604ca9,1478,59,1,333.45
847dd14c,1478,114,7,112.98
b6a5dfce,1479,132,2,313.92
703c6f13,1479,110,9,431.46
b09881ab,1480,66,8,41.73
010c8454,1480,57,2,45.96
a6165fdb,1480,23,1,131.11
0e6ec772,1480,55,-4,294.55
2b244681,1480,128,4,248.41
32228597,1481,79,3,289.74
5a729b93,1482,104,8,112.88
1372b7ba,1482,26,9,269.03
e36b1fe9,1482,33,9,34.52
a8e412da,1483,7,2,588.01
83b67106,1483,42,8,217.34
d647213c,1483,41,3,135.18
e4ac46eb,1483,132,9,313.92
548de088,1484,84,3,230.04
1a6a8f48,1484,138,-10,347.46
77774b15,1484,150,4,192.44
a3e323bc,1484,28,3,211.7
f2fdcf6d,1485,127,7,105.14
dd062564,1485,49,9,234.47
82767d01,1486,32,8,505.23
f9d8c4a6,1487,147,2,355.47
b5f7ea14,1487,91,7,390.95
6b6475d4,1487,137,8,514.29
02e2f0cf,1487,79,9,289.74
6c9f6692,1488,48,5,120.58
b27da3b1,1489,90,8,25.09
61db34c4,1489,5,3,
96609784,1489,27,3,
1ddb1248,1489,130,7,366.73
e10dc181,1490,103,10,560.59
0654c6d8,1490,42,4,217.34
6a81a60e,1490,54,2,
aa38b695,1490,44,1,595.46
e29726fe,1490,51,1,114.5
3ac4f0b3,1491,36,5,583.1
690d1279,1491,94,4,266.93
7f306681,1491,74,1,309.82
ba374d95,1491,24,5,276.31
c401bfb2,1492,66,1,41.73
966e2468,1492,127,4,105.14
3f9cc5a4,1492,96,4,548.63
94bafe5d,1493,108,6,409.77
65fd9c14,1493,69,9,130.35
448169f8,1493,59,6,333.45
d95a7f2c,1493,41,7,135.18
275cb344,1494,8,8,62.66
bb5cc347,1494,2,9,616.23
1d5b1ac9,1494,41,7,135.18
4da594b9,1494,56,5,237.91
14474088,1494,111,10,522.96
c0c6f1ce,1495,82,1,336.54
adb64f87,1496,43,1,143.8
5aa8856b,1496,45,10,25.51
37a80d87,1496,120,8,32.84
6a3e15af,1496,37,10,659.37
d7eab0cc,1496,89,1,164.35
7e11a694,1497,29,6,489.96
67089c63,1497,2,5,616.23
2fc18e03,1498,59,2,333.45
bbe17e5c,1499,85,4,300.34
2524bd25,1499,26,2,269.03
6a449ad8,1500,103,6,560.59
7fd7f20d,1500,68,3,25.46
3c7d45e9,1500,98,3,598.38
e42c98fc,1501,136,4,276.4
b36481a5,1501,90,5,25.09
9f9ec9c9,1501,111,1,522.96
296be2df,1501,21,10,210.5
2db10791,1501,123,5,476.54
cb399993,1502,107,3,235.92
cdd15a9c,1502,28,7,211.7
b9d43958,1503,23,6,131.11
a7801b4d,1504,26,3,269.03
9b6aa67c,1504,66,9,41.73
c83c556f,1505,16,7,112.75
f04c16ad,1505,111,4,522.96
d7120b61,1505,87,2,414.86
4196a3e5,1505,16,5,112.75
3cf7ba53,1506,108,8,409.77
7af53941,1506,45,4,25.51
e04e9c05,1506,136,9,276.4
40f5bfbf,1506,129,6,254.73
b2acf0b2,1506,75,3,110.22
069342a1,1507,38,9,323.52
3f5ce3b2,1507,28,4,211.7
57d1d995,1507,95,8,124.61
00c079c2,1507,17,2,312.14
255859be,1508,22,9,224.4
16689dfa,1508,77,4,107.21
2cba6495,1508,58,2,504.47
29dd74a4,1509,28,6,211.7
021627d6,1509,150,2,192.44
c5e3eb68,1509,33,7,34.52
acda6eb4,1509,17,8,312.14
34841888,1509,29,7,489.96
82b681ee,1510,40,3,269.82
2d0f1743,1510,102,10,451.88
4fb746e1,1510,114,4,112.98
c03ddbc9,1510,124,2,476.13
30a5ad29,1510,145,9,173.53
6396e5e8,1511,21,6,210.5
c1a49814,1511,71,6,485.03
696fbf2b,1511,46,1,35.41
4eb1ec7e,1512,9,4,306.24
b52fabcc,1512,89,1,164.35
32040965,1513,70,1,205.03
2dd55c02,1513,53,5,350.56
4ba335cd,1513,90,5,25.09
b590ffb1,1513,38,4,323.52
a96abe0b,1514,34,8,457.44
94a3f2e1,1515,97,1,356.16
c3a3efd0,1516,44,6,595.46
7903eb61,1517,100,9,499.43
31535aed,1517,106,4,
c68caa93,1518,63,7,158.85
cc67edb0,1519,124,3,476.13
892d8893,1519,34,2,457.44
83deb1ef,1519,13,8,343.78
a64a0312,1520,137,10,514.29
d606662c,1520,118,1,199.93
094b0064,1520,29,10,489.96
fed0c0b5,1521,108,10,409.77
8a4beb2c,1521,89,6,164.35
3e1df902,1521,48,8,120.58
1ec5779b,1522,129,7,254.73
4fbaf6ad,1523,103,7,560.59
0a10d9bb,1523,57,1,45.96
eadf0c72,1523,118,2,199.93
ec45d0d1,1524,43,3,143.8
28c78c6c,1524,74,7,309.82
605f5931,1524,101,7,149.65
b68bb386,1525,19,8,385.52
c1f7b963,1526,131,4,156.26
4fcc58fc,1527,68,8,25.46
de6341ed,1527,81,7,197.74
e28d4e2f,1527,131,8,156.26
1639692e,1527,142,9,409.18
d3a0bb1b,1528,59,7,333.45
74eeb3f1,1528,21,6,210.5
8b201b3d,1528,38,10,323.52
73cd75ad,1528,124,1,476.13
ab3e2c9c,1528,72,2,232.02
59e81438,1529,140,8,94.52
8dd105db,1529,72,8,232.02
f8ce17b9,1530,103,1,560.59
695df679,1531,65,10,82.75
d10df043,1531,115,10,317.48
ee774ff0,1531,35,2,227.38
1856fd3f,1531,140,7,94.52
31881a36,1531,92,9,118.2
2d01f133,1532,111,2,522.96
ad548b09,1533,25,7,302.2
6e3af36b,1533,119,6,362.46
d47b4a72,1533,46,7,35.41
5019f97a,1534,130,2,366.73
522cb36e,1534,55,9,294.55
7fd11426,1535,43,1,143.8
bd9d5029,1535,4,8,39.86
2dde247d,1535,90,4,25.09
27d9dff0,1535,30,7,230.06
ace3a2cb,1535,50,7,447.11
8e5b57d4,1536,85,5,300.34
7973bd16,1536,12,5,249.75
107ac6ca,1536,63,8,158.85
7228d02f,1536,76,6,272.25
4748b4b8,1537,141,2,350.19
a3c7d90c,1537,56,10,237.91
f58670b4,1537,83,6,264.39
22246362,1537,18,10,172.05
182e2c96,1538,46,2,35.41
982d3b8a,1538,49,7,234.47
52481759,1538,139,7,562.91
c404021b,1539,65,6,82.75
1e2ed430,1540,121,10,563.05
cbc5fa55,1541,110,5,431.46
c0e097db,1541,138,8,347.46
2141709f,1541,9,9,306.24
8fd9e501,1541,46,2,35.41
9f82dfbf,1541,49,6,234.47
57896288,1542,53,4,350.56
21d8d5fa,1542,110,8,431.46
f6588aad,1542,31,8,100.15
89e6e817,1542,3,3,217.43
22d65d40,1543,135,4,156.85
5c655a77,1543,63,3,158.85
61336f19,1543,79,1,289.74
aea428c0,1544,142,5,409.18
446b1375,1544,8,3,62.66
c8213da5,1544,95,1,124.61
fe0539b0,1545,110,2,431.46
83f74ac5,1546,27,5,304.08
6b6989cc,1546,139,10,562.91
c7345385,1546,120,1,32.84
5a3ea448,1546,35,5,227.38
04c75868,1546,15,9,440.74
3ba085f3,1547,82,7,336.54
28d5fc06,1548,45,4,25.51
0be2d03a,1548,111,10,522.96
a5868c82,1548,45,3,25.51
5e33479a,1548,138,7,347.46
673b4caa,1548,17,9,312.14
7c6f9ab7,1549,33,5,34.52
95254e06,1549,76,1,272.25
d47317c5,1549,132,4,313.92
f645bd3c,1549,77,9,107.21
3d6ac056,1549,61,5,353.88
bada1a85,1550,66,1,41.73
9dc52cba,1550,93,5,85.6
0e5f5ee4,1550,144,3,111.39
2858b0e9,1550,35,9,227.38
4759a4f6,1550,69,4,130.35
75e73043,1551,134,10,411.75
ecc9b3f9,1551,123,1,476.54
c29c5cb0,1552,83,10,264.39
13bd146d,1552,104,6,112.88
3c82ebbc,1552,141,9,350.19
aed44590,1552,88,5,366.29
e0ce5ec0,1553,103,7,560.59
f313cd72,1553,116,10,353.96
a2d5ab07,1553,117,1,143.81
9609fd24,1554,150,1,192.44
03bcde40,1555,135,5,156.85
efbe9401,1556,92,7,118.2
f1a31eab,1557,109,1,662.43
ebc82f58,1558,53,5,350.56
a707d07c,1558,95,10,124.61
784a4b47,1558,148,9,325.19
216eb194,1559,86,7,79.11
97d1325d,1559,59,8,333.45
cd52145a,1559,68,3,25.46
f1d42a10,1560,115,2,317.48
3e38938c,1560,34,6,457.44
d0ea2bbc,1560,62,9,663.53
54accfdc,1560,126,7,63.86
4ab8c809,1560,78,9,321.17
c5d3468e,1561,147,4,355.47
942b6c37,1561,144,1,111.39
7de6762d,1562,6,2,94.32
f7eacbf4,1562,141,10,350.19
7de1c00f,1563,129,6,254.73
ad2eeb00,1563,126,8,63.86
cc08ba08,1564,38,1,323.52
28fdac83,1564,56,5,237.91
ae8c99ea,1565,97,4,356.16
58fdb5b6,1565,39,4,547.33
c4988e95,1565,108,2,409.77
5f61fbcf,1566,115,5,317.48
5a612d8e,1566,119,7,362.46
5f5a0d56,1566,35,7,227.38
2affde94,1566,138,6,347.46
d8ae2b0b,1567,68,8,25.46
701715df,1567,70,5,205.03
2e51daaf,1567,129,6,254.73
89814cd6,1567,49,8,234.47
d23dc4c1,1567,8,4,62.66
f9e4dc6c,1568,6,8,94.32
576ba189,1568,79,10,289.74
d27b9e18,1568,23,2,131.11
45652f75,1569,15,1,440.74
5e3e8d43,1569,72,1,232.02
53162def,1570,68,6,25.46
8111b9c6,1570,86,7,79.11
5cdef560,1570,47,4,256.73
c0b2476c,1570,106,7,13.38
29e9b8c6,1570,4,1,39.86
5d730e4e,1571,79,10,289.74
5c9f8f65,1572,129,10,254.73
52b7a159,1573,129,4,254.73
32efcf9e,1574,79,8,289.74
1b24a854,1574,131,7,156.26
2a65a354,1574,72,8,232.02
462fcaa2,1574,99,9,155.1
f213b275,1575,104,6,112.88
e5161705,1575,5,9,84.34
a91422f7,1575,43,4,
fa198839,1576,5,6,84.34
1589cf37,1576,62,10,663.53
24c2e73f,1577,56,2,237.91
0b5955e6,1577,79,8,289.74
5246bfa6,1577,55,9,294.55
0b4b21e1,1578,117,5,143.81
d0e51e6b,1578,1,4,247.17
811f012e,1578,27,1,304.08
b241998a,1578,43,4,143.8
46896674,1578,58,6,504.47
25af2da0,1579,123,5,476.54
1afe9ee5,1579,53,6,350.56
66ef8690,1579,3,3,217.43
a544a763,1579,69,7,130.35
c8ae4490,1580,138,6,347.46
e7ae4aef,1580,126,9,63.86
87ae2c24,1581,78,2,321.17
ba5ee039,1582,29,7,489.96
a15bdeab,1582,46,4,35.41
b6d5f202,1582,25,10,302.2
5561df38,1583,15,4,440.74
1ae81f61,1584,45,5,25.51
c04af005,1584,95,10,124.61
490db358,1585,45,2,25.51
5179d0e9,1585,50,5,447.11
bd4d40fa,1585,103,2,560.59
4156e04a,1585,92,6,118.2
9031b0da,1585,17,6,312.14
d8e038bf,1586,137,2,514.29
89584c48,1586,13,10,343.78
bb0694fe,1586,93,10,85.6
83ff6cc4,1587,61,5,353.88
9f3f55f5,1587,31,9,100.15
f79e42b1,1587,26,3,269.03
53fd1a9b,1587,69,6,130.35
3859e33a,1588,6,7,94.32
2c74f098,1588,98,7,598.38
abdad5d4,1588,16,9,112.75
d788f8e1,1588,65,3,82.75
00458249,1588,138,3,347.46
8802bbc1,1589,92,7,118.2
804c3a23,1590,8,9,62.66
a014eedd,1590,147,2,
b728a219,1590,146,4,375.4
4adec1d6,1590,91,8,390.95
50b4275a,1590,117,1,143.81
1c43006e,1591,144,6,111.39
71c6c745,1591,66,4,41.73
4dc980f0,1591,38,10,323.52
71bf7573,1591,48,1,120.58
143bb243,1592,133,7,512.38
3033fd51,1593,68,1,25.46
36bbeced,1594,88,1,366.29
41dd7f6f,1594,22,9,224.4
de32b634,1594,85,7,300.34
eb38272f,1595,91,7,390.95
f9da820e,1596,114,7,112.98
bc0276ae,1596,61,2,353.88
936b33f6,1596,14,7,613.39
fadb9f36,1596,36,10,583.1
7453a780,1596,26,4,
f493c623,1597,21,10,210.5
9e2e4aa2,1597,5,4,84.34
fb860f1f,1597,66,9,41.73
022d4d34,1597,83,4,264.39
8caa448b,1597,146,5,375.4
666de64c,1598,13,6,343.78
7aeb49e5,1598,144,4,111.39
2c721ef8,1598,105,8,27.25
afeff125,1599,127,1,105.14
483b98cc,1599,131,9,156.26
771a5f28,1600,98,3,598.38
15126416,1600,137,3,514.29
f87aa1c5,1600,43,9,143.8
d1fb3e50,1600,29,9,489.96
cd1c9d8d,1601,88,7,366.29
e20f7953,1601,109,8,662.43
1e361a4c,1601,129,1,254.73
1d84ecb8,1601,83,9,264.39
dcb2ac5d,1602,122,6,206.63
ccff29ed,1602,52,2,635.0
eba84fc1,1602,89,6,164.35
f413b9aa,1602,129,10,254.73
6c4174c5,1602,118,5,199.93
d25e0ee3,1603,41,7,135.18
00fee1c5,1603,31,10,100.15
716d2925,1603,86,4,79.11
63d4f8a1,1604,80,2,26.66
0330519e,1605,13,10,343.78
5f84de77,1605,130,3,366.73
7f987761,1606,148,8,325.19
ac1dafcf,1607,139,4,562.91
c8516a97,1607,43,8,143.8
ffa154f8,1608,13,2,343.78
0849ab40,1608,9,-5,306.24
d8ebbb69,1608,77,-9,107.21
150316f8,1608,86,4,79.11
7d2951ac,1608,135,7,156.85
61fc03c4,1609,5,6,84.34
43e1ca4e,1609,101,1,149.65
a0f1aa9a,1609,69,7,130.35
a60a1c89,1610,77,10,107.21
4d7d5f9e,1610,40,9,269.82
cd4d1b23,1610,114,3,112.98
afdc19b5,1611,83,4,264.39
16ec5866,1612,141,3,350.19
aee26d21,1612,47,7,256.73
adbb28e3,1612,95,7,124.61
2ed3db5e,1612,74,-7,309.82
ba53ad19,1613,145,10,173.53
0d18634c,1613,17,8,312.14
803e3268,1613,40,10,269.82
ca3f086b,1613,25,5,302.2
99bebc65,1614,139,3,562.91
83082d29,1615,70,8,205.03
4ca3de2e,1615,82,10,336.54
d7c7142a,1615,93,6,85.6
f453ca4b,1616,57,7,45.96
9ab304b8,1616,27,6,304.08
2d7a855b,1617,14,8,613.39
3bf14b1a,1618,119,8,362.46
75bfbdb4,1619,119,8,362.46
8a755a64,1620,138,8,347.46
d80237e6,1620,94,8,266.93
d75a3c73,1621,80,2,26.66
7c74ca88,1621,96,8,548.63
ae534510,1622,90,9,25.09
d4f10e5c,1622,150,6,192.44
b6f86552,1623,105,7,27.25
7d65ab1a,1623,136,5,276.4
c9a685e8,1623,50,7,447.11
e5685464,1624,5,8,84.34
f59e5446,1624,114,2,112.98
4e9de855,1624,126,4,63.86
3355e772,1625,133,4,512.38
1622ddf3,1625,104,1,112.88
24e8a088,1625,100,2,499.43
2205265c,1626,27,8,304.08
b82831b0,1627,140,7,94.52
aa048b67,1627,136,6,276.4
77dc8234,1627,40,2,269.82
a6a60345,1628,109,8,662.43
7b81c21e,1628,51,7,114.5
9e38806c,1629,105,1,27.25
9af1ecaa,1629,35,9,227.38
390cfaec,1629,22,4,224.4
4dc40c4b,1630,70,4,205.03
e4da2e42,1630,80,3,26.66
d68aab9f,1631,81,8,197.74
2cbe2d6f,1631,106,8,13.38
ec5b7c10,1631,69,9,130.35
a691caf4,1631,3,1,217.43
f2eea879,1632,40,7,269.82
443faef1,1632,88,3,366.29
3254b5be,1632,61,8,353.88
1476da1c,1632,18,3,172.05
63014ae3,1633,23,3,131.11
bfe09acb,1633,43,2,143.8
57b62ae5,1633,83,3,264.39
2e5edbff,1633,28,10,211.7
98680b6b,1634,101,6,149.65
3909d6d1,1634,70,7,205.03
0e05e970,1634,47,6,256.73
a923a61d,1635,88,2,366.29
447fb0b9,1636,15,4,440.74
1806256a,1637,132,5,313.92
84da5836,1637,72,8,232.02
2b2edf3f,1637,35,3,227.38
db9f82fc,1637,134,4,411.75
2d2c1c23,1637,16,2,112.75
5bff273c,1638,131,8,156.26
1c5ce01f,1638,75,8,110.22
aac87c1b,1638,147,1,355.47
906135c8,1638,124,7,476.13
05d2a8a0,1639,96,1,548.63
312ff3bb,1639,17,7,312.14
ac6bedf3,1639,38,1,323.52
3b30ccc4,1639,133,7,512.38
3d6d4104,1640,12,4,249.75
3309fa2f,1640,100,5,499.43
d88931d0,1640,66,10,41.73
ae5f9d57,1640,22,7,224.4
2201213e,1641,100,5,499.43
f73b3530,1641,145,8,173.53
b810fc3a,1642,116,1,353.96
1a336715,1643,102,9,451.88
5a266940,1643,3,8,217.43
622cf06a,1643,86,4,79.11
36af27a8,1643,102,3,451.88
bad22347,1643,44,7,595.46
d2a9c138,1644,141,9,350.19
9436abc5,1644,132,1,313.92
d94efa8a,1644,60,4,341.45
e666250e,1644,60,9,341.45
e7687e17,1644,22,1,224.4
631a2f45,1645,65,7,82.75
4f42f0c4,1646,21,5,210.5
9c840f99,1647,147,6,355.47
4760dacb,1647,150,8,
b6f6368a,1647,57,6,45.96
8f64efdb,1647,117,2,143.81
863d33a9,1647,125,1,495.37
3651a50a,1648,19,3,385.52
79af7e87,1649,65,9,82.75
f7a6fd63,1649,143,10,485.74
c3ca05f2,1649,99,9,155.1
2f595932,1650,16,1,112.75
55f6dbf5,1650,84,10,230.04
b41c3a47,1650,60,2,341.45
6a0e98f0,1650,61,1,353.88
b3582d46,1651,68,6,
4de40883,1651,139,5,562.91
d9143dda,1651,78,8,321.17
f4e79ebd,1651,30,9,230.06
a418866b,1652,117,10,143.81
c1938dd2,1652,93,10,85.6
f835d216,1652,123,7,476.54
a85dca94,1653,116,6,353.96
629fca54,1653,108,6,409.77
6a5e13b7,1653,117,3,143.81
1c0e7aa4,1653,54,5,76.52
70c83551,1653,7,4,588.01
d37fdac5,1654,107,1,235.92
2b8a5b40,1654,47,7,256.73
9f197487,1654,105,9,27.25
fd45e335,1654,114,8,112.98
877b357d,1655,146,10,375.4
02aa059a,1656,114,2,112.98
8a52bcfa,1656,113,4,576.51
7914b926,1656,142,10,409.18
c83fb62c,1656,9,7,306.24
77158eb1,1657,50,4,447.11
dcc485cc,1657,59,5,333.45
91f9674c,1657,103,1,560.59
6756d483,1658,103,10,560.59
39d672a8,1658,88,8,366.29
c44f06a1,1658,36,10,583.1
36367c9b,1659,9,7,306.24
589c6d25,1659,136,9,276.4
9205a4ba,1659,88,4,366.29
9e4676a6,1659,134,1,411.75
e104032a,1660,83,4,264.39
835ddc91,1660,78,3,321.17
7b360498,1661,140,7,94.52
dd07a281,1661,59,10,333.45
ec1632fa,1661,64,2,319.78
b69f6cb7,1661,24,10,276.31
e65b66ec,1662,148,3,325.19
6a6d5bfd,1662,135,8,156.85
7209f660,1662,128,4,248.41
3d32c9be,1662,65,3,82.75
fb0fe1e5,1663,122,10,206.63
8e0b99ec,1663,110,1,431.46
8e6cd337,1664,5,6,84.34
3488a2f1,1664,135,8,156.85
f0c7f7ff,1664,39,1,547.33
5946b021,1664,1,2,247.17
90ef5824,1664,77,6,107.21
ddb0f7a8,1665,15,5,440.74
7e633e41,1665,120,6,
51f6749b,1665,26,6,269.03
42c4042b,1665,147,8,355.47
89f0aa17,1666,88,5,366.29
0a36917b,1666,49,4,234.47
752a1f21,1666,130,8,366.73
46dc529b,1666,143,4,485.74
b44e2905,1667,86,8,79.11
aa87dc15,1668,88,9,366.29
a9a123ae,1668,118,1,199.93
f2f76bbf,1668,28,10,211.7
0f98b02a,1668,124,3,476.13
7c8ef89a,1669,40,9,269.82
d5e6c6cf,1669,61,4,353.88
59816e0d,1670,123,10,476.54
ec4befe2,1670,27,6,304.08
213a038c,1670,96,6,548.63
3e8bc40e,1671,73,10,
5d923f77,1671,120,6,32.84
3dd387c9,1671,29,5,489.96
57183afa,1671,120,4,32.84
5ae490eb,1671,34,6,457.44
09679fa1,1672,121,8,563.05
e894da59,1673,77,4,107.21
f32ef934,1673,88,5,366.29
a06bf46e,1673,127,3,105.14
8025e5b9,1673,93,8,85.6
39070553,1674,12,3,249.75
38368c22,1674,58,5,504.47
1d6e4ffd,1674,76,3,272.25
3febee53,1675,74,1,309.82
ffaaf47a,1676,74,3,309.82
11cedbd3,1676,36,3,583.1
8a49516c,1677,60,1,341.45
790b9e58,1677,69,1,130.35
b892ac09,1678,118,3,199.93
f715da32,1678,17,5,312.14
b5a122c7,1679,134,5,411.75
3f59574e,1680,115,5,317.48
8b5deeda,1680,63,6,158.85
5138564f,1680,124,8,476.13
e184476e,1681,43,7,143.8
41eaa3dc,1681,78,8,321.17
4eb9de9b,1681,84,1,230.04
780d7667,1681,145,1,173.53
c8890073,1681,15,7,440.74
19c13ed0,1682,129,8,254.73
4605417e,1682,84,6,230.04
af1eb4db,1682,73,3,189.8
0c280e4f,1683,111,8,522.96
08e4ae87,1683,69,10,130.35
05bda901,1683,60,10,
985665c6,1683,82,4,336.54
b3d7b851,1683,47,6,256.73
1b0b1d5c,1684,131,2,156.26
421a653d,1684,124,4,476.13
db663b28,1684,54,1,76.52
8dbecc1b,1685,65,1,82.75
edbbfc48,1685,49,8,234.47
87dfd16b,1686,13,3,343.78
4e70b9b9,1686,25,1,302.2
667dc5c2,1686,92,6,118.2
531ef6cd,1687,70,3,205.03
af9575fc,1687,77,6,107.21
6222f19f,1687,41,6,135.18
91bc53df,1688,125,9,495.37
c4d2ed25,1688,64,6,319.78
ddb3fa9b,1689,18,10,172.05
22f765a9,1689,86,8,79.11
66b799b6,1689,128,2,248.41
fe00d4c6,1690,72,7,232.02
3d5e465b,1690,111,2,522.96
a8197dd0,1691,61,6,353.88
259fdfef,1691,1,8,247.17
925e0331,1691,11,5,175.83
bbdd6cef,1691,144,7,111.39
e5efddf6,1691,108,10,409.77
1572b61f,1692,7,9,588.01
1a9430e6,1692,10,2,321.2
1cf7b8b1,1693,56,10,237.91
1e33912c,1693,135,9,156.85
61199b1a,1693,54,1,76.52
cf16f565,1693,101,2,149.65
8a7945fc,1694,138,6,347.46
038efd10,1694,91,7,390.95
e91a56c2,1694,90,1,25.09
354dd55d,1694,103,9,560.59
08160b78,1695,40,8,
ada8e2f5,1695,142,2,409.18
89566e50,1695,75,8,110.22
ad8ec6ed,1695,54,6,
695f4b97,1695,133,4,512.38
d13faa40,1696,114,9,112.98
b84a8e8e,1696,146,6,375.4
b525efce,1697,21,5,210.5
3bef8ba3,1697,10,7,321.2
ed193143,1697,107,8,235.92
6438c583,1697,87,8,414.86
b2596959,1697,78,6,321.17
0b792f92,1698,64,2,319.78
ae7ca873,1698,113,4,576.51
c6d48858,1698,9,3,306.24
2ca8fc06,1698,89,7,164.35
91cb02ab,1699,62,1,663.53
ea4f89b7,1699,127,9,105.14
65fd0e32,1699,42,7,217.34
e155cf52,1699,124,3,476.13
a71a158a,1700,75,6,110.22
0bfd1be9,1701,10,10,321.2
0dfdc3a0,1701,54,10,76.52
7c86bd92,1701,118,4,199.93
ae530b32,1701,80,7,26.66
7b6a66b6,1701,52,5,635.0
3b9a88ec,1702,75,4,110.22
efe11fd7,1703,28,8,211.7
2a670bf4,1704,100,3,499.43
8dcec51c,1704,50,6,447.11
67ebc0ba,1704,97,3,356.16
c2993b91,1705,33,4,34.52
13bc7486,1705,74,1,309.82
03a9444e,1705,116,2,353.96
bc05aa53,1705,95,9,124.61
c144689a,1706,130,1,366.73
4d6c4fbb,1706,111,1,522.96
4f6ee918,1706,47,4,256.73
36bca715,1706,142,5,409.18
70dfb07a,1706,9,10,306.24
2994947c,1707,83,9,264.39
5a3e1be9,1707,73,5,
41785c4b,1707,41,5,135.18
7b57ec96,1708,63,8,158.85
ef165e97,1708,94,1,266.93
8d2a43e9,1708,29,9,489.96
5bb86588,1708,98,10,598.38
3c49b9be,1709,105,1,27.25
d5548e67,1709,117,2,143.81
c0c233fa,1709,32,2,505.23
89f0fa0d,1709,33,6,34.52
7f3cfba5,1709,37,5,659.37
6cfc4e2d,1710,57,5,45.96
80fbbc1c,1710,18,9,172.05
2c1264c8,1711,22,4,224.4
b911aa69,1712,10,9,
1dff5d55,1713,117,2,143.81
b549d05d,1714,27,5,304.08
acd9d4ac,1714,100,5,499.43
1ca0a57e,1715,69,1,130.35
7aac7898,1715,57,4,45.96
e8b60599,1715,68,5,25.46
913977c1,1715,135,-8,156.85
7d5e0091,1716,74,2,309.82
978ce231,1717,5,4,84.34
88ead1b4,1718,12,6,249.75
88f8bf88,1718,62,2,663.53
8fe4bc4f,1719,76,7,272.25
59639e3f,1719,58,7,504.47
9377ab61,1719,6,1,94.32
8f488bca,1719,134,7,411.75
7c99f42f,1719,144,7,111.39
31590299,1720,133,2,512.38
00f4012e,1720,64,7,319.78
d10cc306,1720,14,8,
95c6aef2,1720,19,8,385.52
1a109acc,1720,57,8,45.96
665c7cc9,1721,114,9,112.98
5fe5940c,1721,19,8,385.52
406d0a24,1722,44,2,595.46
92fb2238,1723,115,5,317.48
335e8eaa,1723,133,5,512.38
958acb5e,1723,88,6,366.29
4eed9611,1724,93,4,85.6
de7cfa11,1725,150,3,192.44
f16a342d,1725,90,4,25.09
c0c790be,1725,123,8,476.54
c9fe640a,1726,70,9,205.03
5d605256,1726,51,9,114.5
96cac78a,1726,97,6,356.16
d8417e4e,1727,142,8,409.18
ac61533b,1727,21,4,210.5
3d09e185,1727,32,8,505.23
93793b1b,1727,9,-7,306.24
bb58ded2,1728,119,10,362.46
42b32eb6,1728,32,7,505.23
0ca32442,1728,143,10,485.74
43a3c5ef,1728,68,7,25.46
a0c360ca,1729,76,6,
62bbf781,1729,60,10,341.45
5b90abd3,1729,34,8,457.44
00beb4c3,1729,139,7,562.91
5a32fab6,1729,39,6,547.33
0f4c8e83,1730,45,7,
7f8cc3c9,1731,22,6,224.4
eeba0046,1732,65,10,82.75
bd49dffa,1732,23,-4,131.11
46c672d8,1732,143,9,485.74
6ab2eb31,1732,136,5,276.4
19423565,1733,104,8,112.88
f8a5b85c,1734,136,2,276.4
fe323e35,1735,93,6,85.6
0e3c9bb9,1735,36,3,583.1
f35af6ad,1736,106,4,13.38
48183a51,1736,102,5,451.88
c263edf4,1737,49,7,234.47
26f7e410,1737,112,10,209.57
c322d0b4,1738,119,7,362.46
05ac0806,1738,38,4,323.52
50c014ba,1738,147,4,355.47
37195ca1,1738,36,9,583.1
3e864b3e,1738,103,8,560.59
f6a7f57b,1739,146,6,375.4
ba785f79,1739,48,6,120.58
02640637,1740,72,4,232.02
d5fa5ff6,1740,110,9,431.46
74efed31,1740,30,2,230.06
a5caa723,1741,134,1,411.75
0f62869c,1741,22,6,224.4
23b90e80,1741,15,7,440.74
bd9959a9,1741,124,9,476.13
86051d02,1742,5,5,84.34
c7d9058c,1742,120,3,32.84
470cc398,1742,102,7,451.88
1b713062,1742,49,6,234.47
abd46797,1742,2,3,616.23
bdde5dee,1743,59,8,333.45
60d18eb3,1743,51,10,114.5
d894792e,1743,149,6,234.87
7ca1a9f1,1743,38,5,323.52
8c98610d,1743,22,2,224.4
95924c92,1744,109,3,662.43
f568945e,1745,94,9,266.93
649ebde5,1745,53,4,
46c61671,1745,11,6,175.83
0ea69d39,1745,131,3,156.26
71e1bc39,1746,58,3,504.47
94535566,1746,121,9,563.05
2ce17faa,1746,113,4,576.51
f80f6f1f,1746,75,9,110.22
a763cbd2,1746,121,-3,563.05
d139cc8c,1747,121,5,563.05
ba3813a2,1747,42,8,217.34
84d0756f,1747,54,7,76.52
cbe9ef6d,1747,84,6,230.04
2dc45ee1,1747,5,1,84.34
f6122fc2,1748,66,3,41.73
9e40ef2e,1749,3,8,217.43
713f35a0,1750,70,3,205.03
4e61a355,1750,51,8,114.5
2544823a,1750,30,7,230.06
55f433ac,1750,144,1,111.39
53624e8a,1750,107,7,235.92
5c3392ba,1751,121,-5,563.05
9c075995,1751,1,5,247.17
0fbb9f43,1751,17,1,312.14
1453b2ee,1751,68,10,25.46
0af40b45,1751,140,5,94.52
0c90c042,1752,126,7,63.86
958ad2b3,1753,34,5,457.44
f7f797c5,1753,82,1,336.54
b5c439e0,1754,26,4,269.03
bb019f11,1754,85,6,300.34
3db05a2e,1754,42,3,217.34
e75d037a,1754,13,6,343.78
e5fa4b04,1754,117,8,143.81
827795c9,1755,128,7,248.41
500b3972,1756,28,2,211.7
b4c4924b,1756,41,6,135.18
315b1a8c,1757,142,9,409.18
dde9be53,1757,22,8,224.4
38d51a82,1757,61,1,353.88
d70387b9,1757,137,-9,514.29
61736f9a,1758,34,3,457.44
a32f1ab7,1758,95,6,124.61
cb99293f,1758,94,10,266.93
8324549c,1758,91,10,390.95
1c58ccf5,1758,127,10,105.14
4b790397,1759,141,4,350.19
d8de9b30,1759,85,8,300.34
3d5a3ce9,1760,23,-7,131.11
86797d10,1760,92,9,118.2
d2354ebf,1760,10,2,321.2
6985144e,1761,52,7,635.0
0575a30f,1761,97,-1,356.16
c6fa4b3d,1762,34,9,457.44
90549474,1762,59,1,333.45
edf44bb1,1762,72,7,232.02
f1eabd11,1762,64,10,319.78
83937bc6,1763,101,1,149.65
9e5b8817,1763,57,4,45.96
ffba2cff,1764,132,6,313.92
a71cd7ff,1764,144,10,111.39
99d3d029,1764,27,9,304.08
f93ac770,1765,14,-10,
419ab3aa,1765,61,8,353.88
f1af8d31,1765,77,5,107.21
780b0231,1765,65,5,82.75
de3fcd2a,1766,110,3,431.46
ccf3434c,1766,88,5,366.29
37c3aa97,1766,116,6,353.96
cf99b98c,1766,101,1,149.65
7c544b83,1767,54,10,76.52
e03549e7,1767,146,1,375.4
ea62a120,1767,147,7,355.47
121f0689,1767,116,9,353.96
f6470c3b,1767,128,6,248.41
73a119f8,1768,56,5,237.91
cf1343d2,1768,54,1,76.52
a8d65b0a,1768,26,8,269.03
c0f9859e,1768,50,6,447.11
01eb994e,1769,150,3,192.44
de913049,1769,129,6,254.73
b3d76a1a,1769,49,7,234.47
e6158e88,1769,34,9,457.44
6da8a056,1769,48,4,120.58
7cf77871,1770,118,4,199.93
73a17822,1770,85,2,300.34
48c1c0d6,1770,68,10,25.46
cfa09a2f,1770,33,4,34.52
ff5510b6,1771,150,4,192.44
30aacad6,1771,89,8,164.35
a31a4c31,1771,39,1,547.33
03cc4122,1771,65,2,82.75
7a47a7f2,1771,68,6,25.46
9186c3f9,1772,142,10,409.18
03fc78d6,1773,108,6,409.77
bbe2a10d,1773,27,3,304.08
6109dcb5,1774,94,7,266.93
aa968870,1774,91,4,390.95
44d3ccd3,1775,149,6,234.87
b5ad57fc,1775,55,6,294.55
0822253b,1775,125,9,495.37
bfa547a2,1776,105,4,27.25
ea5fe9fc,1776,68,7,25.46
37b0a63d,1777,37,7,659.37
e51c8f04,1777,48,3,120.58
fb598023,1778,10,7,321.2
a300051f,1779,45,1,25.51
d2ee2921,1780,112,10,209.57
25971569,1780,30,7,230.06
1b3b0431,1780,50,4,447.11
2695aa06,1781,148,7,325.19
eab01723,1782,22,3,224.4
66a8811e,1782,15,9,440.74
35cf50be,1782,60,8,341.45
9cdc9bec,1783,144,6,111.39
355c7215,1784,16,7,112.75
0556244e,1784,133,1,512.38
db70cd74,1785,67,7,144.67
cb8c9a79,1785,149,6,234.87
eebeabd0,1785,126,7,63.86
74d4b693,1785,5,7,84.34
7d6520a5,1785,113,3,576.51
50f226ca,1786,116,9,353.96
1e61cda0,1786,127,9,105.14
84c91699,1787,123,8,476.54
8682873a,1787,112,2,209.57
69e50455,1787,129,10,254.73
4d0597eb,1787,140,5,94.52
bca1fd6a,1787,35,9,227.38
aca0d557,1788,66,2,
820102a9,1789,9,6,306.24
4e2d2a95,1790,103,7,560.59
79654942,1791,120,10,32.84
6c5b09e0,1791,45,5,25.51
f20d68ad,1791,61,6,353.88
e0da59fe,1792,22,10,224.4
ff9a559a,1793,121,1,563.05
99d4fb85,1793,103,8,560.59
6679fbb9,1793,44,1,595.46
9a769a4a,1793,15,8,440.74
b28c9c2b,1794,96,8,548.63
f7c83ddb,1794,39,5,547.33
1463fc52,1794,84,2,230.04
0ef130b7,1794,147,1,355.47
5bdc4263,1795,8,3,62.66
dbcc3e67,1795,90,5,25.09
7bf88c72,1795,59,10,333.45
28730de8,1795,45,10,25.51
8b224c0d,1796,86,4,79.11
8f0cd161,1796,116,5,353.96
99251a28,1796,89,3,164.35
3fbb106d,1796,67,3,144.67
7557fa81,1796,73,2,189.8
d0f5e904,1797,24,4,276.31
0dbf5396,1798,102,10,451.88
ec248c90,1798,115,7,317.48
e44ae6ff,1799,88,8,366.29
633fda58,1800,134,5,411.75
79df4876,1800,131,2,156.26
b1faa9ef,1800,9,9,306.24
2c1e04f1,1800,87,9,414.86
00190d4d,1800,12,6,249.75
2e038819,1801,54,3,76.52
6055243b,1801,82,3,336.54
f94653bc,1801,28,2,211.7
b2971fed,1801,15,9,440.74
0a2e42dd,1801,19,9,385.52
3281d83f,1802,57,3,45.96
8f07feaf,1802,148,7,325.19
7a692499,1802,14,8,613.39
db1f5598,1802,71,-9,485.03
5c892954,1802,40,3,269.82
86d31c9f,1803,35,1,227.38
10be2b52,1803,140,3,94.52
856da4f3,1803,124,9,476.13
1846df5a,1803,37,2,659.37
81608c2e,1803,121,5,563.05
91a9b062,1804,150,4,192.44
0e353b58,1804,124,9,476.13
65c8fc4d,1804,47,2,256.73
207ead02,1804,47,8,256.73
0ad0d379,1805,109,8,662.43
b5deb301,1805,129,9,254.73
33569e0a,1806,76,5,272.25
3e444951,1806,116,5,353.96
dd61e121,1806,2,2,616.23
e74552f1,1806,35,10,227.38
64a37a53,1807,47,8,256.73
590cf1a7,1807,149,4,234.87
5d0b1b96,1807,133,10,512.38
e425f8db,1808,63,7,158.85
6204a527,1808,105,2,27.25
6ac582c5,1808,93,7,85.6
f60dd351,1809,120,1,32.84
c10f495f,1809,65,9,82.75
928ea912,1810,116,5,353.96
74cab505,1810,113,3,576.51
a7dec7e0,1810,126,2,63.86
15f3eb72,1810,42,5,217.34
ed4d199d,1811,34,2,457.44
5590aaac,1811,126,9,63.86
7564e673,1812,20,6,602.66
4a63cc93,1813,60,6,341.45
fb9866d2,1813,76,2,272.25
5ffb9aaf,1813,142,9,409.18
0a5e52c9,1814,111,10,522.96
b7dd933f,1814,70,7,205.03
26278444,1814,135,5,156.85
5ac02fa8,1814,41,9,135.18
cce21503,1814,10,6,321.2
6b441b5d,1815,143,8,485.74
f333958e,1815,43,4,143.8
05a53bb5,1816,33,8,34.52
a9eb34a7,1816,140,7,94.52
8efbab07,1816,87,3,414.86
752cc293,1816,97,1,356.16
905e4867,1817,113,2,
ec2dbf92,1817,47,9,256.73
e083e668,1817,89,6,164.35
e0224095,1817,109,3,662.43
d424445e,1818,15,5,440.74
128a0e85,1818,92,10,118.2
e7722f34,1818,33,8,34.52
8a65dc7c,1818,33,3,34.52
932cd1c0,1819,66,1,41.73
ac8d4e35,1820,134,10,411.75
0ad788cf,1820,58,10,504.47
06bc1e6f,1820,118,1,199.93
6d1bdf03,1821,93,10,85.6
b76a0dba,1821,74,7,309.82
4dc1535a,1821,136,7,276.4
312290f5,1821,88,7,366.29
0ea3c473,1821,72,9,232.02
7f97e676,1822,54,3,76.52
dab71131,1822,19,3,385.52
90fcc6ac,1822,91,9,390.95
6bff709e,1822,8,1,62.66
5762d29e,1823,150,10,192.44
11c6d5b0,1823,41,7,135.18
24114a70,1823,7,9,588.01
33efc5ee,1823,22,3,224.4
1868c64d,1823,63,10,158.85
dd08b0df,1824,37,9,659.37
0c0f03e2,1824,141,10,350.19
0c7c54f6,1824,141,2,350.19
b407c60e,1824,30,6,230.06
a9f8bd3f,1824,72,4,232.02
3a9a88d7,1825,118,2,199.93
e8e93ed3,1825,94,10,266.93
bd14b7e1,1825,119,10,362.46
944c1def,1825,127,6,105.14
8308ca5f,1826,62,7,663.53
8a8d9b01,1827,74,2,309.82
e7934840,1828,37,1,659.37
c93b887c,1828,136,9,276.4
aafe8a9c,1828,101,6,149.65
c0355354,1829,126,5,63.86
a8a76d4b,1829,16,4,112.75
c0ffdc95,1830,119,4,362.46
e02078e8,1830,141,3,350.19
f08b4825,1830,93,4,85.6
8dc85bd6,1830,44,5,595.46
80bc316a,1831,60,5,341.45
5f834abf,1831,6,10,94.32
7bfe3593,1832,43,6,143.8
1e75b8d8,1832,146,1,375.4
612e1ae0,1832,123,10,476.54
f52848c5,1832,61,3,353.88
5cca105a,1832,23,9,131.11
c98ef102,1833,68,9,25.46
d8b5aaaa,1833,52,4,635.0
867fe2fc,1834,140,7,94.52
2ac38908,1834,75,3,110.22
8ed7ee3c,1835,129,2,254.73
beeb07b4,1835,75,10,110.22
59d64561,1836,143,9,485.74
aaaa4386,1836,149,7,234.87
65dfa3d3,1836,93,3,85.6
8783c951,1836,28,10,211.7
68ea0337,1836,40,2,269.82
89182d13,1837,60,7,341.45
1a01b84b,1837,126,1,63.86
efc0407b,1838,3,4,217.43
fc6051fc,1839,75,1,110.22
ee122558,1840,64,5,319.78
4a95da9c,1840,95,7,124.61
c68cbb13,1841,15,8,440.74
2f208b5b,1841,40,6,269.82
4d3acea4,1841,39,4,547.33
363e21a4,1841,54,2,76.52
98a4f8dc,1842,15,6,440.74
deeeae62,1842,113,1,576.51
a00b628c,1842,147,10,355.47
60769646,1842,16,7,112.75
cb9ca838,1842,4,6,39.86
e6c53758,1843,63,3,158.85
c2867e64,1843,119,1,362.46
f23d0cb3,1843,82,9,336.54
ed552e36,1843,149,8,234.87
6e6d542f,1844,47,4,256.73
b933c77c,1844,104,6,112.88
337dd812,1844,76,5,272.25
64de904e,1844,135,9,156.85
6e06f8c9,1844,44,4,595.46
2d6de9af,1845,84,9,230.04
a397e8b8,1845,96,9,548.63
d697836e,1845,92,6,118.2
41c775af,1845,30,10,230.06
733657d2,1846,61,7,353.88
9cbbbc3d,1846,53,9,350.56
eb60e9ad,1846,145,4,173.53
9f5c061e,1847,66,8,41.73
32a5ab36,1847,108,5,409.77
1bf607df,1847,69,2,130.35
35ed88d1,1848,118,6,199.93
54e83861,1849,92,9,118.2
560d3715,1849,29,5,489.96
bb666caa,1849,113,3,576.51
c109dea3,1849,55,7,294.55
00eb61d7,1850,8,4,62.66
5251de44,1851,86,6,79.11
73d84ed3,1851,98,6,598.38
486eeca8,1852,60,8,341.45
e5a8de32,1852,7,4,588.01
65d2e3b7,1853,146,6,375.4
01c03160,1853,8,1,
29a367fe,1853,23,2,131.11
16c4491f,1854,134,7,411.75
ed09ac69,1854,69,3,130.35
058e107e,1854,114,4,112.98
271fb52c,1854,137,6,514.29
e3e5ae45,1855,6,10,94.32
1ae4e8dc,1855,147,2,355.47
9ebb5e69,1855,93,1,85.6
6ca2d57e,1856,62,5,663.53
1592c0e5,1856,144,5,111.39
46bc680e,1856,122,8,206.63
29fa3c35,1857,86,2,79.11
68c826dc,1857,91,5,390.95
4e833b5d,1857,110,10,431.46
b2d9beae,1857,22,8,224.4
0dd4a32c,1857,91,7,390.95
6a1e5091,1858,115,4,317.48
50e36e96,1859,81,2,197.74
255b3c4c,1859,142,4,409.18
999e3188,1859,132,10,313.92
f118a0e5,1860,4,8,39.86
2a4732c8,1861,115,7,317.48
60899a11,1861,62,1,663.53
3d08c762,1861,145,5,173.53
12c866f2,1861,74,3,309.82
a252627b,1861,63,6,158.85
597a6db5,1862,44,9,595.46
57307a0d,1862,104,8,112.88
68e3c1e7,1863,84,7,230.04
2c35ab25,1864,133,9,512.38
a890ca9a,1865,72,2,232.02
3ec23cd9,1865,125,10,495.37
4bb11399,1865,31,2,100.15
cbaaea91,1865,66,7,41.73
732236ed,1866,118,6,199.93
48495d9d,1866,78,8,321.17
b2ac7b62,1866,133,9,512.38
cca5dfb4,1866,48,4,120.58
3cfcd2c5,1866,124,5,476.13
0542b24d,1867,144,9,111.39
e5d9d670,1867,88,4,366.29
52c210cf,1867,41,2,135.18
590de8e5,1867,143,1,485.74
630caaea,1868,16,10,112.75
d36edf01,1868,5,3,84.34
9f911381,1868,53,9,350.56
534abed9,1868,93,8,85.6
634cb635,1869,1,1,247.17
833fa5ec,1869,121,1,563.05
642e31d8,1869,6,8,94.32
56a75048,1869,134,1,411.75
5dc1dde4,1869,107,7,235.92
1ed159cf,1870,147,9,355.47
beb0915c,1871,139,8,562.91
e993d785,1871,46,10,35.41
ed847959,1871,122,5,206.63
c642eac2,1871,88,7,366.29
219db4bb,1872,131,3,156.26
86f6d424,1872,70,8,205.03
8afb38c6,1872,11,4,175.83
4984dcbd,1873,102,10,451.88
49ded5ac,1874,89,3,164.35
03dc9f9c,1874,114,4,112.98
0eddc1ab,1874,9,8,306.24
afe0e4de,1874,11,7,175.83
f039c803,1875,120,7,32.84
45939da6,1875,33,6,34.52
0fa268e7,1876,16,6,112.75
e165ca4c,1876,103,7,560.59
9ca064dc,1876,35,8,227.38
b4997a57,1876,67,3,144.67
bba92d65,1876,103,3,560.59
67b3b00d,1877,128,3,248.41
6e579666,1877,54,2,76.52
c126a6a3,1878,80,3,26.66
992dca02,1879,69,4,130.35
5057a050,1879,51,2,114.5
ad4c8995,1880,103,2,560.59
41a6f6b2,1880,141,1,350.19
0abdd2eb,1881,30,8,230.06
3fb5a162,1881,99,9,155.1
ada29ee2,1881,99,5,155.1
d7e84dea,1881,79,5,289.74
2a8ffb47,1881,25,6,302.2
a1602723,1882,112,5,209.57
63ddb9f6,1882,38,8,323.52
ea8fe70a,1882,110,9,431.46
19678ecf,1882,68,3,25.46
7d65921d,1883,120,9,32.84
b41193b2,1884,25,10,302.2
fc35687f,1884,108,6,409.77
eb839bce,1884,8,3,62.66
11526143,1885,104,8,112.88
bc8dbbeb,1885,107,8,235.92
21ee2b90,1885,146,10,375.4
2df36725,1885,37,9,659.37
c4d2a6af,1885,23,1,131.11
45b2e9f5,1886,27,6,304.08
11a17e94,1886,62,8,663.53
1db04dc8,1886,107,4,235.92
5b7be456,1886,87,10,414.86
d391939d,1887,107,6,235.92
4eb8a935,1887,95,4,124.61
aad6304f,1887,126,4,63.86
83af3508,1888,53,7,350.56
b850b7f6,1889,53,3,350.56
2bf1e05e,1889,73,9,189.8
3578b346,1889,17,7,
c4bfa04a,1890,78,9,321.17
22af70e5,1891,40,7,269.82
dfc94661,1892,121,9,563.05
b4b01b33,1892,72,2,232.02
fdbb690e,1892,15,10,440.74
16c30f7d,1892,127,2,105.14
db5d737a,1892,94,9,266.93
170aa304,1893,112,10,209.57
681075a7,1893,127,4,105.14
627967fd,1894,34,9,457.44
9404debe,1894,85,7,300.34
4df9ff51,1894,23,9,131.11
1f2d2426,1894,78,8,321.17
cb48b042,1894,139,9,562.91
80a3a4cd,1895,131,6,156.26
baee5bd2,1895,102,3,451.88
6ec06ef7,1895,62,1,663.53
6d5914b5,1896,43,5,143.8
4f4369d4,1896,60,6,341.45
833248cd,1896,85,3,300.34
1d108fe7,1896,27,6,304.08
30cb63ac,1897,12,4,249.75
0111f49e,1898,16,4,112.75
1e840ef4,1898,71,8,485.03
cb98e302,1898,32,2,505.23
2c5dc00f,1898,30,6,230.06
f2fd36fb,1899,142,7,409.18
f4b7cb6b,1899,18,10,172.05
c552365b,1899,78,2,321.17
5f0afb01,1899,56,4,237.91
26ee7689,1900,132,6,
4b7edc54,1900,7,3,588.01
5770c9b8,1900,124,4,
13de72e7,1900,8,2,62.66
4cbfba32,1901,96,9,548.63
862a2e15,1902,149,2,234.87
5d6ab329,1902,96,1,548.63
06e4b46d,1902,148,2,325.19
ee76df09,1902,57,10,45.96
56ba0547,1902,129,7,254.73
ee278e62,1903,38,10,323.52
4c37a267,1903,143,6,485.74
309513f4,1903,26,10,269.03
92156f74,1903,57,4,45.96
3569799f,1903,50,5,447.11
4f1d6895,1904,11,1,175.83
bedd82fb,1904,123,2,476.54
9cbfcd81,1904,93,9,85.6
90911936,1904,115,5,317.48
13f31f0a,1904,28,2,211.7
b6bf652f,1905,16,7,112.75
8291da04,1905,19,7,385.52
1c9cccaa,1906,17,9,312.14
c9f5f558,1907,57,4,45.96
adcafd0c,1907,150,9,192.44
d1fba8b7,1908,57,2,45.96
396163ba,1909,27,1,304.08
c3c4ddf7,1909,28,10,211.7
81be1d68,1909,13,5,343.78
e6d9d175,1909,23,2,131.11
db61e40a,1910,71,2,485.03
12597874,1911,11,9,175.83
407287a2,1911,128,2,248.41
4e49d574,1911,142,4,409.18
5b4869f1,1912,104,1,112.88
0deaada2,1912,86,9,79.11
cec54e9a,1912,117,5,143.81
a4ff032d,1912,143,4,485.74
e0f75ecb,1912,90,10,25.09
a8bc9aad,1913,5,5,84.34
c4525111,1913,114,7,112.98
d2bbece2,1913,137,5,514.29
fd054b13,1914,12,2,249.75
b22364cf,1914,74,8,309.82
bd4bdd3b,1914,103,2,560.59
f4622517,1914,97,9,356.16
d5b78d95,1914,35,7,227.38
9b0fdd4c,1915,100,3,499.43
4bb6cc66,1916,33,5,34.52
f8903c86,1916,141,10,350.19
1d5ce875,1917,102,6,451.88
a648bbdb,1917,126,5,63.86
b3ee4a7c,1917,94,8,266.93
96e63ca5,1917,38,6,323.52
33e4192f,1918,9,1,306.24
1bbaaaa5,1918,134,10,411.75
fc5c2e8b,1919,87,-3,414.86
d8229b4d,1919,59,6,333.45
5499e111,1920,5,6,84.34
0191db27,1920,59,5,333.45
759786ac,1920,33,-2,34.52
5087bb2f,1920,38,10,323.52
90349280,1920,58,2,504.47
7db4500b,1921,138,8,347.46
a08f4d81,1922,140,3,94.52
7d0e7339,1922,39,2,547.33
7612d7ef,1922,136,3,276.4
74e93146,1922,145,9,173.53
6a81515d,1923,42,7,217.34
fbb686c7,1923,112,4,209.57
7f16eb1a,1923,122,8,206.63
cc6b854c,1923,89,3,164.35
15b31b86,1923,77,9,107.21
27b76319,1924,81,5,197.74
88fb58fe,1924,83,4,264.39
eea906c5,1924,120,9,32.84
3230a9bf,1924,142,1,409.18
e27150a1,1925,48,9,120.58
b15999ef,1925,68,8,25.46
9bcd73ba,1925,97,1,356.16
8cdb58a9,1926,115,2,317.48
867132d7,1926,121,6,563.05
6b5cc61a,1926,56,7,237.91
eda7f52d,1927,9,8,306.24
bd5e9e95,1927,22,5,224.4
01395f35,1928,21,5,210.5
532246a5,1929,119,5,362.46
5a10e7bf,1929,18,10,172.05
4261cc8a,1929,25,2,302.2
b4946409,1929,59,4,333.45
8ca4b648,1930,120,1,32.84
27f60bde,1930,53,5,350.56
3120eba2,1931,92,9,118.2
f7e643c6,1931,136,9,276.4
8c49b73f,1931,122,9,206.63
f78972f9,1932,40,8,269.82
b6aac37c,1933,150,1,192.44
71f3c9bd,1933,31,3,100.15
2e9322e7,1933,83,5,264.39
240d74bb,1933,113,1,576.51
4958e308,1933,31,5,100.15
7d2f2bdb,1934,119,5,362.46
4f92e3b6,1934,128,-5,
6c4b417b,1935,103,-1,560.59
bcc1269c,1935,97,3,356.16
90cb96ca,1935,40,2,269.82
c1bd6c08,1935,138,3,347.46
057bef3d,1936,43,8,143.8
c7d910ac,1936,113,3,576.51
6e378339,1936,56,10,237.91
5eb7eb12,1936,77,6,107.21
7f3ff282,1937,103,7,560.59
93c0a57d,1937,70,9,205.03
72ac3de8,1938,53,6,350.56
443e4b1c,1938,149,9,234.87
1179b37e,1938,80,7,26.66
e52d935a,1939,61,8,353.88
89d0a883,1940,97,5,356.16
c415e3a2,1941,90,6,25.09
0f31b1de,1941,96,10,548.63
225a3a93,1941,64,8,319.78
bf924363,1941,27,4,304.08
a82418a2,1942,46,8,35.41
e044cc40,1942,127,8,105.14
f20cee09,1942,93,9,85.6
1259f6d0,1942,80,2,26.66
1e54cb2a,1943,7,9,588.01
6ea77ad9,1943,46,7,35.41
110928a6,1943,50,4,
7104a655,1944,9,2,306.24
0f8bda1c,1944,28,6,211.7
5967ad84,1944,79,5,289.74
93ab3afa,1944,65,8,82.75
7e38c669,1945,135,7,156.85
f56636ed,1945,65,8,
17c0247c,1945,147,2,355.47
3a75a9e4,1945,58,9,504.47
fdc3bdff,1945,117,10,143.81
9e9e5c24,1946,150,7,192.44
622777fc,1946,50,8,447.11
5d3af974,1946,45,1,25.51
15409589,1946,146,10,375.4
7aa96110,1947,94,6,266.93
9ca05e82,1947,51,3,114.5
d8d4d6ec,1947,2,2,616.23
a79e93d4,1947,25,8,302.2
00a976e3,1947,47,-7,256.73
365e2985,1948,138,9,347.46
832f5cb1,1948,135,6,156.85
9f04c6a4,1948,89,9,164.35
3defac92,1949,106,5,13.38
f750cf94,1949,44,7,595.46
0dfbc8ea,1949,127,7,105.14
38b8a080,1950,86,9,79.11
8fb1065b,1950,99,10,155.1
a1512cf8,1950,68,8,25.46
2939a29c,1950,62,5,663.53
df6d121a,1951,65,1,82.75
d9e7dd38,1952,70,9,205.03
eae07f79,1952,59,10,333.45
db2f9501,1952,61,8,353.88
fbbe2bf4,1952,142,1,409.18
06d728f8,1952,2,6,616.23
61613fe2,1953,49,3,234.47
ee37d4e7,1953,105,10,27.25
2f0db411,1953,135,1,156.85
c97bba5b,1954,15,5,
dbe480c8,1954,99,4,155.1
972dd1dc,1954,66,1,41.73
60cf121e,1954,37,7,659.37
6bf5f074,1955,75,7,110.22
50a7363c,1955,69,7,130.35
2f2b8472,1955,64,4,319.78
e1422584,1955,125,4,495.37
a541b9ae,1955,122,5,206.63
a92a2012,1956,14,2,613.39
59a50e50,1956,112,1,209.57
5fb41d21,1956,84,2,230.04
34844ee3,1956,68,10,25.46
43ed73ac,1956,121,4,563.05
faa80fde,1957,56,6,237.91
5fb967f4,1957,70,8,205.03
751d95d4,1957,88,1,366.29
9be81610,1957,47,7,256.73
6ca56a1a,1958,86,7,79.11
768c380e,1958,22,9,224.4
dcfd235d,1958,41,10,135.18
b580b908,1958,103,2,560.59
b715d8b0,1959,134,5,411.75
29a6a243,1959,54,4,76.52
05c525ce,1959,115,1,317.48
8b4397c2,1959,3,8,217.43
2b9863ed,1960,31,1,100.15
6addeef9,1960,127,1,105.14
3eee553c,1960,138,5,347.46
7f5b9fef,1960,132,4,313.92
2d854153,1961,85,5,
57a40b7b,1961,75,5,110.22
a85f4b2e,1961,132,1,313.92
41ac7a5e,1962,63,7,158.85
69390c29,1962,22,7,224.4
c029c964,1962,129,5,254.73
b7500aca,1962,11,9,175.83
3bee11fd,1962,81,10,197.74
7853754b,1963,112,1,209.57
39c0c690,1964,32,6,505.23
cc0c5a8d,1964,10,3,321.2
4921083f,1964,103,7,560.59
4d10e8e4,1964,43,4,143.8
7c1fc43f,1964,91,5,390.95
33bcdd78,1965,91,5,390.95
66412fcb,1965,47,8,256.73
11acc504,1965,31,3,100.15
fc935a57,1965,92,4,118.2
47b5fd56,1965,84,1,230.04
77370a87,1966,99,9,155.1
4754ba72,1966,78,9,321.17
a9c540f2,1966,9,10,306.24
9ae10433,1966,89,5,164.35
e8ba8734,1966,56,9,237.91
eb9e2d94,1967,135,3,156.85
c8f55f55,1967,84,4,230.04
4b6b1c27,1967,22,9,224.4
0bd5eb5f,1967,49,9,234.47
3bd5ae54,1968,130,6,366.73
957dc479,1968,120,7,32.84
a19cee97,1968,21,6,210.5
fa656bfe,1968,63,1,158.85
adcb4ff5,1968,109,10,662.43
94ba8599,1969,4,5,39.86
1018a14b,1969,30,6,230.06
981ebb79,1969,35,5,227.38
599500ba,1969,11,4,175.83
b9d87d59,1970,91,10,390.95
8332e2f0,1970,54,6,76.52
94c95a61,1970,20,1,602.66
6b71073f,1970,40,8,269.82
e7c14318,1970,115,8,317.48
5424e743,1971,73,2,189.8
b509f07d,1971,38,5,323.52
46daf9ff,1971,64,8,319.78
ced2fe37,1971,5,8,84.34
2de8927d,1971,85,6,300.34
487d3f07,1972,119,5,362.46
914c15cb,1972,28,7,211.7
6ee72de2,1972,145,6,173.53
10a9c084,1972,126,2,63.86
28bdaba2,1972,57,6,45.96
6e3a7396,1973,6,7,94.32
afe03edb,1973,40,8,269.82
d5818ec7,1973,93,4,85.6
e222554d,1973,95,2,124.61
ea475d06,1974,94,6,266.93
cfb3cd79,1975,112,3,209.57
3e18fb25,1975,143,4,485.74
912cc773,1975,124,7,476.13
4ffc8741,1975,92,1,118.2
1bc31586,1975,149,2,234.87
a71ca3ee,1976,23,6,131.11
feca88e4,1976,144,6,111.39
5014b6b6,1976,149,8,234.87
ff24930f,1977,63,2,158.85
41a05469,1978,90,1,25.09
5ff441ed,1978,96,9,548.63
58723454,1978,28,6,211.7
24df08b9,1978,42,7,217.34
4354f008,1978,49,4,234.47
2bf87b4d,1979,1,4,247.17
f06d3137,1979,133,3,512.38
acca85ff,1979,17,9,312.14
e33608f6,1979,77,5,107.21
2943aa8e,1980,104,4,112.88
3b2b88ab,1980,35,1,227.38
fea84559,1980,24,3,276.31
ae71a331,1980,104,7,112.88
c8a000ed,1981,66,8,41.73
310d6248,1981,43,8,143.8
492f1fa2,1981,62,8,663.53
89ee7476,1982,70,10,205.03
0786cac4,1982,135,8,156.85
88c11ced,1982,66,7,41.73
342d16a1,1982,146,10,375.4
dd0deebb,1982,84,6,230.04
3e62c84b,1983,40,7,269.82
77cc5a0d,1983,3,9,217.43
187c64a1,1984,133,2,512.38
1c75bb06,1984,138,3,347.46
5dceda0d,1984,38,4,323.52
fdf24e73,1984,35,5,227.38
5375d988,1984,48,1,120.58
bde9114d,1985,100,2,499.43
35ad1633,1985,78,9,321.17
77d35c0f,1985,63,1,158.85
2bf039c6,1985,84,10,230.04
8dd5fcc2,1985,84,8,230.04
2d8a9cf6,1986,1,1,247.17
3b78c8c5,1986,34,7,457.44
d309fd45,1986,109,5,662.43
8e6e706d,1986,68,4,25.46
44f5ef23,1987,66,7,41.73
1c91a830,1988,39,2,547.33
78be8649,1988,114,5,112.98
b8d980ed,1989,148,2,325.19
d450ed82,1990,96,2,548.63
0e5a48b6,1991,68,4,25.46
924c48d2,1991,145,9,173.53
77140864,1991,109,7,662.43
08cd8d6d,1992,72,3,232.02
3d8f9231,1992,1,7,247.17
9ef63948,1992,130,10,366.73
7c2b73ad,1992,126,1,63.86
9fa35649,1992,21,9,210.5
7d054459,1993,93,10,85.6
7582da92,1993,34,8,457.44
ca11cc7d,1993,110,2,431.46
38b6cb14,1994,80,1,26.66
bce8e462,1994,94,2,266.93
4cc10e05,1994,3,10,217.43
4d068f49,1994,36,2,583.1
32dcfe4f,1994,74,6,309.82
f6dfd259,1995,40,1,269.82
c01ab618,1995,33,8,34.52
82c7584b,1995,46,7,35.41
f0c4ff0c,1996,23,7,131.11
fb8b3f6d,1996,6,7,94.32
7a179588,1997,36,1,583.1
21f9224d,1997,122,1,206.63
928a1f23,1997,29,-1,489.96
f6c98504,1998,110,-10,431.46
8b8f50da,1998,20,2,602.66
813c47f5,1998,134,2,411.75
dfd58be6,1998,52,3,635.0
973f1206,1999,5,6,84.34
2423f7ed,1999,150,6,192.44
2fc055cc,1999,108,6,409.77
e5a1ed2f,1999,114,10,112.98
d3271e79,1999,28,9,211.7
11f935f1,2000,86,6,79.11
f66a91ea,2000,37,1,659.37
a40a1c80,2000,17,6,312.14
4ca88dd0,2001,57,4,45.96
ecaae43d,2001,64,4,319.78
7a069ff5,2001,61,1,353.88
26357053,2002,1,10,247.17
b09de98a,2002,31,7,100.15
99266a31,2002,116,8,353.96
c3f6da54,2003,113,1,576.51
a9c1168e,2004,55,10,294.55
abe297e7,2004,139,6,562.91
c9e6235e,2004,97,10,356.16
7c2778c2,2004,25,8,302.2
00b51f6c,2004,145,4,173.53
39268ba5,2005,22,7,224.4
b45e016c,2005,64,2,319.78
665712b1,2005,97,5,356.16
6b531444,2006,99,6,155.1
66af9e74,2006,76,6,272.25
933758ca,2006,86,10,79.11
b72c0e05,2007,95,1,124.61
b933503f,2007,4,8,39.86
b49abdeb,2007,109,3,662.43
7f3309a1,2007,116,2,353.96
bf49a34a,2008,17,2,312.14
f1e8b6cf,2008,6,2,94.32
ebfa1fee,2009,18,10,172.05
ee33284a,2009,143,2,485.74
3f05acd7,2009,51,3,114.5
b4bb4984,2009,44,9,595.46
3edb4353,2010,127,1,105.14
2303bb99,2010,119,3,362.46
ee00f8ac,2010,26,2,269.03
9a3facb4,2010,103,5,560.59
dc751b81,2010,116,4,353.96
232b0ac0,2011,43,3,143.8
63428210,2011,31,4,100.15
b7859ca5,2011,146,8,375.4
f39aacb9,2011,45,6,25.51
79349d8a,2011,28,7,211.7
d14da196,2012,49,6,234.47
1027954c,2012,29,8,489.96
02ca3c81,2012,116,5,353.96
aae082dd,2012,96,10,548.63
3789fc91,2012,86,9,79.11
e09e862c,2013,32,3,505.23
6c476775,2013,21,10,210.5
73c7f39a,2013,66,7,41.73
6f3cf432,2013,98,8,598.38
56f8b4ef,2013,108,10,409.77
c60859c4,2014,63,9,158.85
1b2b29ba,2015,123,6,476.54
bb0369a2,2015,85,3,300.34
a67499cb,2015,35,10,227.38
bb5c547c,2015,126,5,63.86
33d51e7c,2016,51,5,114.5
70b6c4d2,2016,60,10,341.45
12f267ba,2017,131,7,156.26
798132cd,2017,63,10,158.85
b79addee,2018,81,6,197.74
fd95a0aa,2018,127,8,105.14
1b162c3d,2018,118,5,199.93
44c4f18d,2019,53,6,350.56
cc674dce,2019,20,2,602.66
5d68cc16,2020,41,1,135.18
ed0a3e78,2020,49,7,234.47
50bc795f,2021,66,4,41.73
f26ccf96,2021,138,7,347.46
50042fde,2021,2,9,616.23
4edabe66,2022,70,5,205.03
ad96273e,2022,18,1,172.05
1db4d737,2022,122,5,206.63
b02528c1,2023,28,9,211.7
fbeb4a1b,2023,107,10,235.92
d85a1a74,2024,63,6,158.85
e93825d0,2024,54,9,76.52
46d0bed3,2025,10,4,321.2
35a41d40,2026,74,3,309.82
69d2fc00,2027,1,3,247.17
1ba65391,2027,88,5,366.29
7909d668,2027,44,3,595.46
d116e6c9,2028,76,4,272.25
c373490a,2029,121,1,563.05
d6ec0d9e,2029,13,4,343.78
c366e250,2029,20,1,602.66
a37943be,2030,20,5,602.66
f634fa4a,2030,46,1,35.41
c4685a52,2030,28,8,211.7
48736ace,2030,132,1,313.92
830e9d77,2031,70,2,205.03
f10fc4db,2032,36,9,583.1
4fff0e81,2032,18,6,172.05
86f93ce5,2032,82,9,336.54
9a3745db,2033,44,10,595.46
ee77bc79,2033,78,10,321.17
9ad80b8d,2033,150,2,192.44
0fc12fe7,2034,70,9,205.03
36f3fd48,2034,2,2,616.23
5ec427bb,2034,93,7,85.6
b7338b40,2034,149,2,234.87
af99330e,2034,83,-3,264.39
46e94add,2035,11,3,175.83
0647a0d3,2036,132,9,313.92
2d26b303,2036,77,9,107.21
2e926ce7,2036,119,3,362.46
179625e0,2037,27,7,304.08
2645776b,2037,148,2,325.19
c49512d4,2037,49,3,234.47
d22dc577,2037,7,2,588.01
4968b3d1,2038,137,3,514.29
a62b866d,2038,47,9,256.73
284fe402,2039,102,3,451.88
9962d232,2039,21,4,210.5
401ef9a8,2040,41,4,135.18
ea030519,2040,11,8,175.83
3ae1cd4b,2041,138,8,347.46
8f17878d,2041,110,7,431.46
5d0bbae3,2041,139,8,562.91
f35aaf74,2041,11,8,175.83
e95eaf99,2041,75,1,110.22
06f7457b,2042,127,3,105.14
afe09e2f,2042,36,6,583.1
c094b718,2042,75,2,110.22
8a7bcb86,2043,112,4,209.57
13d5dc56,2043,48,4,120.58
19366210,2044,50,3,447.11
49d4be3c,2044,110,9,431.46
3b15213b,2044,11,5,175.83
9405308a,2044,91,8,390.95
0cd207c3,2044,134,10,411.75
bb817355,2045,48,2,120.58
649ac46b,2045,80,8,26.66
5e303b0a,2045,121,1,563.05
e819e0ee,2045,143,9,485.74
d46ffb4a,2046,51,6,114.5
3266b462,2046,107,3,235.92
4071c4b5,2046,3,6,217.43
bfb9fd03,2046,66,9,41.73
e025e6f1,2046,44,3,595.46
973fa6e8,2047,9,6,306.24
6a59e09f,2047,25,10,302.2
f43bd648,2048,128,5,248.41
06115283,2049,3,6,217.43
88774a22,2049,126,4,63.86
83e24e58,2050,125,9,495.37
7a9b17fb,2050,11,4,175.83
77947193,2051,21,8,210.5
23fc08c0,2051,135,10,156.85
92980d11,2051,59,6,333.45
1c1e245f,2051,114,6,112.98
7d99c26f,2051,31,2,100.15
b00debcc,2052,56,2,237.91
0e91eeae,2052,53,4,350.56
d5198927,2052,5,9,84.34
4c24c396,2052,62,1,663.53
3953dd39,2053,7,4,588.01
6c2a6fa3,2053,131,1,156.26
dfc8d97f,2053,141,6,350.19
d33b7f80,2054,78,2,321.17
40af5af1,2054,23,8,131.11
6acedb49,2055,121,9,563.05
c1be44a0,2056,147,8,355.47
8fa0b0f4,2057,49,5,234.47
02762e8b,2057,53,5,350.56
5163ee63,2058,76,-7,
426d781e,2059,94,6,266.93
6820c8a4,2059,78,3,321.17
eaa7fe1d,2060,92,7,118.2
af5f2895,2060,119,3,362.46
74738a79,2061,144,10,111.39
ea74d254,2062,95,2,124.61
525c62b5,2062,20,3,602.66
8934be57,2062,22,9,224.4
02ae21c2,2062,117,3,143.81
42affa06,2063,65,6,82.75
16fb2cf1,2063,131,2,156.26
7d20d10c,2063,58,5,504.47
b3aaaa17,2064,104,5,112.88
244408c4,2064,28,6,211.7
ea5a65e8,2064,131,6,156.26
55051d1e,2064,28,9,211.7
8d7aa709,2065,79,10,289.74
c4f2fe7b,2065,47,8,256.73
8cab84cb,2066,108,-8,409.77
5c10a9b8,2066,120,2,32.84
61cdc9aa,2066,144,5,111.39
d736b03c,2066,89,6,164.35
6688d5fc,2067,73,1,189.8
ff3cb39d,2067,133,10,512.38
f7d12f49,2068,43,3,143.8
a3f13041,2068,9,1,306.24
f951af3b,2068,3,5,217.43
4f6d840a,2068,80,8,26.66
6311a7bb,2068,32,3,505.23
70be8efa,2069,72,2,232.02
0907d0b5,2069,80,9,26.66
921ce17e,2069,134,7,411.75
8a7affc7,2069,111,3,522.96
999a20d9,2070,141,7,350.19
c4a81d5f,2071,60,4,341.45
cd4fbd1d,2071,13,5,343.78
a2914ae9,2071,8,8,62.66
c0b8657c,2071,97,7,356.16
5138c3c1,2071,124,5,476.13
49ed84e6,2072,67,4,144.67
c8c300d2,2072,119,8,362.46
f7caafdb,2073,147,3,355.47
888d874f,2073,136,2,276.4
651c39c3,2073,50,1,447.11
8755828f,2073,74,4,309.82
541474b3,2073,68,6,25.46
bef14700,2074,21,8,210.5
58cc7fa8,2075,91,7,390.95
e696a32a,2075,8,6,62.66
4edebeb8,2075,24,3,276.31
e9689fd9,2075,87,5,414.86
eec292e2,2076,126,2,63.86
9d2dab1c,2076,150,4,192.44
de381f4e,2077,68,3,25.46
470b8291,2077,113,4,576.51
ca08ba02,2078,109,2,662.43
8254a04f,2078,81,10,197.74
dea0eb0d,2078,70,3,205.03
929da729,2079,82,9,336.54
b2fd7d00,2079,33,10,34.52
407164d7,2079,70,10,205.03
ce55de54,2080,50,6,447.11
447af6df,2080,90,9,25.09
75e24490,2081,131,9,156.26
0431db2d,2081,127,6,105.14
224d948f,2081,131,2,156.26
808a54dc,2082,34,6,457.44
e906495e,2082,122,8,206.63
3e85b3fd,2083,63,1,158.85
4a714d76,2083,14,1,613.39
61f68f4e,2083,137,9,514.29
cdebe21c,2083,140,7,94.52
3453f23b,2083,118,6,199.93
cbe63f2a,2084,91,5,390.95
8154bb36,2084,150,2,192.44
05483800,2084,66,1,41.73
da496d81,2084,65,6,82.75
dfcb8987,2084,12,2,249.75
82d13f57,2085,120,1,32.84
86977698,2085,35,6,227.38
74e74b77,2086,101,1,149.65
143c3d2b,2086,60,10,341.45
dd1ccc8b,2086,131,9,156.26
16865331,2086,40,8,269.82
e15ff258,2087,68,10,25.46
3f081876,2087,79,10,289.74
6483f4e0,2087,91,8,390.95
449d0088,2087,45,8,25.51
d7e47c58,2088,113,2,576.51
ccf9cc46,2088,38,5,323.52
6b0206aa,2088,54,7,76.52
76c6ff5e,2089,8,5,62.66
8f9a4a17,2090,21,3,210.5
cea86365,2090,21,2,210.5
26570713,2090,35,3,227.38
ac06f68c,2091,92,3,118.2
79b9fe33,2091,35,8,227.38
ef85f406,2091,126,8,63.86
0376c1db,2092,59,8,333.45
2b50e9f9,2092,113,9,576.51
109323ae,2092,149,3,234.87
d83c1f7a,2093,126,8,63.86
aa2bc5ab,2094,99,10,155.1
e4c2a3d8,2094,88,4,366.29
fad9aa4c,2094,92,8,118.2
899ce69f,2095,50,2,447.11
d04d0daf,2096,54,4,76.52
bfa4bffd,2096,59,2,333.45
25c0465e,2096,50,5,447.11
e28cb72e,2097,117,6,143.81
7636d2b5,2098,5,1,84.34
3b4b8874,2098,45,1,25.51
42031237,2098,22,3,224.4
9ebedf4f,2098,150,5,192.44
c664348b,2098,83,10,264.39
e232327c,2099,133,8,512.38
909b0551,2100,51,1,114.5
17fa7764,2100,138,1,347.46
11e70eb8,2100,73,2,
f319a492,2100,72,2,232.02
45f6d986,2100,13,8,343.78
2b06924e,2101,84,6,230.04
54088077,2101,2,10,616.23
05a2c0d4,2101,78,6,321.17
82f2ba3d,2102,106,10,13.38
3055d6c3,2102,115,3,317.48
c6d719de,2103,11,5,175.83
49a42abf,2104,12,5,249.75
81e3925f,2104,125,7,495.37
46ded1eb,2104,76,10,272.25
bcafadcc,2105,115,5,317.48
6fcf88a4,2106,145,9,173.53
141ee682,2106,93,9,85.6
a7db47f9,2106,20,2,602.66
d05c5cd7,2106,112,8,209.57
8b320307,2106,75,2,110.22
28145036,2107,56,8,237.91
d7972860,2107,41,5,135.18
7f5c8d2e,2107,29,7,489.96
005d2ae1,2107,134,3,411.75
d3c5ba04,2108,1,5,247.17
be3fe498,2108,52,7,635.0
f5819c24,2108,115,6,317.48
40fc0745,2108,111,10,522.96
3766f700,2108,57,3,45.96
0dc66939,2109,100,8,499.43
80c338e4,2109,40,-4,269.82
f2b8a705,2109,88,8,366.29
028d5c90,2109,90,10,25.09
e5f9a152,2110,98,-1,598.38
7b752ec8,2110,1,6,247.17
e0b5bac2,2111,8,4,62.66
5d2f8d7d,2111,63,7,158.85
4d2977ab,2111,132,6,313.92
190b6254,2111,69,10,130.35
25714c94,2111,114,8,112.98
ebbb6cab,2112,70,7,205.03
3e73145c,2112,62,4,663.53
958998f9,2112,14,5,613.39
79d7bc8e,2112,125,5,495.37
dc59046a,2113,62,9,663.53
b6b62a10,2113,48,2,120.58
94599545,2113,126,5,63.86
16d515ac,2113,66,6,41.73
cc56ff1f,2114,128,5,248.41
7f3b807d,2114,130,6,366.73
bdba0d9c,2115,45,7,25.51
aa212a5c,2115,147,3,355.47
b4e502c7,2115,53,4,350.56
38725a90,2115,135,3,156.85
b34cd2ec,2115,7,1,588.01
e75dd5e9,2116,131,5,156.26
443e9815,2117,29,8,489.96
b234f983,2118,60,10,341.45
f8205c9b,2118,80,6,26.66
14d22bd8,2118,116,7,353.96
09b90186,2119,124,7,476.13
dc9cf345,2119,3,9,217.43
71756147,2119,36,10,583.1
956768d1,2119,83,3,264.39
81b3401d,2120,136,3,276.4
ffb17403,2120,37,8,659.37
51b18278,2120,37,-3,659.37
efd7f9f4,2120,142,6,409.18
a2784ba3,2120,44,10,595.46
4698f6e7,2121,9,1,306.24
c0046b5b,2121,79,7,289.74
561183bc,2121,150,1,192.44
57913afa,2121,23,5,131.11
615c9a73,2121,140,4,94.52
00fc5b3d,2122,29,9,489.96
8d522092,2123,134,8,411.75
4cc74bea,2123,75,6,110.22
1951c722,2123,88,2,366.29
13b7b950,2123,118,5,199.93
3bb6112f,2123,134,4,411.75
e4f2e525,2124,117,2,143.81
2e33371f,2124,102,7,451.88
45a6b942,2124,64,4,319.78
cc4d0bd9,2124,148,6,325.19
427be3c3,2124,112,5,209.57
2449a4c5,2125,12,2,249.75
669eb39d,2125,29,7,489.96
d0ea3a72,2125,79,8,289.74
d8ced5e9,2126,73,3,189.8
c95f2a90,2126,30,8,230.06
4faaab30,2126,112,8,209.57
e715b54e,2126,13,2,
6ef4471e,2127,81,3,197.74
9372e162,2128,32,6,505.23
19ac2dca,2128,71,6,485.03
8eaca8bf,2128,79,5,289.74
795c5f3b,2128,10,2,321.2
030a20fb,2129,10,9,321.2
6cadff1d,2129,34,7,457.44
99938868,2130,127,6,105.14
534e7467,2130,135,5,156.85
d5648885,2130,41,1,135.18
897fdb74,2131,95,1,124.61
a46445bc,2131,55,4,294.55
31b5fe79,2131,150,10,192.44
420c128a,2132,23,1,
479cd9d8,2132,124,2,476.13
88e2c597,2132,85,4,300.34
3e37446c,2133,126,7,63.86
91377bbd,2133,102,2,451.88
b7641e0b,2133,122,4,206.63
da6b17ba,2133,28,5,211.7
e82e534a,2134,64,10,319.78
8d80fd50,2134,33,10,34.52
1a6b3f4a,2134,14,3,613.39
ec0b3a1d,2134,26,4,269.03
251779bf,2135,41,8,135.18
0b72d9ae,2135,85,9,300.34
55565d49,2136,18,3,172.05
30bdc800,2136,12,4,249.75
9e2c60f4,2137,63,10,158.85
c5a1e437,2137,119,2,362.46
0cb76696,2138,46,1,35.41
49665894,2139,1,5,247.17
f4e9abe5,2139,65,4,82.75
c9576d40,2139,54,3,76.52
80237439,2140,41,1,135.18
70037c42,2140,39,3,547.33
448ebd7e,2140,102,9,451.88
e9290a73,2140,131,1,156.26
709aaea7,2140,115,9,317.48
903289bb,2141,56,1,237.91
418431eb,2141,16,7,112.75
9cd6b973,2142,115,6,317.48
21e6c307,2142,106,2,13.38
f0c8e864,2142,80,8,26.66
4c6dfb02,2142,71,7,485.03
acdfe90e,2143,136,5,276.4
989d75fa,2143,86,5,79.11
23bd5994,2143,86,2,79.11
958e30c9,2143,81,2,197.74
cda9ccc1,2144,92,10,118.2
c089b191,2144,84,7,230.04
af8da97f,2144,59,4,333.45
faae3dd8,2144,47,10,256.73
3345228b,2145,41,3,135.18
3e7fc4ca,2145,24,5,276.31
403b9856,2146,117,3,143.81
b916f939,2146,12,5,249.75
02c2c98d,2146,110,5,431.46
f027ba2c,2147,125,3,495.37
6a562707,2148,39,5,547.33
1e2718cc,2148,40,3,269.82
bafe0006,2148,23,5,131.11
952f8854,2148,143,5,485.74
245d10cd,2148,85,4,300.34
ebcfe355,2149,128,7,248.41
802f8ba0,2149,13,8,343.78
fc51a2df,2150,144,4,111.39
3f75ebd9,2150,2,10,616.23
84ec835c,2150,105,9,27.25
831702f5,2150,92,1,118.2
99f26031,2151,48,7,120.58
83cd847c,2151,38,4,323.52
ec16d165,2151,84,8,230.04
d0889862,2151,63,5,158.85
bfe375d6,2152,15,5,440.74
12fb2020,2152,62,5,663.53
bdb202e1,2152,111,7,522.96
0b0ff34f,2152,26,5,269.03
c1498e64,2152,23,9,131.11
66718e67,2153,99,9,155.1
3cbf467c,2153,44,5,595.46
115c6b65,2154,93,2,85.6
6f446934,2154,83,7,264.39
bc53866a,2155,59,4,333.45
bc66105e,2156,69,8,130.35
414d8d79,2157,64,10,
76de933c,2157,41,3,135.18
11c71e10,2158,47,-1,256.73
a4cf33e6,2159,50,4,447.11
20d76c8a,2159,56,2,
0df310af,2159,142,3,409.18
3c5c46c1,2160,124,3,476.13
2c40e5e7,2161,26,8,269.03
52337e65,2161,148,-1,
ad329bed,2161,27,10,304.08
7337c789,2161,21,8,210.5
989bb63c,2161,55,3,294.55
6c637d85,2162,124,2,476.13
2a40f883,2162,73,8,189.8
22b4f507,2162,30,8,230.06
cf64830c,2163,124,3,476.13
5e3fe08c,2163,9,5,306.24
f27e557b,2163,134,1,411.75
b3d5edea,2163,52,5,635.0
c0c5ff7b,2163,30,3,230.06
1cd989f4,2164,55,3,294.55
2442d8e7,2165,99,3,155.1
44b62a81,2165,11,3,175.83
b3b428e1,2165,112,8,209.57
ce0f1d49,2166,127,1,105.14
642128be,2166,103,8,560.59
e7aa2178,2167,2,3,616.23
ee60a72f,2167,130,7,366.73
4f8cb0f7,2167,111,8,
36057838,2167,44,1,595.46
61b98dbf,2167,124,6,476.13
91445869,2168,20,10,602.66
c1d285e2,2169,82,1,336.54
9f2d9d1d,2169,42,9,217.34
5b76a7f3,2169,115,1,317.48
7fd61576,2170,2,9,616.23
e7f485f6,2170,7,8,588.01
0066da7f,2170,11,6,175.83
7b0ccbd5,2170,84,1,230.04
911f6ab2,2171,63,3,158.85
62e1670d,2171,31,9,100.15
4e42bc15,2171,93,2,85.6
ba83047b,2171,50,5,447.11
be8bb309,2172,11,6,175.83
75ce829d,2172,103,6,560.59
92b98ca9,2172,70,8,205.03
fbec1ed4,2172,118,1,199.93
c4ca4d7c,2172,91,8,390.95
3a1884c2,2173,42,5,217.34
87cbf5d0,2173,7,5,588.01
064b368b,2174,31,10,100.15
ab290cc4,2174,71,6,485.03
76e2e0d5,2174,103,8,560.59
be1d707d,2174,150,6,192.44
3ceaf9af,2174,8,2,62.66
1f8c1981,2175,20,8,602.66
ced203fa,2175,11,3,175.83
d6d587f3,2175,143,1,485.74
a2bb8999,2175,59,5,333.45
95b21b0d,2176,39,1,547.33
852346ee,2176,47,9,256.73
5e20dc1a,2177,45,8,25.51
b4004b4f,2177,49,4,234.47
818de8db,2177,121,1,563.05
603dd255,2178,109,4,662.43
c8400c93,2178,79,7,289.74
83fc1f1a,2179,60,6,341.45
d4aa909e,2179,89,3,164.35
18830270,2179,142,9,409.18
39c678bd,2179,43,3,143.8
07644800,2180,100,3,499.43
4144ea3c,2180,109,4,662.43
99989f1e,2181,51,5,114.5
f2b74ef8,2181,46,7,35.41
d390b595,2182,50,6,447.11
fa08127e,2182,69,6,130.35
b8f25956,2182,79,4,289.74
d20d4786,2182,38,2,323.52
9cd2b80c,2182,68,10,25.46
63a9d336,2183,142,9,409.18
f0696257,2183,77,7,107.21
2e90e9ed,2183,94,2,266.93
72fa960a,2184,45,5,25.51
77ea9afc,2184,129,8,254.73
02aad143,2184,53,6,350.56
c42b88fa,2185,31,6,
d770daaf,2185,119,6,362.46
f2627a60,2185,20,9,602.66
0de0b0dc,2185,146,3,375.4
76c056ab,2186,44,5,595.46
8a8ebdef,2186,20,1,602.66
d76c95da,2186,65,7,82.75
c46ada76,2186,62,8,663.53
8b9d29a6,2187,19,5,
8478a921,2187,108,10,409.77
199cef7f,2187,97,10,356.16
ed9b3435,2188,17,9,312.14
97959c07,2188,10,7,321.2
305ed591,2188,69,8,130.35
6a5c5ae6,2188,27,2,304.08
70e4911d,2188,36,4,583.1
1e9d60dc,2189,43,9,143.8
cf7e1f28,2190,45,1,25.51
b4d1860b,2190,68,10,25.46
d0b1b58e,2191,116,9,353.96
d0a45c9b,2191,16,2,112.75
2c229ae7,2191,70,3,
f656816a,2191,122,4,206.63
371e07e8,2191,137,7,514.29
be118ac7,2192,70,8,205.03
067cf6b3,2192,112,4,209.57
f8a246d2,2193,59,1,333.45
038c50e9,2193,148,8,325.19
b618abbc,2193,137,4,514.29
662320e4,2193,121,5,563.05
cdb76b1b,2193,95,10,124.61
95b598c3,2194,59,10,333.45
7b1105c1,2195,92,9,118.2
6a5fcb77,2196,108,4,409.77
8dbd12f8,2196,101,1,149.65
608b8662,2196,21,3,210.5
4408d1af,2196,75,3,110.22
e7115990,2197,6,3,94.32
e388e891,2197,76,1,272.25
7a3a3cd3,2197,60,6,341.45
8461c13d,2198,85,1,300.34
e4ef8755,2198,107,6,235.92
cec3347f,2199,144,6,111.39
cee73a39,2199,85,2,300.34
f81c1c30,2199,142,5,409.18
b56fdcbc,2199,14,2,613.39
ad3d7270,2200,45,10,25.51
52c5337b,2200,110,6,431.46
97573305,2201,145,10,173.53
4b274316,2201,58,9,504.47
7439f623,2201,1,1,247.17
6b105e79,2201,88,10,366.29
9e4e62ed,2202,121,6,563.05
cb605d61,2202,88,2,366.29
7c14736c,2202,124,7,476.13
d3bda4b4,2202,73,7,189.8
454131d7,2203,131,6,156.26
b6461afe,2203,63,4,158.85
c90b480c,2204,49,8,234.47
f3d8fc1d,2204,98,6,598.38
7c7205e4,2204,49,4,234.47
12e578ad,2204,27,10,304.08
b837ad2d,2204,99,1,155.1
2672e11e,2205,75,5,110.22
086dd743,2205,64,7,319.78
77b8da6b,2206,51,2,114.5
86907ba8,2206,139,1,562.91
6860fcda,2207,125,7,495.37
3f823352,2207,119,8,362.46
5f38b33c,2207,117,7,143.81
ace58c1a,2207,85,10,300.34
29f9b07a,2207,130,2,366.73
8738597c,2208,28,1,211.7
9d652471,2208,147,6,355.47
130f737a,2209,50,4,447.11
dd1d21f5,2209,22,4,224.4
e08ef280,2209,18,5,172.05
f38c8977,2209,87,1,414.86
bce1c0a6,2209,65,1,82.75
0ba7b469,2210,82,2,336.54
648c0a33,2210,130,8,366.73
dd91ad45,2210,108,5,409.77
a36a0ec4,2210,66,3,41.73
2343ebac,2211,150,5,192.44
c60798d6,2211,123,3,476.54
d4c1871b,2211,41,4,135.18
d0a0967a,2211,93,9,85.6
4a45e699,2212,138,5,347.46
fddfb9b2,2212,22,10,224.4
c285cdf4,2213,99,6,155.1
f4bbe78b,2213,150,5,192.44
69c4db6a,2213,76,5,272.25
b207e436,2213,37,4,
168010a6,2213,67,2,144.67
41a412f6,2214,94,6,266.93
55eff797,2214,18,9,172.05
5a2bdc70,2214,89,1,164.35
7d610762,2214,97,8,356.16
19bf37e8,2214,59,7,333.45
bf1c6a94,2215,8,1,62.66
3a71c819,2216,127,4,105.14
6d1bb250,2216,11,4,175.83
58ae95ba,2216,77,1,107.21
006e41ee,2216,33,2,34.52
05972a22,2217,46,9,35.41
f28cb482,2217,52,3,635.0
bbf2479b,2218,91,1,390.95
d805b89b,2218,134,9,411.75
cda13ca9,2218,120,2,32.84
63a0e773,2218,107,7,235.92
a236a5a2,2218,144,10,111.39
e3c99a59,2219,100,5,
26c849d1,2219,146,6,375.4
975a7390,2219,30,2,230.06
8aaef27e,2219,107,4,235.92
526666e7,2220,104,2,112.88
b7909b62,2220,38,7,323.52
e428c37b,2220,80,9,26.66
6e1e2e15,2220,100,10,499.43
efb12272,2220,124,10,476.13
1735e570,2221,58,1,504.47
fc0b651f,2221,14,5,613.39
4ac9324c,2222,21,7,210.5
59b7db9e,2222,31,3,100.15
00dae929,2223,53,2,350.56
00c50849,2224,135,6,156.85
d8159c0b,2224,100,1,499.43
b414c319,2224,50,1,447.11
74d37461,2224,121,4,563.05
fecaace9,2225,43,10,143.8
1139a4b7,2225,1,5,247.17
a50775d8,2225,10,4,321.2
5bd458cc,2225,53,1,350.56
20d4b4f2,2226,98,4,598.38
56affa64,2226,59,6,333.45
ad7d592a,2227,139,1,562.91
96e54cbd,2227,150,6,192.44
905617d0,2228,17,2,312.14
ae560c16,2229,8,4,62.66
747cd319,2230,78,8,321.17
51bf554e,2230,64,3,319.78
436866de,2230,149,9,
359bc036,2230,52,8,635.0
a94a91c8,2231,58,8,504.47
92004b07,2231,51,2,114.5
f7d8d741,2231,65,6,82.75
aff071f1,2231,85,7,300.34
d5d15e6a,2231,88,1,366.29
f70cc85d,2232,117,9,143.81
380d0984,2233,75,9,110.22
13843a89,2233,41,10,135.18
e8768ef8,2233,129,3,254.73
708ae2ae,2233,19,6,385.52
b534d290,2234,63,7,158.85
fe1cdfe3,2234,91,8,390.95
76107e4b,2234,131,3,156.26
0637d0a7,2234,100,2,499.43
e5acd34e,2235,34,10,457.44
195e274a,2235,149,5,234.87
0d0d04e4,2235,66,6,41.73
8a2790f0,2235,105,7,27.25
4dc795fe,2235,139,9,562.91
181faf99,2236,24,6,276.31
3bc08a72,2237,145,6,173.53
d8af9d2f,2237,49,7,234.47
bbc33c11,2237,149,5,234.87
9dbccee9,2237,8,7,62.66
d0c67d4d,2237,84,4,230.04
a7c842b3,2238,35,1,227.38
6962c8f6,2239,26,2,269.03
76eeeb77,2239,148,10,325.19
43a098d2,2240,52,8,635.0
916031d9,2240,129,4,254.73
ccc6f948,2240,108,-8,409.77
3a345a3a,2240,149,1,234.87
af34a628,2241,105,8,27.25
869cf831,2241,101,8,149.65
17ffa036,2241,101,5,
cc3cb980,2242,141,9,350.19
f7b85028,2242,13,6,343.78
8fe0bde0,2242,137,2,514.29
4f258645,2243,109,7,662.43
fdf1f703,2243,127,9,105.14
eded1dcb,2244,24,5,276.31
15e34db8,2244,120,1,32.84
2e643342,2244,149,1,234.87
0434911d,2244,116,4,353.96
7b633115,2244,66,7,41.73
15b41f9c,2245,63,7,158.85
a5356536,2245,147,1,355.47
a8514c6d,2245,54,2,76.52
3cd6d65d,2246,37,2,
23bf4f3f,2246,76,3,272.25
5ee03373,2246,65,3,82.75
fce15723,2246,23,10,131.11
0d28f58a,2247,148,5,325.19
134284da,2247,17,3,312.14
c56d2b24,2247,10,4,321.2
c9edce98,2248,100,7,499.43
5b117434,2248,43,9,143.8
fa2060e8,2248,19,4,385.52
c57aeaa9,2248,5,4,84.34
422a7f39,2249,75,4,110.22
08cbe71f,2249,51,7,114.5
fc4fc63c,2250,3,3,217.43
ba9b8dd7,2250,131,3,156.26
8621edf3,2251,31,4,100.15
8acec808,2251,20,8,602.66
526c194d,2251,113,8,576.51
d51e92ac,2251,19,10,385.52
50e5de12,2251,144,9,111.39
2f7e7913,2252,114,6,112.98
2097293d,2253,61,1,
8cb5f003,2253,113,8,576.51
9fd03fb9,2253,44,5,595.46
cce4576f,2253,45,7,25.51
af1516e0,2253,120,2,32.84
be07ce92,2254,25,5,302.2
9b93d58e,2254,46,6,35.41
7294748d,2254,77,9,107.21
fc25ed40,2254,83,3,264.39
c2050eda,2255,134,6,411.75
2a7c7750,2255,27,2,304.08
495382c8,2255,64,4,319.78
e8f8ce81,2255,82,8,336.54
6c4d71c8,2255,127,1,105.14
05abe034,2256,140,4,94.52
0056122a,2256,18,10,172.05
d8535274,2256,16,3,112.75
c640c291,2256,110,1,431.46
ea886eb4,2256,89,7,164.35
281473fc,2257,77,10,107.21
ab4f5042,2257,72,6,232.02
a630288d,2257,82,6,336.54
2b02f96f,2257,35,7,227.38
84519c1e,2257,52,3,635.0
c8e48a21,2258,135,7,156.85
918a6874,2258,131,7,156.26
350fe037,2258,65,8,82.75
16bfbd92,2258,56,8,237.91
f9cea818,2259,48,7,120.58
ca7574c4,2259,49,2,234.47
bbe986e0,2259,147,5,355.47
72115d5b,2260,101,3,149.65
92e1f8cc,2260,65,2,82.75
b100dae2,2261,43,6,143.8
9f773f63,2261,62,2,
e6be777e,2261,60,6,341.45
cb510b37,2262,49,6,234.47
3375e2be,2262,3,5,217.43
b7d255f4,2262,140,7,94.52
eb499eff,2262,129,10,254.73
dfb0e1ef,2262,24,4,276.31
9fbc8361,2263,105,9,27.25
f41968d7,2263,54,5,76.52
a79aa8d1,2263,135,9,156.85
61b1d580,2263,44,6,595.46
23446815,2263,75,7,110.22
893b1c78,2264,63,1,158.85
a9a7bc34,2264,11,2,175.83
87122b88,2265,54,7,76.52
9f327f14,2265,73,8,189.8
3273fd33,2265,24,7,276.31
a5daf2bb,2265,57,1,45.96
638ea08f,2265,26,7,269.03
4755b25e,2266,82,5,336.54
0cd5587e,2266,137,6,514.29
724ae13c,2267,91,2,390.95
df55c6f1,2267,1,9,247.17
9e3abb58,2268,47,7,256.73
041261bf,2268,5,2,84.34
4d0baf47,2268,86,4,79.11
23e09312,2268,28,7,211.7
16b9854e,2269,100,8,499.43
d3d1fda4,2270,90,1,25.09
9ba44506,2270,71,3,485.03
ebb36bc9,2271,4,8,39.86
5cef98dd,2271,4,8,39.86
7644dcbf,2271,96,1,548.63
57c593dc,2272,114,2,112.98
905392b2,2273,21,5,210.5
d3ef56b5,2273,92,5,118.2
34473c0a,2274,46,-3,35.41
38d80124,2274,130,9,366.73
fd7bb411,2275,36,2,583.1
65e0c70c,2275,141,1,350.19
cd921a03,2275,107,10,235.92
a3c9180f,2275,12,6,249.75
2d6eba50,2275,59,3,333.45
2ea9dcdd,2276,64,3,319.78
a41b6f34,2276,44,8,595.46
5fde62a7,2276,39,4,547.33
79391aaf,2276,73,5,189.8
449de602,2276,60,8,341.45
a260ea15,2277,144,6,
600a7026,2277,58,1,504.47
994ec89a,2277,25,5,302.2
4dbda5f6,2277,33,10,34.52
ddc7fda1,2277,6,6,94.32
04ccc6dc,2278,86,10,79.11
e5e38c2c,2278,143,3,485.74
c102b9ed,2278,44,2,595.46
0bffd11a,2278,65,5,82.75
8a2eebcc,2278,60,10,341.45
afbf22bf,2279,8,4,62.66
3c4f2460,2279,136,9,276.4
fe5ccbc3,2279,136,7,276.4
20b1e3a7,2280,97,7,
5cbbf241,2280,35,4,227.38
6040a939,2280,75,8,110.22
37a7dd48,2280,143,2,485.74
96891513,2281,92,3,118.2
eec316cc,2281,150,-5,192.44
4f50962b,2282,36,7,583.1
c2b57b8a,2282,124,8,476.13
fa040456,2282,111,7,522.96
1b0fb1bc,2283,110,4,431.46
fb4e7b9b,2283,118,6,199.93
4dee010c,2284,99,5,155.1
4f5cc668,2284,132,4,313.92
752e3b49,2285,35,7,227.38
419d73d4,2285,89,4,164.35
0aca5e19,2285,120,4,32.84
c4237a1b,2286,126,5,63.86
e9f7ee7b,2286,126,4,63.86
50137107,2286,119,1,362.46
c0dfe93a,2287,137,2,514.29
5088c837,2287,100,6,499.43
2330758b,2287,60,10,341.45
7d8ece48,2287,9,4,306.24
9dbcc0a2,2287,88,8,366.29
48dfb76d,2288,133,1,512.38
29db3d38,2288,128,6,248.41
ec67003a,2288,55,1,294.55
caf34920,2288,42,2,217.34
83964e01,2288,130,8,366.73
ac36f0a1,2289,26,7,269.03
35fe047d,2289,60,7,341.45
8e489075,2289,31,1,100.15
88671c12,2289,113,9,576.51
1fe27e03,2290,41,9,135.18
99be97e6,2290,37,10,659.37
f6b0a3a7,2291,131,6,156.26
e026fa6f,2291,148,10,325.19
34e3704e,2291,7,9,588.01
960835a3,2291,90,9,25.09
ecc971bf,2291,50,8,447.11
fad0271c,2292,53,2,350.56
74242476,2292,104,8,112.88
6853e654,2293,141,2,350.19
a8bd302d,2293,2,1,616.23
38f0207e,2293,114,6,112.98
be70e847,2293,32,1,505.23
c2af2f84,2293,11,8,175.83
19b8812a,2294,46,9,35.41
fb3465e9,2294,79,3,289.74
43448896,2294,69,5,130.35
50363ac1,2294,148,10,325.19
2cb95bc9,2295,106,7,13.38
c2f4a912,2295,71,8,485.03
8c482454,2295,119,9,362.46
b4050d59,2295,63,8,158.85
0cd6e813,2295,83,4,264.39
c71319b9,2296,127,8,105.14
d9fb8bf0,2296,103,1,560.59
673867d6,2296,75,4,110.22
c41f76b6,2296,41,6,135.18
d858b20a,2296,12,5,249.75
46b19cb0,2297,91,3,390.95
f38db81c,2297,113,2,576.51
ece64550,2297,148,8,325.19
a0b9eb27,2297,84,1,230.04
4e37c316,2298,7,5,588.01
bd9f5f14,2298,26,8,269.03
9b1b27d7,2298,102,3,451.88
96e40e72,2298,113,1,576.51
6a33c720,2299,148,2,325.19
bf82ef3a,2299,108,5,409.77
3d709c44,2299,108,1,409.77
2705e3fa,2299,120,9,32.84
04f9ed74,2300,28,6,211.7
5b127001,2300,9,3,306.24
b3e9d399,2300,66,1,41.73
59691852,2300,121,4,563.05
a5b29b2b,2301,99,8,155.1
a4f21aea,2302,72,3,232.02
4420cacf,2303,58,3,504.47
591a4ff8,2303,112,2,209.57
461d1f75,2303,94,9,266.93
dac9cdf2,2303,133,1,512.38
2b09d071,2303,48,2,120.58
071b5595,2304,86,6,79.11
7024fa4f,2304,31,1,100.15
cb626c3e,2304,90,6,
8946b5d5,2304,41,10,135.18
07f5ab19,2304,103,9,560.59
d4adbf54,2305,150,9,192.44
4a1e51de,2305,82,9,336.54
9b678e46,2306,99,3,155.1
9c05336b,2306,94,2,266.93
ba3445af,2306,115,6,317.48
8f9efb14,2307,18,3,172.05
f49f85f4,2307,65,6,
15db82fe,2307,17,10,312.14
6f198469,2308,23,7,131.11
eff4b1fb,2308,82,3,336.54
9a9162ee,2309,33,5,34.52
5b814540,2309,11,9,175.83
f269bff8,2309,28,5,211.7
238383f7,2310,138,5,347.46
406854db,2310,65,4,82.75
3c2754e2,2310,78,9,321.17
b95c163f,2310,31,3,100.15
0b6477a8,2311,134,1,411.75
72c0864b,2311,4,6,39.86
34e592ac,2311,131,1,156.26
ae000053,2311,50,4,447.11
cbe19d36,2311,88,1,366.29
850975c4,2312,88,9,366.29
91f7c262,2313,28,4,211.7
5c296afc,2313,107,10,235.92
14c724c1,2313,36,2,583.1
2b9dfa1a,2313,75,7,110.22
39a221b2,2313,67,3,144.67
9c254ee7,2314,102,3,451.88
def344d3,2314,69,10,130.35
dad363e5,2314,68,10,25.46
4a4a2674,2315,39,1,547.33
949244f4,2315,67,7,144.67
ca9ae21a,2316,91,8,390.95
556d4fde,2317,89,1,164.35
8b558dcc,2317,146,7,375.4
78ca6e17,2318,145,6,173.53
a613ba29,2319,70,9,205.03
fc5f8024,2319,25,3,302.2
a3f9656b,2320,126,5,63.86
06271796,2320,130,1,366.73
65930302,2320,52,10,635.0
06379759,2321,37,8,659.37
ed7f966a,2321,140,9,94.52
f2b19226,2322,51,3,114.5
e3eec39f,2322,107,3,235.92
bc24dba7,2322,42,3,217.34
722d2c36,2322,22,3,224.4
0e98ae5a,2323,89,6,164.35
ce948425,2323,144,1,111.39
aa3a0501,2323,35,9,227.38
83d4158c,2323,128,2,248.41
6fa39f4b,2323,34,10,457.44
1805215c,2324,74,5,309.82
024b99d1,2324,55,5,294.55
ea3d0e9a,2324,73,4,189.8
a3fd85fe,2324,56,3,237.91
5b52ce52,2325,120,10,32.84
441fb86d,2325,109,8,662.43
56a230ef,2325,124,3,476.13
d6349e0c,2325,25,2,302.2
fa21e14f,2326,120,9,
86b14732,2326,22,9,224.4
cdd9b5eb,2327,73,3,189.8
de7def27,2327,58,10,504.47
201e6543,2327,93,8,85.6
190138a0,2328,13,3,343.78
b19f0a0e,2328,134,9,411.75
9137cbfe,2328,26,5,269.03
7182a254,2329,150,7,192.44
84481056,2329,139,9,562.91
d7e25737,2329,5,5,84.34
fb904f84,2329,144,4,111.39
859a7236,2330,99,10,155.1
a1451b1a,2330,63,10,158.85
a31b44fc,2330,34,1,457.44
89ec75f3,2330,82,5,336.54
e258a5fa,2331,106,8,13.38
67f28162,2331,18,9,172.05
9e599fce,2331,112,4,209.57
d6042ebd,2331,21,4,210.5
3e9ece11,2332,35,2,227.38
504b1b06,2332,113,3,576.51
247dd438,2332,14,2,613.39
afde3c31,2333,51,9,114.5
159210a6,2333,91,5,390.95
dc386284,2333,127,8,105.14
beba74b9,2333,142,3,409.18
75b74eb8,2333,6,1,94.32
12671c5b,2334,130,7,366.73
f37af146,2335,83,10,264.39
2e289fc0,2335,150,1,192.44
9a6f33e2,2335,26,1,
7e22a014,2336,47,5,256.73
10430c58,2336,76,10,272.25
4b765994,2336,33,10,34.52
8c3c99a5,2337,119,3,362.46
99e77721,2337,56,5,237.91
18906fe3,2337,84,4,230.04
7da73b1b,2338,65,3,82.75
632cce71,2338,86,9,79.11
e45d5791,2338,53,-2,350.56
d735e149,2338,113,10,
94da4001,2339,131,1,156.26
67f0dd41,2340,68,7,25.46
1330d710,2340,106,10,13.38
916b7243,2340,70,8,205.03
7934a4b4,2340,24,8,276.31
77237f84,2340,75,4,110.22
28f41e65,2341,51,7,114.5
f863da44,2342,137,8,514.29
b21ebdc0,2342,126,4,
c57cc96d,2343,46,9,35.41
f0e3cafb,2344,19,3,385.52
a2b0eebb,2344,53,7,350.56
ac87b367,2344,147,7,355.47
21d2125c,2344,113,6,576.51
6db8e232,2345,87,7,414.86
c976a658,2346,31,1,100.15
61d77dd0,2346,67,1,144.67
8c194e45,2346,15,5,440.74
00a5dd15,2346,24,4,276.31
b558fc30,2347,64,10,319.78
4c8e5fb2,2347,124,3,476.13
e61ee66a,2348,121,1,563.05
c5497535,2348,150,1,192.44
b62960f9,2348,99,10,155.1
a6736912,2348,84,5,230.04
25ce0b18,2348,123,1,476.54
fab51195,2349,101,9,149.65
de986deb,2350,112,9,209.57
c62018eb,2351,18,9,172.05
6754712d,2351,96,2,548.63
9604d53a,2351,106,2,13.38
831c0bb5,2351,94,6,266.93
ab45463d,2352,140,6,94.52
22078cc2,2352,112,-4,209.57
3a7e75d9,2352,38,9,323.52
724c4295,2353,140,8,94.52
351774d3,2353,96,4,548.63
4a8b5412,2354,106,9,13.38
ad2da754,2354,128,5,248.41
a2c3675b,2354,83,1,264.39
a95b3cba,2355,141,6,350.19
6507218a,2356,80,6,26.66
1c6aef90,2356,87,9,
ec0db4c4,2356,136,1,276.4
da46a611,2356,143,7,485.74
a77e5830,2356,67,5,144.67
f776e397,2357,110,7,431.46
bbca99eb,2357,76,7,272.25
0af0ebb6,2357,57,4,45.96
8dbd2044,2357,71,10,485.03
b45f38e0,2357,123,10,476.54
05f99a9f,2358,129,2,254.73
38a40813,2358,1,3,247.17
45768567,2358,141,8,350.19
7ce0e231,2358,13,6,343.78
56078236,2359,65,8,82.75
2daaf966,2359,123,10,476.54
7da9b3e9,2359,70,6,205.03
d2f13a65,2360,82,10,336.54
77d474e0,2360,113,5,576.51
520a8d8f,2360,100,7,499.43
8bf679cc,2360,136,9,276.4
339f6a50,2361,93,8,85.6
a2291394,2361,138,5,347.46
a33ffde8,2361,100,2,499.43
1a1c641d,2361,145,6,173.53
86a7b8d3,2361,123,8,476.54
ba4dfe75,2362,71,9,485.03
55627784,2363,145,9,173.53
0ab7f340,2363,138,4,347.46
19ca689c,2363,11,1,175.83
c601cba8,2363,4,6,39.86
6ca4a89e,2363,113,4,576.51
55751eca,2364,147,4,355.47
77a16dd3,2364,75,7,110.22
7531767e,2364,121,2,563.05
9f553035,2365,87,4,414.86
30b988a5,2366,81,10,197.74
f834b489,2366,102,3,451.88
40ed95ce,2366,31,10,
e5c5c02b,2367,121,9,563.05
78ed20c2,2367,122,4,206.63
0a8dffc8,2367,64,1,319.78
5ef55cdb,2367,57,10,45.96
493e32c9,2368,128,10,248.41
303feebe,2368,84,6,230.04
455a7c36,2368,15,5,440.74
c31bd655,2368,12,8,249.75
a2c39ff3,2369,114,10,112.98
5066b4c2,2370,133,3,512.38
203eb56b,2370,5,6,84.34
1a414a67,2370,90,7,25.09
372f1ed3,2370,114,6,112.98
b67620a4,2371,142,2,409.18
3b37af7c,2371,142,8,409.18
2dcf1c87,2371,129,-5,254.73
b57f0142,2371,81,4,197.74
a91349f2,2372,37,7,659.37
898d18ec,2372,95,1,124.61
1c6d9e6a,2372,7,6,588.01
7a857a25,2372,12,7,249.75
44c30abf,2373,100,9,499.43
add80a31,2373,8,3,62.66
b7183c30,2374,40,2,269.82
847b9d8d,2374,147,3,355.47
df9005ec,2375,50,10,447.11
ad60df02,2375,96,9,548.63
85457d72,2376,133,2,512.38
0c798dbd,2376,138,7,347.46
f25833aa,2376,12,7,249.75
4aa1b0e7,2376,90,10,25.09
afb97d68,2376,84,5,
a38b9a3d,2377,91,1,390.95
73a6a5fd,2377,137,10,514.29
d17e1a0f,2377,7,9,588.01
33a0b05a,2377,136,8,276.4
ee11c4bf,2378,12,9,249.75
88792330,2378,30,1,230.06
a6e4ffe8,2378,16,8,112.75
2ea87da3,2379,4,9,39.86
acfaf8cb,2379,30,2,230.06
6adfd47b,2380,5,5,84.34
8e4f371a,2381,86,9,79.11
64f1fd8c,2382,6,7,94.32
a9da701e,2382,10,7,321.2
9df17391,2383,130,1,366.73
d4abb16c,2383,101,4,149.65
097778fd,2383,125,3,495.37
b717b0ce,2384,125,1,495.37
97357d90,2384,90,2,25.09
c9812e67,2384,48,5,120.58
e4610ac0,2384,105,7,27.25
b9aa7113,2384,10,1,321.2
fb105783,2385,140,7,94.52
b905eed1,2385,81,2,197.74
c5e6850c,2385,97,2,356.16
514f4cac,2385,149,9,234.87
1f41679a,2385,128,1,248.41
2a44c25e,2386,27,4,304.08
d5dad2d7,2386,140,5,94.52
17324f6c,2386,47,9,256.73
565bee58,2386,98,5,598.38
e2e2a5f4,2387,40,6,269.82
1f949807,2387,113,7,576.51
9dfc70af,2387,45,3,25.51
995d2c42,2388,80,8,26.66
a35e65bd,2388,16,10,112.75
eb6621df,2388,116,2,353.96
2b0d26ad,2388,57,2,45.96
c2475518,2389,98,2,598.38
c223c329,2390,10,5,321.2
d23e7f6a,2391,129,3,254.73
66d000b4,2391,74,6,309.82
4780e8e7,2391,147,2,355.47
d7259bcc,2392,130,8,366.73
c7815603,2392,49,9,234.47
c5f89b3b,2392,101,6,149.65
e60d0203,2392,45,8,
b10be731,2392,125,5,495.37
30394681,2393,112,2,209.57
2ac27f02,2393,40,6,269.82
dc49979b,2393,143,4,485.74
74ac67ac,2394,32,6,505.23
8c12d111,2395,93,3,85.6
ded8df3c,2395,95,7,124.61
cba430cf,2395,16,9,112.75
5009e7e6,2396,19,3,385.52
631de607,2397,126,9,63.86
7ae496b3,2397,64,3,319.78
5407e369,2398,115,8,317.48
bde0c25e,2398,75,7,110.22
8b5dcc07,2399,99,9,155.1
e384cb5f,2400,148,5,325.19
babdcefc,2400,19,4,385.52
3257c346,2400,127,3,105.14
a18f68a9,2401,2,6,616.23
fb3a3e2a,2401,113,9,576.51
71c96882,2401,49,2,234.47
cad44a7b,2401,53,2,350.56
b2e31921,2402,142,9,409.18
6396d136,2402,82,2,336.54
2f109b37,2402,104,5,
c9efd8aa,2403,57,9,45.96
e595c124,2403,94,4,266.93
c834e9d5,2404,25,6,302.2
040fbdf4,2404,23,6,131.11
96b566cd,2405,47,4,256.73
7d275a19,2405,75,7,110.22
884fafd2,2405,45,3,25.51
b0d8ed11,2405,142,10,409.18
661e7100,2406,38,7,323.52
5cba5498,2407,33,2,34.52
1d5c441a,2407,20,6,602.66
f7ac0f7b,2408,102,3,451.88
b9ba2d3e,2408,17,1,312.14
d637f64d,2408,91,3,390.95
76cb9140,2408,102,7,451.88
10744349,2409,143,3,485.74
76775920,2409,58,8,504.47
640ca393,2409,117,2,143.81
54651ba8,2409,149,1,
9fe5bf71,2410,101,3,149.65
7175ad41,2411,127,5,105.14
93e3768c,2411,115,10,317.48
0100bd36,2412,119,4,362.46
7a64db1b,2412,45,3,25.51
6054f33c,2413,84,5,230.04
7c599cc7,2413,64,9,319.78
76658ee1,2413,76,8,272.25
489b926d,2413,61,2,353.88
44b2370a,2413,80,6,26.66
dbf26f51,2414,45,5,25.51
0a19d86b,2414,106,10,13.38
597d9979,2414,90,6,25.09
5800fb89,2414,5,5,84.34
996c5d6c,2415,128,8,248.41
a0383e36,2415,14,4,613.39
af5ce3fd,2415,25,2,302.2
0cc7a164,2415,129,1,254.73
ddc3fbeb,2416,108,5,409.77
60ea8202,2416,80,7,26.66
08218e00,2416,52,4,
d47c0253,2417,14,10,613.39
14083a91,2417,71,3,485.03
49d098a5,2418,75,1,110.22
ca6f90f9,2418,49,-2,234.47
210cc041,2419,76,6,272.25
0e7bdf3e,2420,93,1,85.6
285bf9d3,2421,106,8,13.38
48dea8a2,2422,95,2,124.61
5d867898,2422,93,3,85.6
5e430c8d,2422,8,3,62.66
91edfea1,2422,135,7,156.85
6a4a5387,2423,44,5,595.46
bee3a46b,2423,94,8,266.93
df15f574,2423,78,10,321.17
674bd63d,2424,127,6,105.14
aa48fefd,2424,81,9,197.74
e9936057,2425,103,9,560.59
f85b2058,2425,28,6,211.7
da8b80b1,2425,18,5,172.05
5c27c0ad,2425,41,5,135.18
3a44b0a2,2425,94,5,266.93
c4e70063,2426,68,2,25.46
380f66eb,2426,105,7,27.25
0485a440,2427,2,4,616.23
18441e2a,2428,119,1,362.46
8014917f,2428,10,2,321.2
2cab89b9,2428,55,9,294.55
1397b07b,2428,134,2,411.75
ed1e8d4f,2429,109,5,662.43
bf6c77ad,2429,17,6,312.14
17756371,2429,103,1,560.59
ab0340e1,2429,142,3,409.18
4743e2fe,2430,78,2,321.17
7eecf809,2430,122,6,206.63
c8a4c47f,2431,38,3,323.52
68cc5054,2431,109,5,662.43
cf83033a,2432,58,9,504.47
8f2522bd,2432,90,2,25.09
22bdd915,2432,39,4,547.33
e35df0b9,2432,101,6,149.65
711eb74e,2432,127,5,105.14
3f05e8fb,2433,149,-6,234.87
2fc05c69,2434,122,2,206.63
f71f0282,2434,75,7,110.22
23e15411,2434,27,1,304.08
7e63fc35,2435,110,10,431.46
5691933e,2436,135,4,156.85
b1c64819,2436,83,5,264.39
295fbd5c,2436,128,4,248.41
357d954d,2436,96,10,548.63
bac0a697,2437,129,6,254.73
3eef8587,2438,82,1,
044e3a59,2439,133,6,512.38
c5032621,2439,115,5,317.48
a434eb61,2439,92,3,118.2
986f22c4,2439,91,1,390.95
df6e02f3,2440,115,3,317.48
94084038,2440,102,4,451.88
8a7eedba,2440,45,5,25.51
51d52429,2440,25,2,302.2
b066aab9,2440,10,7,321.2
ca7b3073,2441,14,7,613.39
e39ab4b8,2442,118,10,199.93
66872b8c,2442,142,3,409.18
2d94e92f,2443,125,8,
22392746,2444,110,2,431.46
448be1b2,2444,30,5,230.06
7e0bcc9f,2445,81,8,197.74
eff9d449,2445,66,3,41.73
e1ee99a8,2445,80,3,26.66
90c583e7,2445,9,8,306.24
d4b0a5f1,2446,17,10,312.14
bcf96304,2446,88,1,366.29
34e40022,2446,146,3,375.4
3483cb19,2447,94,6,266.93
4b359090,2448,58,7,504.47
a97c0b3d,2448,126,4,63.86
fc086e7f,2448,39,4,547.33
5ff7c93b,2448,109,2,662.43
0802257b,2449,62,4,663.53
2e33739b,2450,46,5,35.41
21caa7d0,2450,135,5,156.85
ae017e36,2450,44,4,595.46
f6f2411e,2451,124,4,476.13
e6e5e244,2451,122,1,206.63
d59d4e09,2452,64,8,319.78
39d85a7d,2452,91,9,390.95
bc714f0a,2452,53,8,350.56
903ed341,2453,48,3,120.58
c172b004,2453,2,10,616.23
f70df8bc,2453,115,2,317.48
51afb4e6,2453,20,8,602.66
fa90aed3,2454,139,1,562.91
3d2ae1db,2454,113,4,576.51
06aabf25,2454,54,8,76.52
e544beab,2454,69,7,130.35
69340262,2454,81,5,197.74
ad848a5e,2455,92,6,118.2
a56823c7,2456,32,9,505.23
32de58e3,2456,46,10,35.41
d3774f69,2456,83,1,264.39
510a6bd4,2457,142,3,409.18
fdc40509,2457,91,4,390.95
2fa7d49d,2457,110,5,431.46
6cbbcdc4,2458,5,7,84.34
c1cb6922,2458,127,1,105.14
ff83da6d,2459,18,7,172.05
df18af28,2459,86,6,79.11
097e0ff1,2460,66,1,41.73
541394b1,2460,20,-8,602.66
11ebce5a,2461,138,10,347.46
332b0458,2461,4,5,39.86
f066edaa,2462,101,3,149.65
4e8665d3,2462,77,3,107.21
b185a7dd,2462,123,4,476.54
28fa3256,2462,83,1,264.39
5d0d6c31,2463,86,4,79.11
a6344b76,2463,113,10,576.51
94e7880c,2463,116,3,353.96
7ad79af0,2463,9,10,306.24
d001bd44,2463,6,4,94.32
4d3e20d8,2464,107,9,235.92
9490ba0d,2464,68,5,25.46
2efbb59a,2464,115,9,317.48
6f1c219d,2464,115,5,317.48
ceae3e13,2464,81,5,197.74
c448fbad,2465,108,8,409.77
9a2f41a0,2465,145,3,173.53
c1ec9899,2465,128,6,248.41
091c50b1,2466,21,5,210.5
5476a159,2467,5,10,84.34
36d4e8f6,2468,66,1,
be1cde13,2468,76,1,272.25
cf4d0d3c,2468,66,6,41.73
098e48dd,2468,136,4,276.4
28cbe1b8,2469,5,5,84.34
4cc330c6,2469,37,5,659.37
71186d9b,2469,114,7,112.98
5264485b,2470,23,9,131.11
887e1cf5,2470,28,7,211.7
70992239,2470,96,1,548.63
9e263c3b,2470,145,6,173.53
1a908143,2471,128,5,248.41
03ee97fb,2472,49,2,234.47
46b4da7c,2472,59,3,333.45
f577d43e,2472,118,7,199.93
97bf27fa,2472,79,7,289.74
c306ff16,2473,73,6,189.8
56672e2e,2473,47,5,256.73
b1be0065,2473,139,4,562.91
7efa5232,2474,70,5,205.03
575d5e95,2474,41,10,135.18
986b78d6,2475,136,10,276.4
893b2a2c,2475,2,10,616.23
bbd0e579,2475,140,5,94.52
755f8ffa,2476,144,9,
c45cbdee,2476,123,4,476.54
68b74879,2477,121,4,563.05
a78c8ec3,2477,64,5,319.78
ed5931fe,2477,145,2,173.53
ca0edf89,2477,109,3,662.43
d3440171,2478,109,7,662.43
562f5d19,2478,21,10,210.5
eb528a04,2478,94,3,266.93
06ac5e27,2478,88,10,366.29
dc1748a7,2479,4,9,39.86
e379a27b,2479,115,6,317.48
2e348f9b,2479,96,7,548.63
97352cd1,2479,107,8,235.92
71be7dfc,2480,70,1,205.03
f6f4ad99,2480,120,1,32.84
9bae499b,2480,5,2,84.34
8714425d,2480,66,10,41.73
0ee667e4,2481,118,6,199.93
a596af93,2481,56,8,237.91
8600f9b6,2481,141,5,350.19
c8c48e0d,2481,122,7,206.63
d3bf8191,2481,105,4,27.25
0f9368f2,2482,7,10,588.01
4d05804f,2483,34,9,457.44
6e7fc9e9,2483,37,8,659.37
e4d1af02,2483,130,9,366.73
efd8d4bd,2483,143,10,485.74
ad50d414,2484,61,7,353.88
cafa68f1,2484,139,1,562.91
e0f00dab,2484,119,7,362.46
7bd704ba,2484,139,3,562.91
e2054f2e,2485,15,8,440.74
acde2852,2485,27,7,304.08
728b17ed,2486,36,5,583.1
9b061dbc,2486,74,10,309.82
130b96ec,2486,100,4,499.43
74673f64,2486,86,1,79.11
801f98a8,2487,10,2,321.2
ac6fed04,2487,110,10,431.46
e7a6ad2e,2487,131,3,156.26
e3c507d2,2488,79,10,289.74
590e2400,2488,123,5,476.54
9ebbb51e,2488,111,10,522.96
905bf582,2488,72,10,232.02
228c908e,2488,24,7,276.31
58147164,2489,147,5,355.47
7a85933f,2489,64,2,319.78
c7c84803,2489,142,8,409.18
a7d57716,2489,68,7,25.46
2473a05f,2489,25,2,302.2
ec745df8,2490,95,10,124.61
5cafc543,2490,111,10,522.96
d928e032,2490,75,4,110.22
44fee8fe,2490,124,6,476.13
869968c6,2490,74,3,309.82
103d6837,2491,84,1,
56919f03,2491,46,8,35.41
783a039c,2491,21,8,210.5
ae2843ba,2491,103,3,560.59
910473cf,2492,38,5,323.52
3ac57970,2492,79,9,289.74
61562b44,2493,62,9,663.53
77179734,2493,69,10,130.35
23a3639e,2493,135,7,156.85
80754dc0,2493,123,5,476.54
ee3fdf4e,2494,114,7,112.98
1fa4d0aa,2495,81,3,197.74
5d87f233,2495,82,8,336.54
0bf7a547,2495,13,3,343.78
05e7b055,2495,20,1,602.66
60d5054a,2496,64,4,319.78
ca09ce61,2496,47,7,256.73
9a1b94c6,2496,26,5,269.03
2e911d8c,2496,92,6,118.2
bcdddd39,2496,95,4,124.61
7e82a18d,2497,102,8,451.88
8a4c8003,2497,24,4,276.31
696a9a61,2497,17,8,312.14
3c2b3d6d,2498,128,-4,248.41
d86cf56a,2498,114,4,112.98
e84d1132,2498,124,1,476.13
b465680d,2499,41,2,135.18
702253b0,2499,41,3,135.18
917ca6a2,2499,67,1,144.67
4899c7e6,2500,110,7,431.46
cd342040,2500,81,2,197.74
f6954bc6,2500,88,9,366.29
d478a2a7,2500,121,2,563.05
e671e1ac,2501,14,2,613.39
2ac735fa,2502,105,1,27.25
c22f55d6,2503,127,8,105.14
1713ad9a,2503,84,5,230.04
5c150769,2504,3,5,217.43
e874821e,2504,67,1,144.67
484009c9,2505,126,6,63.86
e6ffeb62,2505,133,3,512.38
26861b25,2505,30,5,230.06
d42b48cd,2505,25,7,302.2
26be6edb,2505,6,2,94.32
4daae950,2506,143,3,485.74
32c47adf,2506,98,6,598.38
e42f29bd,2506,75,2,110.22
ba789a87,2507,38,7,323.52
4720a570,2507,136,9,276.4
9e7ca0aa,2508,113,9,576.51
c5e1234c,2508,46,7,35.41
7e28c326,2508,114,1,112.98
70e67e2d,2509,76,3,272.25
f5f0acc5,2509,114,7,112.98
c533cd08,2509,3,1,217.43
0a92f78d,2509,68,4,25.46
e01a2da9,2509,40,4,269.82
43221a35,2510,81,5,197.74
095de581,2510,22,6,224.4
fa296975,2510,111,1,522.96
43fb8895,2510,118,6,199.93
a028555f,2511,122,9,206.63
47381015,2512,136,7,276.4
a6646152,2512,12,7,249.75
9b83189c,2512,24,10,276.31
775cc107,2513,67,4,144.67
7d4f98bb,2513,39,2,547.33
37819750,2514,57,4,45.96
df693660,2514,72,1,232.02
056d4a74,2514,27,3,304.08
0f847685,2515,101,10,149.65
a5a989e4,2515,139,1,562.91
56572902,2515,43,6,143.8
1176f39f,2516,144,9,111.39
1052b0aa,2516,10,2,321.2
11d00228,2517,62,8,663.53
429528d1,2518,28,6,211.7
b4382ed7,2518,97,2,356.16
7200a57d,2518,147,7,355.47
57ab0d03,2518,139,7,562.91
5293789f,2518,99,1,155.1
d1e68616,2519,16,10,112.75
9097ac11,2519,71,6,485.03
daeee240,2519,6,7,
b5b9a70e,2519,113,9,576.51
2af7de91,2519,53,9,350.56
5c8de4fd,2520,31,1,100.15
cd2a903f,2520,112,7,209.57
2f1c229d,2521,2,5,616.23
c5f04731,2521,81,-7,197.74
af874fe6,2521,128,1,248.41
b8defa0f,2521,63,8,158.85
25ed505e,2521,73,5,189.8
819a29d5,2522,15,5,440.74
e9771279,2522,136,10,276.4
3eedab32,2522,109,5,662.43
66f48b3e,2523,31,10,100.15
26aab41a,2524,139,9,562.91
b9d49829,2524,47,8,256.73
9b5399cb,2524,131,3,156.26
53c0e409,2525,4,6,39.86
e984c1c7,2525,93,2,85.6
97f96a3c,2525,15,2,440.74
da8c4f8c,2526,131,8,156.26
be1bae24,2527,31,9,100.15
24ad2f42,2527,7,6,588.01
83f1d39c,2527,27,3,304.08
18a3d49a,2528,71,6,485.03
a59a25ad,2528,55,4,294.55
b0a6603c,2528,105,10,27.25
8098cdd1,2528,144,10,111.39
5f2a4245,2529,52,1,635.0
a6aad30a,2529,95,3,124.61
03cccbca,2529,97,1,356.16
a8f42041,2529,12,8,249.75
3853f42d,2529,32,4,505.23
2f1f449e,2530,138,2,347.46
02b94935,2531,77,4,107.21
96da6294,2531,50,2,447.11
de21d9d2,2531,81,10,197.74
a717d77e,2532,9,9,306.24
1173228d,2532,76,7,272.25
9e019e0c,2532,28,9,211.7
beba8ebc,2532,123,7,476.54
a95b0193,2532,12,3,249.75
a89395fc,2533,135,4,156.85
2f6b9f1f,2533,2,3,616.23
e8c233cc,2534,2,1,616.23
95b3cb35,2534,140,7,94.52
ac970888,2535,100,1,499.43
d2ba8708,2536,52,7,635.0
10519bc2,2536,125,4,495.37
b77a49c2,2536,135,3,156.85
064111e4,2536,12,10,249.75
5054f813,2536,149,9,234.87
1aff2ff6,2537,102,3,451.88
c61d94c6,2537,106,4,13.38
ef5fad10,2537,45,9,25.51
2c650af8,2537,109,9,662.43
2cf0fd90,2538,135,2,156.85
db84072c,2538,13,5,343.78
8335b494,2538,44,9,595.46
45ed539a,2538,129,1,254.73
2860452e,2539,26,10,269.03
6b255f03,2539,114,1,112.98
1b00e187,2539,16,9,112.75
0a81d064,2539,2,10,616.23
16aacd19,2539,67,5,144.67
991dfbf5,2540,137,4,514.29
83c39caf,2541,35,7,227.38
767d7ef5,2541,18,9,172.05
116d7f3a,2541,109,7,662.43
2c98b199,2541,148,8,325.19
3e4547ad,2541,7,9,588.01
797b6ea9,2542,86,4,79.11
27a949b7,2542,135,9,156.85
129eed0a,2543,125,9,495.37
c57598d5,2543,113,4,576.51
d89c06c9,2543,43,2,143.8
17e34583,2544,71,5,485.03
76cbfbd9,2544,128,9,248.41
6a6aaef8,2544,10,6,321.2
e8e09fb5,2545,4,8,39.86
d355c804,2545,103,5,560.59
8acd6951,2546,36,2,583.1
3c2e93a0,2546,131,6,156.26
633a2ecd,2546,33,6,34.52
d4e15dfc,2546,77,3,107.21
bd7fe494,2547,147,10,355.47
c33fdc7f,2547,35,7,227.38
32f88014,2547,111,1,522.96
7059bd72,2547,67,2,144.67
497da25d,2548,135,4,156.85
6fd40a59,2548,52,9,635.0
bce2b2fd,2548,100,3,499.43
ee1c499e,2548,65,7,82.75
ec9e439a,2548,48,10,120.58
5c10e68d,2549,128,5,248.41
6e2ba1c4,2549,80,4,26.66
8337b825,2550,124,4,
1ad563ca,2550,103,1,560.59
7362a30b,2550,110,7,431.46
2bad128a,2550,10,10,321.2
fe2c4e8b,2550,10,10,321.2
e3c0b176,2551,83,5,264.39
3c654b63,2552,133,5,512.38
6cae8208,2553,2,6,616.23
a4cad22c,2553,88,9,366.29
fb638137,2553,118,4,199.93
c9d0603e,2554,96,7,548.63
c78aee26,2555,17,2,312.14
97ba7fa9,2556,9,1,306.24
01d5f50a,2557,79,7,289.74
89c9cb8e,2557,92,1,118.2
8f7b5aaf,2557,73,8,189.8
67372411,2558,41,9,135.18
1899b3ec,2559,88,6,366.29
59085009,2559,127,6,105.14
be5f215a,2559,16,5,112.75
de5918a8,2559,83,3,264.39
4bc82619,2559,43,4,143.8
d87ffe29,2560,35,10,227.38
2e7acc0e,2560,72,5,232.02
d9d7ae45,2561,89,8,164.35
d5e6bd7d,2561,128,5,248.41
4a9eb219,2562,71,10,485.03
2f1da79d,2562,131,4,156.26
047e57c6,2562,145,1,173.53
50c0065f,2562,20,1,602.66
51b1b725,2563,131,3,156.26
d06cf31b,2563,98,5,598.38
02444024,2563,33,7,34.52
f329846c,2564,73,9,
91b3d618,2565,23,6,131.11
57b5a920,2565,67,4,144.67
867dbd52,2565,97,6,356.16
541a69fa,2565,58,5,504.47
4675e82a,2566,6,7,94.32
390a0ace,2566,62,10,663.53
f662350a,2566,62,6,663.53
60552810,2566,69,6,130.35
d66dc0e4,2567,19,2,385.52
f71f8c71,2568,21,6,210.5
ed7367be,2568,142,9,409.18
675006c2,2569,8,8,62.66
a65ba6e7,2570,99,4,155.1
512dfa5b,2571,116,-3,353.96
86416585,2571,135,1,156.85
c0daaf53,2572,113,10,576.51
24013a27,2572,85,3,300.34
840671a4,2572,112,4,209.57
034aa140,2572,133,5,512.38
f24dba45,2572,140,4,94.52
d43e12f5,2573,103,3,
003b2646,2573,108,6,409.77
36944507,2573,148,6,325.19
8d160d46,2573,115,9,317.48
afac9eef,2573,26,6,269.03
ee8b8bcf,2574,147,4,355.47
a4048d56,2575,17,10,312.14
b0671760,2575,119,7,362.46
bee76235,2575,29,1,489.96
ad111ec8,2575,44,8,595.46
911f79ec,2576,119,1,362.46
80c0c472,2576,33,6,34.52
3a59a5e6,2576,14,7,613.39
630f06c4,2576,1,6,247.17
e78fa3c1,2576,99,10,155.1
2bc6609d,2577,128,5,248.41
3a90427e,2577,48,3,120.58
8396f394,2577,122,6,206.63
7cd73995,2577,90,3,25.09
3862b245,2577,53,9,350.56
f24153e6,2578,25,5,302.2
205dcb12,2578,69,2,130.35
09ca81fd,2578,70,6,205.03
4bf98166,2579,52,9,635.0
cdfb1c28,2579,37,8,659.37
d2b6692d,2579,91,8,390.95
d3bc0e64,2579,106,9,13.38
ca0bd31b,2580,90,2,25.09
6ba43955,2581,116,3,353.96
57131d4e,2582,107,7,235.92
67c2186a,2582,105,7,27.25
cc506319,2582,3,2,217.43
139f938e,2583,1,3,247.17
3008f8eb,2583,117,7,143.81
21fd7404,2583,108,7,409.77
f30f1a9d,2584,123,5,476.54
04bdb7a4,2584,1,7,247.17
cd74c21f,2585,77,7,107.21
e010972d,2585,80,8,26.66
c729b6bb,2586,57,8,45.96
aa56d996,2586,4,6,39.86
efbfd38f,2586,76,3,
7c3c4e75,2586,126,9,63.86
520d7f81,2587,97,2,356.16
ca155171,2587,29,1,489.96
4ba302df,2587,14,4,613.39
a37a46fc,2587,15,6,440.74
c13cd9ac,2587,31,8,100.15
2c334d5f,2588,52,2,635.0
06c83759,2588,106,8,13.38
c8893e11,2588,100,1,499.43
94ee6528,2588,108,2,409.77
587ba4c2,2589,139,9,562.91
eb351562,2589,145,9,173.53
ae046d10,2590,104,9,112.88
b758d523,2590,111,3,522.96
b1cfcd86,2591,146,8,375.4
7d22c1e1,2591,125,6,495.37
d37245a0,2592,23,2,131.11
5f5e1c2c,2592,134,2,411.75
0d8de851,2593,79,10,289.74
ef03a614,2593,31,4,100.15
fba5f35e,2594,56,2,237.91
4e6335c7,2594,61,8,353.88
6fe70369,2594,58,2,504.47
c7f40c36,2594,17,6,312.14
cfbdaf85,2594,62,7,663.53
3e6728ac,2595,111,5,522.96
bc00fe25,2595,89,9,164.35
c4faf7ba,2595,58,10,504.47
98676f45,2595,144,10,111.39
a584c6e0,2596,112,9,209.57
ba2d5e1d,2597,19,5,385.52
4e23fcf1,2598,25,2,302.2
9c26b0b5,2598,39,10,547.33
6c5c039d,2598,105,8,27.25
afdd417d,2598,88,9,366.29
7e2a8a07,2599,125,10,495.37
2bc5c1ef,2600,60,1,341.45
a686b45f,2600,134,7,411.75
87b42d71,2600,143,10,485.74
aa17d56d,2601,108,5,409.77
f9c197fc,2601,70,10,205.03
aa19a490,2601,130,4,366.73
af45cdfa,2601,147,1,355.47
813ab51b,2601,104,4,112.88
cc8c8dcd,2602,122,1,206.63
c1dcd162,2602,43,7,143.8
cb7845e9,2603,51,5,114.5
1da72262,2603,24,4,
f6a8a82f,2603,31,6,100.15
9bf5c5cd,2604,27,4,304.08
bbae69ad,2604,93,6,85.6
b7b8b5fd,2604,53,8,350.56
a9b72229,2605,82,3,336.54
a281fc03,2605,57,3,45.96
a61b1274,2605,38,2,323.52
e5d58c43,2605,124,10,476.13
36d1c4f3,2606,58,6,504.47
884991fb,2606,67,6,144.67
e8e782a6,2606,12,5,249.75
caf632ea,2606,75,1,110.22
fb4bca08,2606,41,9,135.18
71609608,2607,49,8,234.47
27e36543,2607,41,6,135.18
ce4c94d8,2607,56,7,237.91
61a3d598,2607,91,9,390.95
ecba3aa8,2608,105,8,27.25
8dddcfad,2608,22,6,224.4
2991ad29,2609,77,2,107.21
6d1000fb,2610,140,9,94.52
9f48bbff,2610,125,2,495.37
61187cd6,2610,138,-8,347.46
452fee49,2610,86,4,79.11
a9b4c065,2611,58,10,504.47
4673d2cb,2612,100,5,499.43
868b884e,2612,41,6,135.18
138a0869,2612,44,3,595.46
077a881a,2613,69,3,130.35
5fb14c45,2613,99,2,155.1
288a2ad5,2613,20,9,602.66
bf1cdc65,2614,68,6,25.46
d5303d3c,2614,136,4,276.4
c450b835,2614,37,2,659.37
62340074,2614,133,7,512.38
cee3fe26,2615,15,4,440.74
03033808,2615,4,6,39.86
4745c43b,2615,107,3,235.92
ab181d48,2616,55,6,294.55
549856a5,2616,150,1,192.44
954ffe3d,2616,132,9,313.92
a5468612,2616,135,2,156.85
dedd723e,2616,118,2,199.93
4f8a37e4,2617,131,1,156.26
996fafaf,2617,143,9,485.74
1e63960d,2617,70,4,205.03
39ed47a3,2617,29,4,489.96
c38b427a,2618,55,9,294.55
4bf53d67,2618,19,10,385.52
96d5c753,2618,15,5,440.74
36b3c20b,2618,62,1,663.53
ce41fc9f,2619,132,5,313.92
fc8167ae,2619,143,1,485.74
cfbcf656,2619,121,5,563.05
d34503f0,2620,99,6,155.1
1e0a8244,2620,100,1,499.43
edb3aa3e,2621,30,8,
b704e049,2621,46,4,35.41
942a1335,2622,137,6,514.29
be15d63c,2622,107,4,235.92
7bc2c863,2622,98,6,598.38
4acdaeef,2622,102,2,451.88
2d45d308,2622,3,10,217.43
cee9bda8,2623,83,2,264.39
aa9a8518,2624,20,4,602.66
c6088618,2624,46,1,35.41
9b28415e,2625,71,7,485.03
abb13ca0,2625,61,7,353.88
52521db7,2625,37,8,659.37
fa4feb71,2625,73,6,189.8
64129b44,2625,142,1,409.18
6d3169fc,2626,93,1,85.6
f1cba812,2626,48,7,120.58
84b96bff,2626,10,5,321.2
e6751e68,2627,20,6,602.66
84d427d2,2627,33,1,34.52
fd3b75fa,2627,15,10,440.74
487a2065,2627,39,5,547.33
625a0e0d,2628,107,6,235.92
c8ced06a,2628,57,7,45.96
4df2cd1a,2629,26,10,269.03
1dea16f9,2629,3,1,217.43
ba6de7b3,2629,101,3,149.65
25c3edb6,2629,12,2,249.75
fd887b3c,2630,2,1,616.23
46f68dcd,2631,100,5,499.43
a09a901f,2631,129,2,254.73
0105200e,2631,6,3,
a6437f22,2632,2,7,616.23
0bd1a8f3,2633,31,10,100.15
e37d780f,2633,119,8,362.46
3c56b356,2633,72,7,232.02
d75b64d2,2634,73,4,189.8
8fd3555f,2634,89,7,164.35
e0b6a066,2635,3,3,217.43
5a75aed1,2635,143,8,485.74
88339b3d,2635,59,7,333.45
6d95a3a3,2635,73,8,189.8
3ca8602d,2636,30,10,230.06
5ec9c868,2636,87,4,414.86
97eb814d,2637,14,1,613.39
36b80aae,2637,5,7,84.34
37837e46,2637,121,4,563.05
3687e01c,2638,66,4,41.73
d842d642,2638,7,10,588.01
f8f07fdb,2639,77,8,107.21
728ab6c8,2639,108,1,409.77
54e8626e,2639,16,7,112.75
48ad7bac,2639,44,6,595.46
3ace8376,2639,21,4,210.5
adc1165b,2640,89,5,164.35
4f902e00,2640,69,1,130.35
4e29f2d3,2641,69,9,130.35
eb82b1aa,2642,104,10,112.88
cb186c16,2642,140,3,94.52
68438c77,2643,16,7,112.75
e2f37053,2643,105,8,27.25
7fef25b5,2643,92,7,118.2
de77a926,2643,143,5,485.74
d28e6f19,2644,149,10,234.87
b3ee8930,2644,4,10,39.86
d9fbea0a,2644,111,-2,522.96
3bd49b11,2645,40,6,269.82
ec99fa0e,2646,145,2,173.53
b2c7ea60,2646,145,9,173.53
3e7ba20e,2646,136,4,276.4
2acbd3da,2646,11,6,175.83
a2c7271c,2646,126,4,63.86
59378fc8,2647,75,1,110.22
e1e3fd4f,2648,149,2,234.87
c699e7ba,2648,126,2,63.86
ae9ee4dc,2648,91,8,390.95
feaef348,2648,79,6,289.74
ffbd09fb,2649,80,4,26.66
3eb2623e,2649,121,4,563.05
89a38dd2,2649,30,6,230.06
10bd8949,2649,127,7,105.14
e5b4d9fa,2649,119,10,362.46
f1d4b4c4,2650,56,3,237.91
db5e8c87,2650,126,1,63.86
242a08a5,2651,84,7,230.04
1474430c,2651,28,5,211.7
7512870d,2651,49,1,234.47
33bba95c,2651,60,3,341.45
011440ce,2651,114,7,112.98
773b27f1,2652,23,10,131.11
9ed9cf58,2652,41,5,135.18
24129cd6,2652,62,8,663.53
c3be5137,2652,119,4,362.46
ade2c1c2,2653,74,2,309.82
acc4aed1,2653,124,2,476.13
698da98a,2653,37,7,659.37
5b9976f6,2653,74,8,309.82
07cfe29d,2653,7,8,588.01
5739da15,2654,31,5,100.15
0740517c,2654,90,7,25.09
2ccc3701,2655,132,9,313.92
1f35823a,2656,4,9,39.86
c1e2b7f3,2656,69,4,130.35
d4981d32,2656,77,9,107.21
2033c704,2656,27,7,304.08
30907a6d,2657,18,9,172.05
c66bc229,2658,48,9,120.58
65243fb5,2658,17,8,312.14
4530e603,2659,52,2,635.0
f6c502a8,2659,24,9,276.31
890acc77,2659,35,3,227.38
943edb10,2659,2,5,616.23
71e48605,2660,71,10,485.03
c21f14f0,2660,74,8,309.82
eb84f93e,2660,123,4,476.54
0a4af072,2660,143,2,485.74
d56a7d12,2660,122,3,206.63
001e0692,2661,94,6,266.93
66428029,2661,48,6,120.58
332d4232,2661,9,3,306.24
b08c8fa9,2661,17,7,312.14
062fe5c9,2661,129,5,254.73
e5e9f175,2662,131,8,156.26
f7254eef,2662,121,3,563.05
88c5bac9,2662,65,9,
dc2ac030,2662,8,4,62.66
79692c54,2663,114,10,112.98
21cf6c4a,2663,139,6,562.91
6541820e,2664,48,8,120.58
542e243f,2665,82,4,336.54
a9f05ff8,2665,133,3,512.38
f8a59183,2665,45,1,25.51
f0a66865,2665,131,7,156.26
35bea0d1,2665,88,7,366.29
a6a4d5f9,2666,100,8,499.43
4e462171,2666,148,5,325.19
fb753e6c,2667,1,5,247.17
3beed91d,2668,108,3,409.77
977ef8a3,2669,140,9,94.52
23d20e56,2669,57,3,45.96
fdf2098f,2669,105,1,27.25
40537382,2669,49,10,234.47
38df3911,2670,150,1,192.44
befdb42c,2670,75,2,110.22
78299958,2671,104,4,112.88
0aa5bd59,2671,96,7,548.63
1d275e0c,2672,116,8,353.96
61a59478,2672,93,10,85.6
42b8d4f4,2672,87,9,414.86
1d2a89aa,2673,113,5,576.51
00cc30a3,2673,43,4,143.8
495f3cb6,2673,97,1,356.16
2bf2a1f9,2673,84,1,230.04
bf67263f,2673,100,8,499.43
b5f7bd9d,2674,143,9,485.74
53351b67,2674,28,1,211.7
723a2d19,2675,58,9,504.47
86abc376,2675,8,5,62.66
c210495a,2676,3,9,217.43
f4bbe80a,2676,31,1,100.15
7e2afee3,2676,27,10,304.08
41fdbed2,2676,1,8,247.17
77e8e42c,2677,33,10,34.52
c3ee5a65,2677,121,6,563.05
7a3874c0,2678,96,8,548.63
476240a7,2679,143,2,485.74
2ec0bd3d,2679,127,1,105.14
94b9bdc6,2679,87,6,414.86
e67a5430,2679,73,2,189.8
43c5cad2,2680,105,2,27.25
731879bb,2680,21,8,210.5
5a4b2580,2680,43,5,143.8
9c4c487e,2680,119,10,362.46
8ffa474b,2681,85,8,300.34
9fe92003,2681,68,7,25.46
ec4354b9,2681,49,5,234.47
ec0c37e4,2681,6,6,94.32
377b9ced,2682,112,10,209.57
4755a842,2682,140,2,94.52
c4275342,2682,133,9,512.38
4c983f57,2683,79,9,289.74
cf52b0a3,2683,36,7,583.1
7c605e5b,2684,41,10,135.18
35910efa,2684,75,5,110.22
50ad30e9,2684,42,2,217.34
f3846cea,2684,83,6,264.39
4b9360e3,2684,8,1,62.66
f2c73b47,2685,15,7,440.74
9a125ea6,2685,90,8,25.09
4c54b941,2685,114,2,112.98
b4df8a88,2685,14,5,613.39
52c0595b,2685,117,8,143.81
88b46262,2686,33,3,34.52
5a6f4590,2686,123,4,476.54
c52df275,2686,121,6,563.05
c420a7be,2686,31,3,100.15
c50d754f,2686,86,5,79.11
345349bc,2687,77,4,107.21
d7b831ab,2687,36,7,583.1
398d4988,2687,147,5,355.47
679a95db,2687,100,7,499.43
3ecf948f,2687,134,7,411.75
c3c7ef5f,2688,123,9,476.54
b5df939d,2688,21,5,210.5
e92401ea,2688,83,10,264.39
74626be2,2688,74,10,309.82
ec116a32,2688,75,5,110.22
469de059,2689,88,3,366.29
0466edaa,2689,16,10,112.75
049623a9,2690,117,6,143.81
a697255b,2690,63,10,158.85
3e99e512,2690,2,4,616.23
4b676bbc,2690,144,1,111.39
a03531b6,2690,30,1,230.06
6e21d98f,2691,92,1,118.2
fa827e2d,2691,56,10,237.91
a209c11a,2691,101,8,149.65
e9094278,2691,123,5,476.54
e2835530,2692,124,2,476.13
1dfe2e08,2693,106,2,13.38
ab8278d5,2693,58,9,504.47
d22d040a,2693,31,4,100.15
df4ead98,2693,105,3,27.25
eafd9f16,2694,104,7,112.88
5440d8ca,2694,146,8,375.4
12e347ea,2694,58,7,504.47
83891e83,2695,74,2,309.82
cabd701c,2695,98,3,598.38
5a6330ca,2695,9,2,306.24
e66346fe,2696,137,1,514.29
9348f690,2696,42,1,217.34
13ab0740,2696,83,1,264.39
1f427b64,2697,10,2,321.2
cc9e9586,2697,49,2,234.47
c464aa0a,2697,77,1,107.21
44e61fb8,2697,32,6,505.23
13392dc2,2697,69,3,130.35
8f5840f1,2698,51,4,114.5
8f5931d5,2698,112,10,209.57
b00d427e,2699,115,7,317.48
b6b99996,2699,45,10,25.51
d60d09a4,2699,94,1,266.93
085d7d98,2700,125,4,495.37
997d6563,2701,95,6,124.61
99727c7f,2701,33,1,34.52
7590dec0,2702,112,5,209.57
5462f5ff,2702,132,10,313.92
f23bc958,2702,30,5,230.06
74830e19,2702,55,6,294.55
be4541b2,2703,33,9,34.52
9373ccb2,2703,1,8,247.17
a1a4d663,2703,64,9,319.78
1efccfd7,2704,12,8,249.75
7ab186e5,2705,36,5,583.1
62a9a8f1,2705,81,5,197.74
a108d9aa,2705,34,1,457.44
82937233,2706,90,10,25.09
d30694ec,2706,40,6,
c9af9c28,2706,31,6,100.15
1f9dad3b,2706,59,10,333.45
6d3624e3,2707,66,1,41.73
4dba398e,2707,54,2,76.52
f59d811a,2708,88,4,366.29
0470d02c,2708,62,5,663.53
044f39bb,2708,54,3,76.52
13de601a,2708,100,3,499.43
5b15f7ee,2708,94,6,266.93
28cd1ff7,2709,128,6,248.41
9dfa2fe3,2709,114,9,112.98
f97d9e4a,2710,75,4,110.22
f1a67337,2710,90,2,25.09
5c2a2b61,2710,91,8,390.95
a19dfeef,2710,48,9,
690b1ddf,2710,145,6,173.53
3bcbf1d5,2711,51,1,114.5
6931c562,2711,144,7,111.39
22eb14b8,2712,116,5,353.96
e9003135,2712,82,7,
a4feec14,2712,54,3,76.52
c515d948,2712,130,8,366.73
f0a2bbab,2712,85,1,300.34
b1953eeb,2713,33,1,34.52
c3e1fc2d,2713,150,1,192.44
981e0f88,2714,137,5,514.29
331544b6,2715,69,1,130.35
90283b39,2716,1,2,247.17
ca6b94fb,2716,51,7,114.5
8032bd81,2716,19,7,385.52
8d34a25e,2716,33,7,34.52
d66c0609,2717,8,8,62.66
da894f78,2717,47,8,256.73
ea3b4a85,2717,7,9,588.01
df25fe28,2717,50,1,447.11
3f22a22b,2718,85,3,300.34
3c3a9cdf,2718,16,8,112.75
228f8a52,2718,99,7,155.1
7e0001ac,2718,10,9,321.2
00187e33,2718,38,9,323.52
d6f56cdd,2719,98,5,598.38
dc06d693,2719,10,7,321.2
d196e330,2720,136,9,276.4
10204c34,2720,66,2,41.73
345f3a53,2721,121,10,563.05
dbcbf68c,2721,12,2,249.75
ff17c975,2721,89,7,164.35
67636248,2721,110,6,431.46
5d80b129,2721,94,8,266.93
78c8dd30,2722,82,10,336.54
f0726ab2,2722,126,10,63.86
1a4a6ab8,2723,56,8,237.91
8591b339,2723,103,6,560.59
c459e77b,2723,138,1,347.46
822e478e,2723,50,5,447.11
db86cb37,2723,140,3,94.52
8a91a226,2724,90,6,25.09
62a48993,2725,23,7,131.11
7b0430ea,2725,21,2,210.5
6f1a8a82,2725,52,1,635.0
dcbd9051,2725,130,3,366.73
ed2d0845,2725,45,7,25.51
54921e4b,2726,67,9,144.67
712e6804,2726,4,9,39.86
6ee13f9a,2726,110,2,431.46
b330be91,2726,129,1,254.73
70f1dd81,2726,60,1,341.45
c0914256,2727,24,2,276.31
95f2bf8a,2727,104,9,112.88
1f9fb8c9,2727,25,8,302.2
0820091e,2727,60,6,341.45
447c4558,2728,30,2,230.06
c47c7002,2728,102,9,451.88
6f448885,2728,71,7,485.03
f743dbc9,2728,26,5,269.03
389daeaf,2729,86,4,79.11
0eaeea7f,2729,48,6,120.58
3753875c,2729,98,9,598.38
1706ba40,2730,147,6,355.47
1d4e11be,2730,99,1,155.1
e11d2d3c,2730,64,8,319.78
cd344c12,2730,68,1,25.46
1e6ffa77,2731,90,2,25.09
b3840d63,2731,57,3,45.96
2279ceb0,2731,125,8,495.37
1114b07a,2731,108,2,409.77
e1b186f0,2732,59,4,333.45
b18f9370,2732,75,2,110.22
ce42a161,2732,149,1,234.87
155b2e52,2732,131,2,156.26
412b0130,2732,105,7,27.25
ff744942,2733,137,1,514.29
e61c7cd4,2734,146,4,375.4
2890435c,2734,136,1,276.4
4cf12c77,2734,128,8,248.41
26e09b04,2735,67,2,144.67
77a65854,2735,37,2,659.37
92c87ce9,2735,75,4,110.22
3b587453,2736,36,7,583.1
d98bf078,2736,134,8,411.75
cb5e61ea,2737,108,3,409.77
3951d4df,2737,143,5,485.74
cb649236,2737,40,7,269.82
680ca152,2737,53,4,350.56
30d9a4a3,2737,87,9,414.86
6d76ebcc,2738,58,-5,504.47
79fe22c0,2738,114,5,112.98
491a275e,2738,109,6,662.43
b1dca482,2738,34,5,457.44
66762a96,2739,18,8,172.05
d355e3e0,2740,84,5,230.04
e183b91a,2740,84,1,230.04
a10430dd,2741,12,8,249.75
68e1d3b5,2741,118,9,199.93
a53c733f,2741,64,2,319.78
592d0efd,2742,74,9,309.82
bcf26728,2742,33,5,34.52
8407e5e0,2743,4,4,39.86
56e74fe5,2743,80,2,26.66
c67777ef,2743,91,5,390.95
1194d21b,2743,26,2,269.03
b7be977b,2743,28,1,211.7
8b752659,2744,44,10,595.46
610226ae,2744,81,9,197.74
8632857e,2745,118,8,199.93
530a77f6,2746,129,6,254.73
afee54c1,2747,70,8,205.03
57d6fed0,2748,138,10,347.46
85e53c63,2749,100,6,499.43
228d5154,2749,40,10,269.82
3bee5294,2749,83,3,264.39
3723c657,2749,143,8,485.74
f32623b0,2750,82,7,336.54
cdf56a3b,2750,4,-9,39.86
a6a3fe71,2751,131,-1,156.26
ae76f93a,2752,140,7,94.52
ca907dca,2752,42,3,217.34
e94cdd78,2753,17,7,312.14
93311469,2753,43,4,143.8
0e85b9fc,2753,97,7,356.16
387b2e23,2753,18,6,172.05
68591eef,2754,33,8,34.52
998c54d0,2754,43,10,143.8
7c503173,2754,40,9,269.82
4e1823c5,2754,61,5,353.88
ff53a457,2754,100,4,499.43
a2065776,2755,83,6,264.39
bfdc6d15,2755,37,4,659.37
a21dada9,2755,135,9,156.85
fca445d6,2755,39,9,547.33
a7932984,2756,112,2,209.57
a3baf515,2756,83,9,264.39
327483d5,2756,39,10,547.33
eab61d68,2756,150,10,192.44
88635f2d,2756,77,2,107.21
93a792bd,2757,119,10,362.46
e38ac26a,2757,25,5,302.2
d0a6791c,2758,31,8,100.15
ab3dfae4,2759,70,10,205.03
8c98ce66,2759,148,3,325.19
ddfd4ab2,2759,133,7,512.38
ebafcdbd,2760,143,1,485.74
81a95922,2760,21,10,210.5
d82915e2,2761,33,6,34.52
6e373d2c,2761,96,7,548.63
230caafc,2761,141,5,350.19
796cae13,2762,29,3,489.96
ea0de3af,2763,124,-1,476.13
df3c9b25,2763,89,2,164.35
1751aadb,2764,69,7,130.35
6ed6804a,2764,122,8,206.63
4f76b139,2764,137,8,514.29
61a18a9f,2764,63,1,158.85
c8a9b970,2765,8,10,62.66
1d8f2559,2765,15,1,440.74
d0cd2a1b,2766,130,1,366.73
f1626c50,2766,35,1,227.38
d71b4a67,2766,4,6,39.86
844eee49,2766,89,8,164.35
18ca671b,2767,129,8,254.73
77c2b92b,2767,93,6,85.6
c65fd298,2767,106,9,13.38
e57d8b71,2767,139,6,562.91
89403070,2767,99,5,155.1
3ac1b072,2768,122,2,206.63
700de2cd,2768,45,6,25.51
4ad9dd57,2768,68,6,25.46
c4fd520f,2768,114,10,112.98
e4003a81,2769,2,5,616.23
638185a7,2769,80,6,26.66
df65f2a7,2769,99,4,155.1
2b6e1aeb,2769,110,10,431.46
8b736f5d,2769,17,9,312.14
ee18044d,2770,90,6,25.09
4a72a87e,2770,148,9,325.19
40acc2fc,2770,64,3,319.78
93423223,2770,118,8,199.93
580f0d46,2770,2,2,616.23
d8c4e309,2771,98,1,598.38
dc6ba7b2,2771,1,10,247.17
31bc345a,2771,113,2,576.51
3ce271ef,2772,53,5,350.56
27aa89ea,2772,133,9,512.38
a164069f,2772,107,2,235.92
8ca669fe,2773,79,6,289.74
e3e61534,2773,75,4,110.22
66cd136e,2773,82,3,336.54
d807716f,2773,115,10,317.48
5ce88129,2774,108,1,409.77
fdcd2133,2774,126,5,63.86
fc494925,2775,95,9,124.61
c801bf16,2775,109,10,662.43
029b5239,2775,25,3,302.2
09beb1cc,2776,28,9,211.7
c1286394,2776,149,5,234.87
8d145ba2,2776,67,6,144.67
30bf9bdc,2776,46,6,35.41
9c9d9e40,2776,47,5,256.73
7b9da297,2777,70,4,205.03
bbed0228,2777,73,10,189.8
c3092be2,2777,52,3,635.0
a8f9c2b5,2777,53,2,350.56
bc3a00e9,2778,12,-7,249.75
1542b2ab,2778,125,7,495.37
f51f4a8c,2779,47,7,256.73
a753eca7,2779,94,7,266.93
16001225,2779,46,10,35.41
0e402877,2780,93,2,85.6
9f0e7088,2780,59,6,333.45
122887fd,2781,94,1,266.93
f1a05eab,2781,80,9,26.66
4c5acdcb,2782,86,5,79.11
ce15e847,2782,44,5,595.46
91807fa4,2783,20,2,602.66
bef2ecb5,2783,2,5,616.23
ffc0e93e,2784,51,5,114.5
036b28f0,2784,96,7,548.63
cc8a8563,2784,58,4,504.47
8cad92a1,2784,103,4,560.59
0f4e7033,2785,145,8,173.53
77aeeb78,2785,149,9,234.87
82ddf796,2786,52,-9,635.0
6b2b30c0,2786,33,7,
8ed27e84,2786,74,1,309.82
1cf05e20,2786,95,1,124.61
d3183805,2787,89,6,164.35
954ca6a7,2787,10,7,321.2
7f5fb80e,2787,128,3,248.41
428ebfc0,2787,47,1,
ab83b80b,2788,110,10,431.46
5df0473c,2789,21,2,210.5
b263f94b,2789,38,1,323.52
196b1ee4,2789,102,2,451.88
2f4bae13,2789,41,9,135.18
c0eaa31e,2790,74,6,309.82
cca5cd2a,2791,6,3,94.32
63416f61,2791,15,1,440.74
da2e8545,2792,68,4,25.46
97b302ab,2792,126,10,63.86
bb20cd24,2792,86,4,79.11
6819dac4,2792,98,2,598.38
bc479c0d,2792,106,3,13.38
4057f443,2793,97,5,356.16
790bd3d9,2793,117,8,143.81
45ece8a4,2793,97,2,
07fdde94,2794,101,4,149.65
1af4c8b9,2794,15,3,440.74
6f34ff76,2794,32,6,505.23
35a023a3,2794,42,7,217.34
fa5af9d0,2795,38,5,323.52
b5b3d218,2795,140,10,94.52
234ad852,2796,77,4,107.21
fc912250,2796,72,7,232.02
ee2efe4b,2796,48,3,120.58
61d8ba55,2796,51,9,114.5
c2ff29d5,2796,129,6,254.73
b31aca46,2797,8,10,62.66
b84a7337,2798,20,3,602.66
744d89e0,2799,100,8,499.43
d66005bc,2799,146,4,375.4
6e97452a,2800,41,10,135.18
83c98f2c,2800,118,5,199.93
5523333e,2800,88,9,366.29
5ea27224,2801,131,10,156.26
1bde829a,2801,6,6,94.32
a04aed7e,2802,93,10,85.6
7c7a1f42,2802,48,6,120.58
8adbaa45,2802,58,3,504.47
f6e6eb7c,2803,18,9,172.05
300f3d70,2803,129,5,254.73
39fca985,2803,120,6,32.84
6c2a02f9,2803,69,9,130.35
6fa3eedd,2804,147,3,355.47
c7502aa0,2804,1,3,247.17
e11b75ce,2804,95,5,124.61
b9235438,2805,91,7,390.95
e47be584,2806,108,9,409.77
3eb2292c,2806,146,5,375.4
d0df89ca,2806,146,7,375.4
a1598472,2806,52,7,635.0
8321d1fe,2807,7,7,588.01
8f863161,2807,58,3,504.47
046192b5,2807,76,4,272.25
96a7fc52,2808,39,5,547.33
419dc976,2808,17,6,312.14
a996d53c,2809,62,2,663.53
e59e2eec,2810,73,8,189.8
44f63e9f,2810,113,7,576.51
1731768f,2810,106,4,13.38
500292bb,2810,8,8,62.66
60077b08,2811,75,9,110.22
c86b26c4,2812,29,9,489.96
fe4ba225,2812,6,1,94.32
0a79c371,2812,14,1,613.39
ed63d771,2813,8,5,62.66
378e04e0,2813,107,5,235.92
7917ab2e,2813,34,2,457.44
eb993699,2814,95,1,124.61
dd0ddbb8,2814,134,9,411.75
13dc9e6a,2815,92,2,118.2
53079e7c,2816,146,6,375.4
8990ee30,2817,17,6,312.14
aecc081a,2817,30,2,230.06
c7ba45bd,2817,21,7,210.5
bc9637f5,2817,25,5,302.2
6390a159,2818,108,6,409.77
fe5c85b1,2819,56,2,237.91
ab30f9b0,2819,52,8,635.0
06e33353,2820,140,5,94.52
d35e88dc,2820,46,5,35.41
fc462883,2821,33,6,34.52
7305ca75,2822,150,10,192.44
59ba8815,2823,16,1,112.75
6604155d,2824,116,2,353.96
c555a034,2824,48,9,120.58
a8c3a96c,2825,66,10,41.73
5a75742d,2826,39,7,547.33
d7dc1f07,2826,123,4,476.54
d32c4adc,2826,101,7,149.65
1875d050,2827,145,3,173.53
a4e670d2,2828,127,8,105.14
1190f5a9,2828,99,8,155.1
4074e919,2829,65,1,82.75
00b8dd96,2829,92,2,118.2
1371202a,2829,57,4,45.96
26a9f68b,2829,91,8,390.95
08870ec4,2829,47,4,256.73
0d5ea60d,2830,22,8,224.4
4061f0ef,2830,84,2,230.04
f1f4b4f5,2830,103,1,560.59
4cd9a28b,2830,108,10,409.77
3bdefea9,2831,7,10,588.01
5ae06c3d,2831,123,7,476.54
a7dcb1ef,2831,106,1,13.38
f07e9e77,2831,53,4,350.56
ac94fe94,2831,89,1,164.35
f85e7359,2832,91,1,390.95
e5059f09,2832,10,6,321.2
4f50e539,2832,14,9,613.39
2dba5745,2832,48,6,120.58
342e8491,2833,111,5,522.96
a8b32f6f,2834,67,4,144.67
bff7599f,2834,96,1,548.63
3a76095d,2834,150,10,192.44
b61b9b6a,2835,29,5,489.96
5b36abcd,2836,61,3,353.88
bf2abf7a,2836,114,5,112.98
8264add0,2836,24,2,276.31
6c1745d3,2836,86,6,79.11
b02be2a5,2836,11,5,175.83
8ed64a6c,2837,91,3,390.95
6a7e02c0,2838,101,1,149.65
0aa91f9d,2838,16,4,112.75
80d46c94,2838,110,8,431.46
b37242ee,2838,121,6,563.05
4cc4135e,2838,84,2,230.04
29a6e6da,2839,35,-8,227.38
09e84015,2839,15,8,440.74
6b49a7f7,2839,7,4,588.01
e478ead5,2839,1,-2,247.17
2706ba19,2840,66,2,41.73
cca7f4ad,2840,7,10,588.01
a7a0720b,2840,134,9,411.75
384482b2,2840,103,7,
658a2cca,2840,102,5,451.88
416c1549,2841,103,2,560.59
1b072cef,2841,33,3,34.52
4d306acc,2842,88,5,366.29
0b0ab329,2842,10,3,
806445b0,2843,92,6,118.2
7205e8c9,2843,136,10,276.4
b2b5a350,2843,103,5,560.59
7668a508,2843,56,4,237.91
e2e5b807,2843,71,6,485.03
ed97b926,2844,76,9,272.25
88bc3837,2845,113,4,576.51
04d393a8,2845,10,10,321.2
d0a6fa81,2845,85,8,300.34
1993f57b,2846,27,9,304.08
93d60a37,2846,47,10,256.73
3053f68f,2846,43,8,143.8
49bc7684,2847,82,2,336.54
0bf3614c,2847,41,2,135.18
5852bd40,2847,104,1,112.88
46c7bbb1,2848,82,9,336.54
4ad0f60a,2849,108,6,409.77
9daf7072,2849,56,9,237.91
1032317f,2849,11,5,175.83
73e9a65f,2850,103,4,560.59
04101929,2850,65,7,82.75
fc152fa0,2851,76,10,272.25
48656971,2852,47,9,256.73
ac61f25f,2852,20,6,602.66
08197f13,2852,123,1,476.54
1400b0f3,2852,27,10,304.08
85bbb92e,2853,20,6,602.66
692ed79b,2853,58,4,504.47
d468aed5,2853,82,2,336.54
71b48d92,2853,65,6,82.75
774044ad,2854,78,8,321.17
952e0f2d,2854,38,6,323.52
2619660f,2854,79,4,289.74
f56d9940,2854,52,10,635.0
0817bdc4,2855,115,8,317.48
96591c39,2856,124,7,476.13
f1384949,2856,101,8,149.65
864353b9,2856,18,5,172.05
e9ec1e13,2857,112,4,209.57
42880c1c,2857,107,2,235.92
96b50aee,2857,41,5,135.18
1000146d,2858,116,6,353.96
79621654,2859,8,2,62.66
c0124294,2859,23,10,131.11
fd4e1f41,2859,16,1,112.75
12ec1a16,2859,84,7,230.04
7c8f9691,2860,33,8,34.52
f918d3d4,2860,143,8,485.74
645b007f,2860,67,1,144.67
f83de822,2861,50,8,447.11
48c47a28,2862,108,6,409.77
c1f98bcc,2862,111,6,522.96
2b3c5898,2862,97,8,356.16
c1f4a71e,2862,95,5,124.61
3c992986,2862,4,4,39.86
88062ba9,2863,93,10,85.6
fb5a22bf,2863,77,3,107.21
29cea9b0,2863,149,5,234.87
e9deb2fe,2863,67,8,144.67
1efbcd20,2863,52,10,635.0
c979d90d,2864,99,10,155.1
4ea331ae,2865,133,8,512.38
88c19fed,2865,133,4,512.38
10c99b07,2865,69,4,130.35
308b8751,2865,120,4,32.84
2a304659,2865,46,5,35.41
c73db81b,2866,109,9,662.43
d11c6b59,2866,143,10,485.74
81d9e46e,2866,103,4,560.59
4265b6e6,2866,45,8,25.51
1b7b1f60,2866,120,2,32.84
392cb866,2867,22,6,224.4
2f012389,2867,104,3,112.88
9d0e7e45,2867,97,8,356.16
0388b8df,2867,136,8,276.4
5e3f989c,2868,31,7,100.15
b517b36d,2868,31,7,100.15
67d781d9,2869,148,7,325.19
4fefc84a,2869,45,2,25.51
f7629ddc,2869,119,10,362.46
b6b25e71,2869,33,5,34.52
fabb8aa7,2869,142,7,409.18
b5e425dd,2870,69,9,130.35
5dddb74b,2870,37,6,659.37
0165f1be,2870,45,4,25.51
cbacde01,2870,129,1,254.73
016b41cb,2871,114,4,112.98
e36468dd,2871,74,8,309.82
993bb58f,2871,25,2,302.2
71076b9d,2872,86,2,79.11
1f41bf9f,2873,117,8,143.81
2a2bf2bb,2873,51,2,114.5
4fec2b89,2873,101,5,149.65
1a467f8b,2873,50,7,447.11
5cff6782,2874,63,3,158.85
74619559,2874,26,3,269.03
c74865d4,2875,18,5,172.05
e17d877a,2875,92,10,118.2
c784c8ea,2875,121,1,563.05
c2133ff9,2876,95,9,124.61
d7a559af,2876,69,4,130.35
c96bfc95,2876,50,7,447.11
1a8be898,2877,61,7,353.88
1f84fa5b,2877,80,5,26.66
37fda343,2878,34,7,457.44
68b700ba,2878,145,3,173.53
0f7b1d9f,2878,6,5,94.32
24236b0b,2878,76,3,272.25
4e26bb2d,2879,69,8,130.35
db4242a0,2880,124,9,476.13
40a54dbb,2880,149,4,234.87
14f91a4d,2880,31,2,
b037ffee,2881,11,2,
335e5042,2881,95,10,124.61
e0427ed3,2881,110,2,431.46
3d469720,2881,16,7,112.75
8a542513,2881,10,5,321.2
cbbb4c01,2882,5,2,84.34
7aa6aed0,2882,31,5,100.15
6fe1fa8d,2882,1,6,247.17
09f17b71,2883,69,10,130.35
5d8428b0,2884,122,10,206.63
05fd1fd1,2884,98,10,598.38
f4ec43cc,2884,18,4,172.05
f9ff7357,2884,107,6,235.92
f58757df,2884,5,6,84.34
61db2584,2885,7,2,588.01
3167e509,2885,28,2,211.7
3aa0937c,2885,56,7,237.91
fa46e000,2885,54,10,76.52
c1944ce4,2886,54,3,76.52
a7616ae9,2886,106,1,13.38
7761fb40,2886,86,4,79.11
8971fa34,2887,111,3,522.96
99d5e71a,2887,144,9,111.39
da3973d3,2887,139,1,562.91
817520b8,2888,142,6,409.18
ef3a6c58,2889,42,5,217.34
23ae66dc,2889,116,5,353.96
c32b4477,2889,145,4,173.53
90e9f2a5,2889,1,4,247.17
b3f9410a,2890,128,8,248.41
2689b296,2890,93,3,85.6
242cc8fb,2890,86,9,79.11
bc0791ef,2890,11,5,175.83
d807a939,2891,136,10,276.4
9c93491c,2891,139,6,562.91
0fa1741c,2891,140,1,94.52
d096cae6,2891,116,8,353.96
de22eb61,2891,14,6,613.39
88cacddf,2892,16,8,112.75
8cf5a15b,2892,142,2,409.18
fff86560,2892,6,10,94.32
bb008dbc,2893,142,2,409.18
7e671fad,2894,10,5,321.2
b4f80392,2894,28,3,211.7
9eae17d9,2894,130,-2,366.73
b67f2d10,2894,73,6,189.8
d7659b4d,2895,93,7,85.6
ada57a08,2895,40,10,269.82
ef7892b7,2895,15,10,440.74
b7463053,2895,86,3,79.11
cb2d512f,2895,111,2,522.96
95703fba,2896,104,6,112.88
301c835d,2896,106,2,13.38
6e79abf0,2897,16,1,112.75
46509732,2897,54,4,76.52
22dce9dd,2897,108,8,409.77
eaca4b2b,2897,95,7,124.61
a4830497,2897,48,4,120.58
c57c89cf,2898,62,5,663.53
5289b099,2898,45,9,25.51
775670ac,2898,15,6,440.74
decd29d7,2898,147,1,355.47
794e9892,2898,2,10,616.23
c10e6e9f,2899,112,9,209.57
af43d13e,2899,115,8,317.48
4e03b3fc,2900,13,6,343.78
08859469,2900,90,8,25.09
3bfdbf6c,2901,24,9,276.31
96ea88c3,2902,64,6,319.78
a941c514,2902,51,3,114.5
232fd130,2903,146,9,375.4
3eb0fa11,2903,40,10,269.82
1aaa4bd3,2903,45,7,25.51
5b99af0c,2903,63,5,158.85
0d1ff18d,2904,28,5,211.7
2a085c40,2904,98,3,598.38
05620bfd,2904,56,1,237.91
824a0e45,2904,17,4,312.14
f83f07e1,2904,54,2,76.52
dfe5c89b,2905,123,9,476.54
0653fc34,2906,36,3,583.1
c5986996,2906,7,3,588.01
957e90d4,2906,145,8,173.53
23b26d59,2907,116,3,353.96
11604aff,2907,112,5,209.57
bb7b97d3,2907,4,8,39.86
21d59e69,2907,98,8,598.38
2620f504,2907,104,4,112.88
1dd2aff8,2908,73,8,189.8
01ca53d7,2908,92,3,118.2
07efc07c,2908,37,8,659.37
8d46aa9d,2908,73,3,189.8
c1c4390f,2909,54,9,76.52
e0f090f1,2909,55,2,294.55
86a5debb,2910,121,5,563.05
4149e065,2910,106,10,13.38
10fb97c1,2910,29,10,489.96
c12d5d92,2910,149,6,234.87
8eaa048c,2911,33,4,34.52
87951d4c,2911,127,2,105.14
d25fc66d,2911,133,7,512.38
c2f8f461,2911,34,4,457.44
cddfea7c,2912,74,7,309.82
5ec6c73b,2912,115,2,317.48
54442e39,2912,142,8,409.18
72dc0eda,2913,17,2,312.14
5596571e,2913,128,9,248.41
bfcf7383,2913,13,1,343.78
41cab765,2914,71,5,485.03
e3a7463a,2914,53,7,350.56
73fc1d50,2914,74,5,309.82
05ce09a5,2914,118,2,199.93
63765bf1,2914,105,2,27.25
1df2d244,2915,119,5,362.46
cafc27cb,2915,133,5,512.38
b80ec710,2916,133,9,512.38
6bb63178,2916,84,5,230.04
724abb42,2917,117,1,143.81
7971fd61,2917,16,8,112.75
d4f3dfc0,2917,80,6,26.66
5f74649e,2918,27,3,304.08
27896631,2918,45,2,25.51
af863fbb,2918,142,6,409.18
0efd9e6e,2918,67,1,144.67
27fcac82,2919,128,8,248.41
0721d335,2919,111,6,522.96
4450f50a,2920,40,9,269.82
31ac3ac5,2920,7,3,588.01
fe23bede,2920,1,7,247.17
e2ce46c5,2921,16,2,112.75
302d181a,2921,108,1,409.77
fa11e70f,2922,147,4,355.47
a391fd40,2922,147,6,355.47
e25887d4,2923,109,6,662.43
dac1b6b5,2923,100,2,499.43
f16ff933,2924,33,4,34.52
3392d366,2924,68,2,25.46
5f12ecc2,2924,9,3,306.24
be6826cd,2924,126,7,63.86
bca846a8,2924,106,3,13.38
2a31da7f,2925,81,2,197.74
1e55d928,2926,134,7,411.75
55d783d9,2926,70,4,205.03
3865b56b,2926,9,8,306.24
1020c75b,2926,56,2,237.91
3022952c,2926,117,8,143.81
13a50e12,2927,86,9,79.11
adbe08d8,2927,125,5,495.37
e64b002d,2927,9,2,306.24
5770e999,2927,121,9,563.05
f59e4bbe,2927,129,9,254.73
9a264193,2928,149,3,234.87
dc27eb08,2929,86,1,79.11
f1639d9e,2929,8,7,62.66
2b6027f9,2930,141,5,350.19
f0b86a81,2930,29,3,489.96
d7357c5a,2930,94,6,266.93
69ce5481,2930,150,4,192.44
d32f53f5,2930,121,1,563.05
8c45f09f,2931,9,5,306.24
eb42ed0f,2931,13,3,343.78
37d1b9bc,2931,94,5,266.93
ae9f75ae,2931,12,5,249.75
fb8e7fbd,2932,9,6,306.24
a5c3acea,2932,44,4,595.46
44bcf83c,2932,71,7,485.03
ad8126c0,2932,102,1,451.88
78278deb,2932,92,2,118.2
05b6cbff,2933,46,3,35.41
fc1f7076,2933,19,2,385.52
82cc1e20,2933,87,2,414.86
30a6d0be,2934,20,7,602.66
3cc624e5,2934,38,3,323.52
e8e8a5ed,2934,90,4,25.09
32104d0c,2934,114,6,112.98
c05aa7dc,2935,125,3,495.37
521976b6,2936,61,7,353.88
b1e5d47c,2936,144,4,111.39
5344c072,2936,13,9,343.78
f398d213,2936,50,8,447.11
61563669,2936,29,6,489.96
8f568b79,2937,133,1,512.38
8a875121,2937,95,7,124.61
577561d2,2937,13,3,343.78
fa09c674,2937,94,1,266.93
c05cb5da,2938,40,9,269.82
1271fbec,2938,116,2,353.96
3ecbc056,2938,56,8,237.91
4c43d7d4,2939,105,9,27.25
d46a4875,2939,84,5,230.04
30117519,2940,102,10,451.88
f19d2c4b,2940,37,5,659.37
14ea3ab2,2940,132,2,313.92
1bbe1192,2940,89,10,164.35
bb5005c9,2940,107,2,235.92
a2704462,2941,16,5,112.75
b77dd175,2942,78,6,321.17
683df61b,2942,93,10,85.6
c31fac4b,2943,27,6,304.08
577d7732,2943,82,1,336.54
21af1d80,2943,149,4,234.87
3f9ee580,2943,114,5,112.98
9f2f8018,2944,109,1,662.43
a13e3035,2944,76,10,272.25
cfa8dda2,2944,58,4,504.47
a2ca40db,2945,39,10,547.33
891fa6e6,2945,123,2,476.54
06b49f9d,2945,22,4,224.4
0e93b8a7,2946,31,10,100.15
1f360a46,2946,103,6,560.59
1a16f587,2947,88,2,366.29
6b613e41,2947,108,6,409.77
0a3fc597,2948,98,7,598.38
e2af097c,2949,79,10,289.74
4b86c822,2949,89,2,164.35
ca8c195b,2950,40,5,269.82
07a4ec0a,2950,40,7,269.82
f5232a66,2950,121,5,563.05
ccb59ac3,2951,34,2,457.44
d446af22,2952,148,1,325.19
78ad00a0,2952,53,2,350.56
5ca2fa8b,2953,61,9,353.88
c8c777c4,2953,53,4,350.56
86d77ac7,2953,77,6,107.21
28255320,2953,23,4,131.11
c1781fe7,2953,52,5,635.0
842688bb,2954,98,4,598.38
7956112f,2954,90,5,25.09
cd4ff073,2954,92,5,118.2
cd6db5e4,2954,130,3,366.73
b55c001a,2954,106,9,13.38
1cc2ee98,2955,35,10,227.38
2014d837,2956,45,9,25.51
a5299fa3,2956,31,9,100.15
c1a56444,2956,26,10,269.03
98182032,2957,51,2,114.5
d8877187,2957,108,6,409.77
4b4fc3fa,2958,120,5,32.84
c7c1e930,2959,58,8,504.47
5cf98cfe,2960,33,8,34.52
d37f8244,2960,107,10,235.92
d61a3200,2961,136,10,
d0b20370,2962,110,8,431.46
502e5b0a,2962,70,2,205.03
a8c992dd,2962,51,2,114.5
94239cdc,2962,97,8,356.16
b6ef637b,2962,116,6,353.96
4077861f,2963,4,2,39.86
9f50a90f,2963,94,6,266.93
d0b34b93,2963,86,6,79.11
583b8a2e,2964,139,5,562.91
1fd72f35,2964,120,3,32.84
ea43a9af,2964,73,6,189.8
a933bda6,2964,15,10,440.74
31af6146,2965,51,7,114.5
a28ee51f,2966,48,4,120.58
2880a89d,2966,110,8,431.46
e69c526a,2966,80,4,26.66
a031af90,2967,119,8,362.46
b106e305,2967,132,7,313.92
f32b3e7e,2967,38,3,323.52
4f50eb4b,2968,108,7,409.77
af73c398,2968,20,8,602.66
db4b9765,2968,112,6,209.57
daf8f825,2968,88,10,366.29
a21f4641,2969,109,10,662.43
571de937,2969,33,10,34.52
4ffff91b,2969,16,10,112.75
ccb74812,2970,32,8,505.23
a923c76f,2970,77,4,107.21
8531a7ff,2970,31,5,100.15
8effee0f,2971,100,3,499.43
fbadddc9,2972,6,6,94.32
353ded2f,2972,125,8,495.37
44c0a7f7,2972,52,6,635.0
1f1e3c05,2972,98,4,598.38
bd750223,2973,126,6,63.86
6405c8b9,2973,150,1,192.44
30fe7ad6,2973,26,10,269.03
cad8c4f9,2973,44,4,595.46
75e7cc1c,2974,128,1,248.41
480883bd,2975,23,4,
368184d6,2975,150,6,192.44
834b5995,2975,24,5,276.31
140157e4,2975,115,3,317.48
1a2f0e60,2975,89,6,164.35
6feb6043,2976,127,6,105.14
595a3419,2976,81,7,197.74
f94b9f8c,2976,35,7,227.38
835e8f80,2976,63,9,158.85
a518f145,2976,107,6,235.92
10852406,2977,144,3,111.39
eb3fe9dd,2977,31,7,100.15
20c11a35,2977,66,5,41.73
72a73c00,2978,31,8,100.15
afd61306,2978,50,4,447.11
77574b04,2978,60,1,341.45
f980beb2,2978,117,2,143.81
fb969a53,2978,26,9,269.03
86f61a70,2979,43,4,143.8
16cfd03e,2979,119,9,362.46
7fc621c2,2979,7,9,588.01
3cfb5893,2979,40,4,269.82
857fcf1e,2980,36,6,583.1
957f3253,2980,62,6,663.53
9f35799a,2980,17,2,312.14
92118f88,2980,90,5,25.09
e2ff53be,2980,48,9,120.58
9656fb42,2981,41,4,135.18
c29cf171,2981,37,1,659.37
e3897a73,2981,89,10,164.35
26f2e2a0,2981,12,10,249.75
ef21eb0a,2982,134,7,411.75
d68a0d77,2982,61,10,353.88
4c621112,2982,23,1,131.11
1df615b0,2983,114,7,112.98
60959f64,2983,56,5,237.91
040a233e,2984,134,10,411.75
30cd3db7,2984,143,6,485.74
bf22db6b,2984,47,1,256.73
68370d24,2985,79,9,289.74
a368b3a1,2985,37,1,659.37
38a605a7,2985,27,9,304.08
65985849,2986,117,6,143.81
bbb3e5c8,2986,89,5,164.35
c1ad9cb0,2987,54,-3,76.52
c3b5e821,2987,14,4,613.39
c3510c89,2988,117,3,143.81
aaed9b11,2989,40,7,269.82
dde6e0d8,2989,15,8,440.74
40c736d4,2989,55,4,294.55
a50c1af4,2990,112,9,209.57
68abf414,2991,26,4,269.03
63685f42,2991,89,9,164.35
6030240d,2991,95,7,124.61
0768eeed,2991,17,10,312.14
f683f256,2992,78,5,321.17
8c57dd14,2992,94,4,266.93
6b096e33,2992,51,8,114.5
da2058ba,2992,45,6,25.51
73a8454a,2992,131,6,156.26
cd211dc2,2993,128,8,248.41
a0902e0c,2993,144,7,111.39
908f3b14,2993,14,7,613.39
b3c5e5d5,2993,149,7,234.87
3bdb2bc2,2994,81,10,197.74
7394c7b4,2994,85,7,
06e11d54,2994,43,7,143.8
a1c20452,2995,13,5,343.78
8b9bcbf2,2995,2,7,616.23
3a002a1b,2995,47,9,256.73
e993c30d,2996,1,3,247.17
255a7d1a,2996,47,6,256.73
b091e51c,2997,73,5,189.8
ba43193b,2997,35,8,227.38
ad69a006,2997,25,5,302.2
48fa700d,2997,121,2,563.05
6036691a,2997,85,5,300.34
d40c4d73,2998,85,9,300.34
6758871c,2998,18,7,172.05
977daba7,2998,90,10,25.09
b3b3f8dc,2998,141,8,350.19
e9f72e62,2998,34,1,457.44
d84df4c0,2999,118,4,199.93
42282f7c,2999,74,10,309.82
de25b011,2999,7,10,588.01
092d3b8a,2999,14,6,613.39
1bdbd4ae,3000,116,5,353.96
7f1054fe,3000,93,10,85.6
f226748d,3000,54,5,76.52
6ccc9f77,3000,92,10,118.2
e48a25ba,3000,5,5,84.34
df186309,3001,140,7,94.52
881c0413,3002,85,1,300.34
5529110f,3002,86,2,79.11
81f9cc8a,3002,118,6,199.93
caa8de3e,3002,1,8,247.17
43f49d3d,3002,98,1,598.38
441af3bf,3003,55,6,294.55
88a8e34b,3003,139,5,562.91
36265324,3003,98,10,598.38
c0b34cf9,3003,93,10,85.6
6379a349,3004,150,10,192.44
1f380d21,3004,107,10,235.92
d4bc2e4e,3004,96,7,548.63
4926750d,3004,65,10,82.75
7b3ee0e2,3005,5,1,84.34
9870e7e8,3005,20,3,602.66
1b75b0aa,3006,150,2,192.44
a409c5ef,3006,53,5,350.56
4e7c5fe2,3006,144,6,111.39
8fec815a,3007,69,10,130.35
0bf02f7e,3007,139,8,562.91
c8887f4f,3007,1,2,247.17
83f17eac,3007,23,2,131.11
94e74d33,3008,54,4,76.52
f5737104,3008,71,2,485.03
fdf018dd,3008,120,2,32.84
98f668c4,3009,125,10,495.37
435e3097,3009,18,4,172.05
baa64dd2,3009,13,9,343.78
c6be1617,3009,14,5,613.39
1db2a9c7,3010,126,9,63.86
b5ab7d68,3010,26,7,269.03
54afe47a,3011,88,10,
e64be5d6,3012,35,5,227.38
39244e3f,3012,32,9,505.23
b393829d,3013,71,4,485.03
4f43c005,3014,147,3,355.47
58c7decb,3014,24,8,276.31
2f9a66b4,3014,89,9,164.35
42106c3a,3015,40,10,269.82
a9dcdccb,3015,108,9,409.77
a29bb67c,3016,3,1,217.43
b35a7167,3017,97,7,356.16
ed9851a7,3017,87,4,414.86
1144a987,3018,12,2,249.75
baa94663,3018,97,9,356.16
9f7a655c,3019,145,2,173.53
eb162c18,3019,131,10,156.26
f1756fa0,3019,70,10,205.03
25bbb292,3020,15,5,440.74
43136701,3020,79,3,289.74
7a0e1fda,3020,93,7,85.6
d67ef50a,3021,78,5,321.17
8f905390,3021,93,8,85.6
0ce97f7f,3021,75,6,110.22
090840dc,3021,131,9,156.26
c4e3dfff,3022,59,1,333.45
0e5d3fda,3022,122,9,206.63
bb216433,3022,26,4,269.03
a32691cb,3023,55,8,294.55
b9beae87,3023,34,8,457.44
95209b4c,3023,65,3,82.75
26d3b2e1,3024,54,5,76.52
a091f5d7,3025,38,1,323.52
28f04dd5,3025,124,6,476.13
29710dae,3026,42,4,217.34
a235ca52,3027,54,4,76.52
f08bdc16,3027,1,9,247.17
5f8b9f6a,3027,118,6,199.93
aff36525,3027,46,7,35.41
81cced23,3027,23,9,131.11
d5a66008,3028,143,9,485.74
df84d659,3028,149,9,234.87
91821da8,3028,136,2,276.4
f5f90689,3029,128,9,248.41
a4a1ba1b,3029,1,7,247.17
03beefd2,3029,82,6,336.54
7cb9db71,3030,114,3,112.98
6d825118,3030,145,4,173.53
44597c6a,3030,51,1,114.5
28073e24,3030,21,8,210.5
eaa5cdc1,3030,57,3,45.96
12d915a9,3031,79,5,289.74
f84424ad,3031,147,1,355.47
0bb31185,3031,35,2,227.38
ab34ec37,3031,127,10,105.14
1adbbbce,3032,29,10,489.96
91ab403a,3033,75,10,110.22
a2ffc8f8,3033,113,7,576.51
71dcddf5,3033,20,6,602.66
b245aa9c,3033,54,2,76.52
8abc958e,3034,110,7,431.46
a180dd5b,3034,28,9,211.7
d25ce7b6,3034,76,1,272.25
42157886,3034,100,1,499.43
093fa413,3034,57,2,45.96
c1fc947c,3035,5,4,84.34
9832fdc1,3036,150,8,192.44
9266604b,3036,70,8,205.03
2cef617e,3036,24,9,276.31
dc150840,3036,129,2,254.73
dc04334a,3037,138,3,347.46
095da02a,3038,24,3,276.31
3d97a40f,3038,9,4,306.24
e0f88d12,3039,7,6,588.01
86e16fdf,3039,76,9,272.25
2c5b4eca,3039,90,3,25.09
588b8d34,3039,41,6,135.18
0b355c64,3040,20,7,602.66
17ac882d,3040,91,10,390.95
3cfb55f5,3040,99,6,155.1
08d5686f,3041,113,3,576.51
be717903,3041,109,8,662.43
0ec1e5bd,3042,100,2,499.43
7ca467a1,3042,4,5,39.86
808686f9,3042,86,3,79.11
29c6b04a,3042,44,1,595.46
e0d4df6f,3043,137,1,514.29
90d549f0,3043,22,10,224.4
fdfffcc3,3043,102,1,451.88
6adbdc57,3044,18,2,172.05
d9eb9e0b,3044,98,6,598.38
4b47c3d6,3044,95,3,124.61
b128088f,3044,82,5,336.54
b42e2904,3044,24,6,276.31
fa550208,3045,135,7,156.85
0a6ac300,3045,132,4,313.92
b4498f94,3045,95,6,124.61
a7769df0,3045,58,7,504.47
c7f07873,3046,148,10,325.19
162f8168,3046,67,3,144.67
ed902191,3046,42,10,217.34
6b390c65,3047,123,6,476.54
73933261,3047,127,9,105.14
42361b60,3048,124,3,476.13
9dc04f69,3048,131,2,
b4037efe,3048,104,8,112.88
0ab47dce,3048,67,6,144.67
9e270905,3048,57,3,45.96
8fad83bf,3049,119,6,362.46
3a04faa0,3049,28,1,211.7
95eb596c,3049,95,10,124.61
f4112385,3049,19,9,385.52
a8e4ba0e,3049,15,6,440.74
50e5a435,3050,6,2,94.32
841fa66d,3050,71,2,485.03
c14b064d,3051,55,7,294.55
696c7a1f,3051,4,7,39.86
d8d90802,3051,40,9,269.82
8405961e,3052,9,4,306.24
68bf8f26,3052,118,2,199.93
e9603f83,3052,118,10,199.93
81fe5451,3052,60,8,341.45
49603d99,3053,89,10,164.35
34f28b54,3053,13,2,343.78
1ab21a87,3053,114,8,
6c8034fb,3053,119,1,362.46
27894eb7,3053,95,7,124.61
77a87e43,3054,87,4,414.86
522f9504,3054,128,1,248.41
2da43ee1,3054,39,3,547.33
4c687145,3054,102,9,451.88
ec63f73e,3055,32,2,505.23
fd8159d5,3056,29,1,489.96
eea98964,3056,112,10,209.57
012db24d,3056,17,1,312.14
ec03c7c4,3056,79,2,289.74
8c7878dc,3057,39,3,547.33
d9f453a6,3057,66,3,41.73
600cf8fc,3058,111,8,522.96
75d3cb48,3058,125,1,495.37
aa81bff8,3058,84,5,230.04
5462b7ca,3058,100,6,499.43
b8e0a79f,3058,71,3,485.03
c0b16b01,3059,135,1,156.85
40c866bd,3059,89,10,164.35
4f77c29b,3060,36,7,583.1
bc49979f,3060,46,4,35.41
7b3aad6c,3060,83,5,264.39
6523e1dc,3061,5,7,84.34
1ccb59be,3061,34,1,457.44
22379d30,3062,72,5,232.02
7beb5411,3062,131,8,156.26
f80601ff,3062,50,10,447.11
0135d5c9,3062,77,10,107.21
b9dbe145,3063,112,3,209.57
1c66cc8d,3063,41,10,135.18
9331eec4,3063,80,10,26.66
0e3be0a1,3063,11,5,175.83
d48a4c1e,3064,83,9,264.39
4293c4b9,3064,105,6,27.25
c04b6670,3064,31,4,100.15
08697fd0,3064,116,2,353.96
7259413e,3064,120,9,32.84
f4f5e6fe,3065,56,3,237.91
95f080d6,3065,120,7,32.84
a2c77997,3065,137,5,514.29
1ef87163,3065,75,7,110.22
72b9fe56,3065,71,1,485.03
01be5df4,3066,60,7,341.45
ebd80f45,3066,145,5,173.53
47b3445b,3067,35,4,227.38
68820376,3067,63,4,158.85
dbb190a4,3068,107,6,235.92
0926ca53,3068,78,10,321.17
03490d83,3069,52,4,635.0
0b98e654,3069,102,2,451.88
c3b09a97,3069,94,8,
bf6123f3,3069,80,2,26.66
87c15c1f,3069,136,2,276.4
1a8f65b4,3070,42,9,217.34
b1fb09f9,3070,119,7,362.46
da32ba5b,3070,17,7,312.14
137bfcf6,3071,36,2,583.1
a1ae7ce5,3071,10,10,321.2
367f8705,3071,8,10,62.66
7c21afd9,3072,36,1,583.1
8bd78eda,3072,145,5,173.53
a51da5a3,3073,45,7,25.51
18a78ed9,3073,101,8,149.65
16e9705e,3073,26,2,269.03
24a3a97d,3073,16,8,112.75
479715df,3073,129,8,254.73
cc758029,3074,35,10,227.38
28edaad7,3074,66,7,41.73
92d4e76c,3074,51,9,114.5
8bae9401,3074,130,2,366.73
e6a2d1cd,3075,80,1,26.66
b4d9d9ef,3075,122,5,206.63
41478251,3075,75,8,110.22
4f65f358,3075,131,10,156.26
2d0a7029,3075,79,6,289.74
f396dabe,3076,74,6,309.82
edbebb9c,3076,72,3,
c74b7e2b,3076,77,10,107.21
63834ff1,3076,122,8,206.63
fce10e23,3076,96,4,548.63
72bbfa73,3077,140,7,94.52
41cb6907,3077,111,10,522.96
b649db94,3077,61,10,353.88
be757cd9,3078,89,6,164.35
2adaa59f,3079,103,4,560.59
1e5df2cf,3079,56,2,237.91
bb4cbf7e,3080,9,2,306.24
a5ac1845,3080,30,2,230.06
cd14623c,3080,61,4,353.88
cf78d4f2,3080,37,5,659.37
e746a056,3080,32,6,505.23
5631c855,3081,122,2,206.63
a12de8f3,3081,83,10,264.39
a397bcd4,3082,90,5,25.09
6afddaa0,3082,45,6,25.51
128ccaaa,3082,124,4,476.13
cd107f13,3082,51,4,114.5
4c0667e7,3082,40,1,269.82
bb60b14b,3083,143,5,485.74
95fa2fe9,3083,124,6,476.13
3f6c4568,3083,113,3,576.51
bad52cba,3083,91,1,390.95
52b10fa2,3084,81,7,197.74
5c27f4e5,3084,71,5,485.03
d38490c4,3085,23,6,131.11
0bc53634,3085,139,6,562.91
0a52bc23,3086,101,1,149.65
f41769a0,3086,105,4,27.25
0c088965,3087,38,10,323.52
dc23716e,3087,91,7,390.95
1c5411d1,3087,16,8,112.75
952aec07,3087,132,8,313.92
e01435a3,3087,131,5,156.26
97314b26,3088,87,8,414.86
4cc932ef,3089,26,9,269.03
c7d02a60,3089,52,3,635.0
e24344d9,3089,63,7,158.85
c9631c07,3090,104,1,112.88
0c34e434,3090,87,1,414.86
b135ed03,3090,110,7,431.46
437806c8,3090,92,1,118.2
37ac7d87,3091,132,10,313.92
16962302,3092,128,5,248.41
ff79c537,3092,67,2,144.67
1d78520d,3093,134,5,411.75
54d253ec,3093,150,7,
7879bb4a,3093,18,9,172.05
83a8a860,3094,136,9,276.4
83d9758a,3094,149,3,234.87
8c95cbc8,3094,130,10,366.73
0c3fc31f,3094,28,10,211.7
b9fc8ced,3095,135,2,156.85
3280b490,3095,108,1,409.77
af1ca677,3095,134,7,411.75
9a0ae1a6,3095,82,3,336.54
ea34570e,3096,58,3,504.47
4ba8a26a,3096,104,7,112.88
d9e1e600,3096,125,8,495.37
a7d209c1,3097,63,2,158.85
dc6cd921,3097,126,7,63.86
5632ced7,3097,89,6,164.35
0408b126,3097,109,6,662.43
831e2746,3098,87,2,414.86
88a732c9,3098,117,3,143.81
a7b4683e,3098,65,9,82.75
a0ebe0bc,3099,86,1,79.11
2e4b41ab,3099,4,8,39.86
ff8fe0fc,3100,78,5,321.17
bf167b1a,3100,65,9,82.75
43416b63,3100,126,4,63.86
f102516b,3100,46,2,35.41
4ddcbaae,3100,84,9,230.04
92185938,3101,15,4,440.74
b9f6bdff,3102,107,6,235.92
c8bb98a4,3102,110,4,431.46
49ca2e34,3102,76,8,272.25
51605e5e,3102,79,2,289.74
5341011b,3103,7,7,588.01
80e75852,3103,35,10,227.38
547d5bbb,3104,108,3,409.77
92a279b6,3104,108,8,409.77
75698aa3,3104,60,4,341.45
c29ce75c,3104,125,8,495.37
f74fd5cc,3105,121,2,563.05
75368506,3105,134,3,411.75
20de4df6,3105,4,4,39.86
050b6564,3105,10,10,321.2
0e242dc6,3105,131,3,156.26
ea42e043,3106,14,4,
feee9689,3106,102,7,451.88
89db714b,3107,131,9,156.26
c57a7e11,3107,120,9,32.84
2d519ed9,3107,90,9,25.09
4f4ba9e6,3107,92,8,118.2
278733f0,3107,26,5,269.03
7ec3cd65,3108,14,7,613.39
3d3a3f58,3108,46,4,35.41
9c4de37f,3108,91,2,390.95
dd839e78,3109,133,7,512.38
c19eea69,3109,139,10,562.91
8f3e01f2,3110,85,1,300.34
176c3c86,3110,82,3,336.54
2279dd43,3111,96,2,548.63
b28d510d,3112,122,7,206.63
db56425c,3112,146,7,375.4
3449c5d3,3112,8,9,62.66
5e384392,3112,146,3,375.4
5df46ecf,3112,14,5,613.39
e14a157b,3113,37,10,659.37
d079e2ce,3113,39,2,547.33
a4ef0502,3113,51,6,114.5
d77b9248,3113,18,5,172.05
acdb02cb,3113,31,6,100.15
2a293bab,3114,143,10,485.74
380487a5,3114,93,4,85.6
a9d9a35e,3115,148,1,325.19
69765354,3116,9,4,306.24
77a4e2b2,3116,63,8,158.85
a90b46ca,3116,53,5,350.56
8ad4fb9b,3117,147,8,355.47
d39c17b0,3117,20,8,602.66
6da4836a,3117,76,3,272.25
a3e256aa,3117,46,2,35.41
984a8033,3118,21,6,210.5
a741525d,3118,87,1,414.86
fdd9984b,3118,146,7,375.4
5152eef4,3119,100,2,499.43
bdb70596,3120,101,3,149.65
e8f92c53,3120,124,1,476.13
da5cf063,3120,137,7,514.29
e9d35f0b,3121,115,8,317.48
c85c3767,3121,119,2,362.46
0b8f1f8a,3122,98,-8,598.38
faa61b73,3122,126,-1,63.86
40051f37,3122,113,10,576.51
42cdaea8,3122,71,5,485.03
ce3600de,3122,75,-4,110.22
7f07ecd5,3123,108,5,409.77
bb654cbc,3123,145,5,173.53
b2b7d39a,3123,139,7,562.91
2c4c9063,3123,78,10,321.17
44d14c1b,3123,70,10,205.03
2f33b2e1,3124,142,7,409.18
d4bd96e8,3124,53,8,350.56
ef454e51,3124,126,9,63.86
60040c04,3124,84,8,230.04
9c0bf12b,3124,84,-4,230.04
e0242b3a,3125,29,4,489.96
b1cc8170,3125,118,6,199.93
519afb52,3125,42,7,217.34
6c7ab48c,3126,95,8,124.61
b58f7875,3127,65,8,
9c9850b6,3127,143,3,485.74
d0584030,3127,16,8,112.75
15a1de18,3127,37,5,659.37
d36a2d57,3128,62,10,663.53
5e11aa8a,3128,123,10,476.54
5f440946,3128,58,10,504.47
717889b4,3128,51,4,114.5
5d9cf892,3129,134,10,411.75
5d2e6793,3129,132,2,313.92
8f6a9273,3130,97,6,356.16
8acbf4fd,3130,86,1,79.11
dcc0c061,3130,61,8,353.88
6efeb9b3,3130,93,3,85.6
667bc0f1,3131,104,1,112.88
2e7dd1fd,3131,75,3,110.22
4a6df897,3131,90,1,25.09
757cab2b,3131,40,7,269.82
110f9763,3131,137,2,514.29
becb9db0,3132,106,8,13.38
bc0b9a56,3132,124,2,476.13
e572055f,3132,12,6,249.75
c1c03004,3132,111,9,522.96
fe7f2b07,3133,125,5,495.37
b812d772,3133,66,3,41.73
df90b6a8,3134,121,8,563.05
08b3fbb7,3134,136,9,276.4
5bfe260d,3135,55,3,294.55
8da6ad24,3135,61,6,353.88
ad452730,3135,120,7,32.84
af9a219f,3135,90,8,25.09
1860ff7f,3136,120,3,32.84
c7b64618,3136,77,4,107.21
0b285192,3136,91,9,390.95
3999ccd3,3136,7,10,588.01
fc319b5c,3136,131,7,156.26
f0a7c122,3137,81,1,197.74
d4e6906b,3137,69,10,130.35
ee60cbe4,3138,125,6,495.37
dff5577f,3138,83,4,264.39
0bb8342b,3139,125,8,495.37
68abaa0b,3139,114,8,112.98
982a0646,3139,110,5,431.46
51638c7c,3139,22,6,224.4
cc6b24cc,3140,118,6,199.93
9e221935,3140,122,7,206.63
6191216f,3141,138,1,347.46
83865092,3141,92,4,118.2
93d3b9e6,3141,3,2,217.43
51efc2dc,3141,19,3,385.52
e545deeb,3142,21,6,210.5
e42813d2,3143,37,5,659.37
0707b85f,3143,112,6,209.57
7d0a9564,3144,72,2,232.02
ede76e0a,3144,147,10,355.47
8375bc11,3144,115,7,317.48
1f9483a8,3144,14,4,613.39
f6e79896,3144,150,6,192.44
5e1f8d83,3145,4,7,39.86
21e7ae4f,3145,29,2,489.96
b06510e6,3145,125,5,495.37
79f07e4d,3145,29,2,489.96
2c74eb66,3146,59,9,333.45
932c1126,3146,34,9,457.44
0ae14db6,3146,133,10,512.38
ba471efb,3146,145,7,173.53
de0b9fed,3147,142,5,409.18
029ea554,3148,144,4,111.39
e55436b5,3149,91,9,390.95
1f8cfd04,3149,142,2,409.18
24e66f0c,3149,4,10,39.86
35f506c8,3149,110,6,431.46
7a1d093a,3150,96,5,548.63
0562e5b0,3150,121,1,563.05
06306791,3151,2,10,616.23
a8410041,3152,36,4,583.1
92437173,3153,15,6,440.74
f6efef38,3153,6,9,94.32
3f6b864c,3153,118,7,199.93
9f1835e2,3154,150,2,192.44
78042a52,3154,69,4,130.35
fef220cb,3154,11,4,175.83
9cc45146,3154,146,7,
5359b8d8,3155,128,2,248.41
244d305b,3155,79,3,289.74
d7905e1a,3156,13,3,343.78
eb77f7b4,3157,142,2,409.18
e9cae8d1,3157,64,1,319.78
bd5ec8d0,3158,64,8,319.78
4a6be7f0,3158,4,4,39.86
989e14e3,3158,51,3,114.5
ec10b74c,3159,101,7,149.65
41fa497a,3159,86,9,79.11
22c6a769,3159,93,9,85.6
6d0e1165,3159,56,9,237.91
01680f6a,3160,57,9,45.96
97481ccc,3161,13,8,343.78
0e829d7f,3161,71,10,485.03
13fcf702,3161,73,9,189.8
75e896c1,3161,30,6,230.06
649b847f,3162,24,10,276.31
35020b9b,3162,29,8,
54d03a64,3162,105,6,27.25
11300dbf,3163,75,6,110.22
8c2412ec,3163,103,4,560.59
a492f524,3163,109,7,662.43
c7ff0d9b,3163,91,10,390.95
427c26ad,3164,60,9,341.45
a0c73fc9,3164,48,7,120.58
6c2888ef,3164,80,10,26.66
382d7154,3165,141,9,350.19
c52a5180,3165,86,9,79.11
35beff5e,3165,53,4,350.56
51d83ccd,3166,89,7,164.35
a8442ead,3167,122,4,206.63
63538e0f,3167,148,4,325.19
289c06b1,3168,124,7,476.13
45e83cfc,3168,105,9,27.25
8d8acec7,3168,134,9,411.75
51c83e2b,3168,70,4,205.03
b9101f9c,3168,81,8,197.74
1b451a52,3169,50,10,447.11
48bc9264,3169,108,2,409.77
f671091c,3169,88,8,366.29
86ad20b9,3170,75,5,110.22
3b88f9cf,3170,130,1,366.73
e908aaf8,3170,81,2,197.74
c7145986,3170,33,5,34.52
5cda7477,3171,2,2,616.23
57b9eebb,3171,23,8,131.11
e884d255,3172,78,5,321.17
9715ec4f,3172,127,6,105.14
86880e0b,3172,93,7,85.6
908639f4,3173,20,6,602.66
f887ccf1,3174,23,4,131.11
558c1ddc,3174,130,2,
7b242b16,3174,29,10,489.96
2a64a2aa,3174,77,6,107.21
47a8afbd,3174,26,5,269.03
66bf1ff8,3175,125,4,495.37
326a405b,3175,120,3,32.84
ce08f398,3175,20,9,602.66
fe973a5b,3175,134,9,411.75
b6b7eeb4,3175,139,5,562.91
273b72b7,3176,9,8,306.24
79d4fcaa,3176,99,5,
8e55bb78,3177,67,6,144.67
0ba5e5b0,3178,123,4,476.54
80882462,3179,117,3,143.81
6fcb566c,3179,57,7,45.96
2eb55b7b,3179,68,4,25.46
8e7d847a,3179,12,6,249.75
34eee10c,3180,43,7,143.8
3edf24c5,3180,94,5,266.93
ad3097cf,3181,120,4,32.84
8d182c83,3181,25,4,302.2
ac6ce20f,3181,112,5,209.57
855c7af5,3182,118,3,199.93
9af98c1e,3183,30,7,230.06
9ad1b7ff,3184,94,7,266.93
91c972c9,3185,45,7,25.51
b84db799,3185,139,10,562.91
8cbc0fd7,3186,49,9,234.47
feb20aa8,3186,147,5,355.47
4e7cdde3,3187,72,8,232.02
f3fff2a2,3187,114,8,112.98
a98c1003,3188,86,7,79.11
b77f2cee,3188,126,7,63.86
a27043be,3188,15,4,
2713d713,3188,43,3,143.8
497e9b53,3188,133,8,512.38
bccc75a6,3189,74,9,309.82
89d26ff1,3189,74,6,309.82
0bbdafc3,3189,145,9,173.53
a9005e0f,3190,33,6,34.52
c6c45b6e,3190,56,1,237.91
a333e044,3190,88,4,366.29
4e4de100,3190,17,6,312.14
9aafd6f9,3190,74,7,309.82
ee23a086,3191,39,5,547.33
d533783f,3191,122,6,206.63
b2799cbe,3191,140,1,94.52
ffa138d6,3191,55,1,294.55
0cc9dac1,3191,36,4,583.1
f9096e30,3192,132,4,313.92
c66863a0,3193,43,7,143.8
5f72dfa4,3194,82,4,336.54
b62fabb8,3194,10,5,321.2
eb577faf,3195,141,9,350.19
492d4abe,3195,21,2,210.5
c2eb3f2c,3195,26,4,269.03
40a56e34,3195,48,4,120.58
7509c4c4,3195,101,4,149.65
2d7bb6ea,3196,145,4,173.53
6215ce28,3197,64,3,319.78
f26f400e,3197,91,5,390.95
037bba9c,3197,144,8,111.39
b2b7457f,3197,98,1,598.38
95fe3dc1,3198,60,1,341.45
8ee66478,3198,137,7,514.29
13be5ec9,3198,96,1,548.63
bee7337d,3199,145,4,173.53
8a952a26,3199,146,2,375.4
333cfc0d,3199,75,9,110.22
c432e437,3199,118,5,199.93
621ed0ec,3200,10,3,321.2
a28d836d,3201,56,8,237.91
ef7611c2,3201,43,8,143.8
636fc752,3201,103,7,560.59
c4a292e2,3202,55,2,294.55
24e3454f,3202,18,1,172.05
6f464289,3202,91,2,390.95
58e510ba,3203,94,5,266.93
1643e04b,3203,88,6,366.29
2fc4d331,3204,119,6,362.46
ade3c49d,3205,141,7,350.19
d46b271e,3205,85,9,300.34
bb9cf5bd,3205,42,4,217.34
b4c5797e,3205,86,3,79.11
1f844a7b,3205,141,7,350.19
35ddd02a,3206,28,9,211.7
6200ad89,3207,32,5,505.23
61e21d08,3207,92,1,
73acc537,3207,21,4,210.5
a386fd11,3207,70,3,205.03
82e37c5b,3207,57,7,45.96
235b50e8,3208,69,4,130.35
9cb76183,3208,46,5,35.41
640fefce,3208,102,1,451.88
a686a10c,3209,36,6,583.1
03ba0f8b,3210,48,8,120.58
bd895bde,3210,111,9,
831bb53e,3210,26,9,269.03
1bbd79b2,3210,40,5,269.82
796db336,3211,11,10,
168f8474,3211,3,10,217.43
28ea6fd7,3211,4,10,39.86
b1912f8c,3212,121,6,563.05
b8b077fb,3212,113,1,576.51
c2a14add,3212,53,4,350.56
23690ef4,3213,120,8,32.84
1d1f134b,3214,127,3,105.14
bc874383,3214,59,4,
28f5b7b4,3214,48,6,120.58
1345c1e6,3215,18,4,172.05
0002a737,3215,26,6,269.03
0f7e0197,3215,59,10,333.45
c84b460d,3216,111,4,522.96
97bda2bb,3216,55,1,294.55
3d02ea8e,3216,8,4,62.66
4c3a18f4,3217,92,7,118.2
9d27eaef,3217,98,7,598.38
ab43f8a5,3217,79,7,289.74
c817167b,3217,85,2,300.34
44419bb6,3217,44,3,595.46
7c58b344,3218,131,6,156.26
f4a9a18c,3218,115,10,317.48
aa59d0c0,3218,105,6,27.25
7925a0d1,3219,128,1,248.41
2ec89904,3219,2,7,616.23
486e64a1,3220,40,5,269.82
cbf25790,3221,28,7,211.7
cf4be0d3,3221,6,4,94.32
5eced35a,3221,65,2,82.75
c77867f1,3221,33,7,34.52
c11d989f,3222,19,3,385.52
ad874703,3222,67,6,144.67
b5466fbe,3222,125,7,495.37
5177bba4,3223,100,8,499.43
a98c4f41,3223,99,10,155.1
1d398793,3223,2,2,616.23
2619ed91,3223,34,8,457.44
51d06132,3224,116,1,353.96
f5f80c8d,3224,124,2,476.13
9b2b3261,3224,76,10,272.25
29319bd1,3224,139,6,562.91
ee485b15,3224,91,7,390.95
5240b7f6,3225,84,3,230.04
94630111,3225,132,3,313.92
0c5b9aa5,3226,79,2,289.74
c423452d,3226,98,7,598.38
7d730a43,3226,44,10,595.46
bfdc285e,3227,130,6,366.73
c10b9752,3227,146,1,375.4
b97ee7cf,3227,57,5,45.96
27abb22b,3227,19,2,385.52
1fd656d8,3227,55,1,294.55
ab8feb73,3228,147,6,355.47
760277f9,3228,36,10,583.1
9d2c9426,3228,10,8,321.2
91e0d549,3228,53,4,350.56
70102580,3228,57,4,45.96
b9d9366c,3229,150,8,192.44
0ea70bfa,3230,41,8,135.18
bef16323,3230,113,9,576.51
f869cee9,3230,2,9,616.23
40962537,3230,99,7,155.1
b8abe2f5,3230,67,9,144.67
41142cbb,3231,98,9,598.38
eebc5d53,3231,143,5,485.74
c73b2107,3231,32,10,505.23
f9855736,3231,13,3,343.78
9bae3e06,3232,70,4,205.03
9d4d2354,3233,30,2,230.06
607ed445,3234,87,1,414.86
3fe96905,3234,72,10,232.02
fbf9334f,3235,113,2,576.51
9179ea6a,3235,147,9,355.47
7fb7275a,3236,29,7,489.96
bba74cf8,3236,55,7,294.55
2b0281e9,3236,15,9,440.74
86d409d4,3236,30,7,230.06
1a8e28a7,3236,27,4,304.08
aa6336ac,3237,20,1,602.66
edf7e137,3237,41,3,135.18
8bdb4d6b,3237,69,2,130.35
c37493fe,3237,137,4,514.29
766037e7,3238,31,7,100.15
f6da0e31,3238,112,7,209.57
399d103c,3238,123,2,476.54
f9412751,3239,16,3,112.75
52484a58,3240,31,2,100.15
01f6c81a,3240,31,1,100.15
56af1662,3240,34,4,457.44
ba91dfdb,3240,87,10,414.86
8468a522,3240,131,10,156.26
59221979,3241,63,6,158.85
68cced19,3241,103,8,560.59
8969f933,3241,37,8,659.37
395ddb46,3241,47,8,256.73
4b31ce6f,3241,143,5,485.74
13d700fc,3242,51,9,114.5
11ab7184,3243,4,5,39.86
f201531e,3244,43,2,143.8
165294f7,3245,78,4,321.17
2e848a79,3245,80,7,26.66
0b4d7a56,3245,76,3,272.25
51833339,3245,57,5,45.96
961a4761,3245,5,1,84.34
cc36b959,3246,93,1,85.6
5e3be500,3246,94,2,266.93
2af77edc,3246,12,4,249.75
ac3f0134,3246,100,2,499.43
4c790297,3246,28,7,211.7
9ca58e1d,3247,35,1,227.38
6fd12fd0,3247,33,9,34.52
4d452f07,3247,19,9,385.52
49529ef5,3247,101,10,149.65
2a37043c,3248,37,5,659.37
db28c3dc,3249,104,3,112.88
dd0c3543,3249,20,-7,602.66
17ed7847,3249,70,10,205.03
08d59fb5,3249,29,8,489.96
e6fadcf0,3249,50,2,447.11
f73f15d6,3250,97,4,356.16
216dabbe,3250,140,6,94.52
c091b556,3250,89,9,164.35
a175c9f1,3250,14,5,613.39
d3170713,3251,107,6,235.92
2cbac4eb,3251,72,2,232.02
0cbe0bae,3251,100,7,499.43
3efe19f9,3251,29,2,489.96
d06cc8da,3252,87,9,414.86
a500d599,3253,48,7,120.58
e17d2d8f,3253,87,3,414.86
b34fd32e,3253,90,1,25.09
59f66f15,3253,61,4,353.88
7c57029b,3254,13,9,343.78
0eda1bd7,3254,133,4,512.38
7050c1e7,3254,53,5,350.56
1d8f782b,3254,127,9,105.14
4c601d9f,3254,32,1,505.23
14ea5f69,3255,3,10,
fd600b63,3255,64,8,319.78
c98baf3b,3255,89,9,164.35
5c19707e,3255,146,1,375.4
3724b4fd,3255,87,7,
f1755f05,3256,12,10,249.75
4e72715b,3256,119,10,362.46
9a353ec0,3256,50,7,447.11
76d9736d,3256,148,2,325.19
f41c9f9d,3257,49,7,234.47
b54156a7,3257,107,2,235.92
39d39bcb,3257,114,8,112.98
b26023a0,3258,147,5,355.47
74fa9a6f,3258,99,10,155.1
3f52dda1,3258,139,10,562.91
41c04606,3259,67,6,144.67
5a0ec9de,3259,121,1,563.05
2eb7ef9f,3259,121,6,563.05
2d5143c4,3260,21,9,210.5
3c626659,3260,138,9,347.46
0e3fcd7e,3260,114,9,112.98
7ade470c,3261,29,10,489.96
d5fed33c,3262,6,2,94.32
aa9ca8d2,3263,142,3,409.18
0491e823,3263,20,5,602.66
0c3d5a37,3263,80,8,26.66
5af2e489,3263,51,6,114.5
b4eb74b7,3263,48,4,120.58
3e5be68f,3264,3,4,217.43
da9b716f,3264,80,7,26.66
5888fad7,3265,83,5,264.39
73d7d4af,3265,108,2,409.77
3ea1428a,3266,145,1,173.53
37d08e44,3267,72,7,232.02
71a82571,3267,5,10,84.34
7b285298,3267,11,4,175.83
2c91e10d,3267,42,6,217.34
c988a994,3267,18,1,172.05
05fe2270,3268,117,10,143.81
3c870e80,3268,6,1,94.32
e6ede535,3269,61,1,353.88
31ffff93,3270,48,1,120.58
487a41c9,3270,139,10,562.91
481ac6dd,3270,55,10,294.55
ccfb1277,3270,118,1,199.93
daa6c2ca,3271,117,-3,143.81
689d88c5,3271,40,5,269.82
1d01ead6,3271,37,4,659.37
40a12ac9,3271,124,6,476.13
c70d22eb,3272,84,4,230.04
4bfd7916,3272,76,9,272.25
80219597,3272,144,10,111.39
da3d36de,3272,10,8,321.2
b3bc4147,3273,87,8,414.86
b0a0a202,3273,77,6,107.21
3712071a,3273,46,5,35.41
68bea7ba,3273,68,7,25.46
656a947d,3274,103,6,560.59
5a7de2e4,3274,126,4,63.86
5eb48b78,3274,120,8,32.84
d05de9ba,3274,18,5,172.05
bdcc4a10,3274,125,8,495.37
99b32b37,3275,5,4,84.34
17421253,3275,46,8,35.41
5f38a8be,3275,108,1,409.77
9156d63b,3275,130,9,366.73
68c61bbb,3275,73,3,189.8
d4cfa396,3276,104,3,112.88
b5768a21,3276,54,5,76.52
dc950e0c,3276,137,7,514.29
fd84912d,3277,19,4,385.52
96445bef,3278,111,9,522.96
25dbd685,3278,65,7,82.75
bcb445aa,3278,27,8,304.08
d4456621,3278,90,10,25.09
5b64f7ca,3279,48,7,120.58
cde6cb14,3279,68,7,25.46
16508655,3279,40,10,269.82
b0c21fa9,3280,62,-3,663.53
d472aaa2,3280,41,8,135.18
5bac48e5,3280,21,9,210.5
f68897ae,3281,137,5,514.29
410be248,3281,86,6,79.11
9bf22231,3281,75,4,110.22
41e2a1ad,3281,18,4,172.05
2171c426,3281,17,9,312.14
7850d16e,3282,133,4,512.38
34de6168,3282,3,9,217.43
06e5a003,3282,128,4,248.41
e7631d14,3282,117,6,143.81
1f0bcf0b,3282,110,3,431.46
bc0bbc2e,3283,77,7,107.21
0053e8cd,3284,16,7,112.75
f8fbd97d,3284,147,5,355.47
d3bb5a59,3284,14,7,613.39
2017151e,3284,75,7,110.22
30325c66,3284,137,10,514.29
3f605754,3285,22,3,224.4
51aa7ff7,3285,36,1,583.1
3b487989,3285,79,10,289.74
e35a730e,3286,37,3,659.37
ceae00ec,3286,19,6,385.52
a67aa9a1,3286,130,6,366.73
766f72b6,3286,72,1,232.02
7472a75e,3286,100,6,499.43
8a3388c2,3287,128,8,248.41
ca6ffd30,3287,12,4,249.75
2a4e1828,3287,111,1,522.96
fde90197,3287,119,9,362.46
14b782b6,3287,110,8,431.46
f6447663,3288,20,1,602.66
38fe93ea,3288,36,4,583.1
62bdb02a,3288,91,5,390.95
c913a46b,3289,141,6,350.19
bdeab05c,3289,109,5,662.43
145ec653,3290,53,2,350.56
c4f9de1c,3290,21,3,210.5
9f4c960a,3290,129,9,254.73
fffb2797,3290,44,4,595.46
25a2d1e1,3290,69,2,130.35
8859d28c,3291,15,8,440.74
ccae76ec,3292,65,6,82.75
f1586929,3292,121,6,563.05
5263acda,3293,107,9,235.92
1fc6605f,3293,11,3,175.83
f046e953,3294,60,10,341.45
d268bd2c,3294,136,5,276.4
3e6caf16,3294,26,1,
14e38af7,3294,89,9,164.35
ab448b23,3294,122,3,206.63
ca08e0d1,3295,126,2,63.86
89462d2a,3295,48,2,120.58
4de9c777,3295,141,8,350.19
5a342fa5,3296,107,5,235.92
bd382186,3297,1,2,247.17
b2642717,3297,69,4,130.35
176aec56,3297,62,6,663.53
1788ed30,3297,86,1,79.11
6034e18a,3297,31,9,100.15
2a382248,3298,46,3,35.41
519e2f46,3299,61,10,353.88
187e3cea,3299,13,9,343.78
d2faaea7,3300,4,2,39.86
58c51fb6,3301,26,2,269.03
8434debd,3301,12,7,249.75
d6148954,3301,104,9,112.88
85fb20c1,3301,94,8,266.93
c88d88ef,3302,62,6,663.53
856a2848,3302,88,1,366.29
fe6b4769,3303,90,3,25.09
509a9d11,3303,23,7,131.11
e707f65b,3303,81,7,197.74
d587c6ff,3303,107,7,235.92
714eb56c,3304,72,3,232.02
61b3667b,3304,5,1,84.34
9b780a5c,3304,29,4,489.96
f4e2d78d,3305,25,1,302.2
a8961baa,3305,46,4,35.41
b3d207d0,3305,139,4,562.91
bee46917,3305,43,3,143.8
29e3581d,3306,71,2,485.03
391dcc12,3306,119,9,362.46
ac7dec21,3306,112,2,209.57
3f115e95,3307,136,7,276.4
25a5b8a1,3307,128,10,248.41
e1c48558,3307,53,5,350.56
1f78d359,3308,100,4,499.43
6ecca561,3308,89,6,164.35
f17254e2,3309,118,6,199.93
8917ed51,3309,29,9,489.96
b2a77dc1,3309,142,3,409.18
80e6b9f7,3309,138,5,347.46
e5be9721,3310,139,2,562.91
a54c2116,3310,77,2,107.21
f290f051,3310,58,3,504.47
bb6c55a9,3311,64,4,319.78
dd1de2b9,3312,103,1,560.59
6679c533,3313,148,4,325.19
dbbc48dc,3313,40,7,269.82
9925ff8d,3313,120,6,32.84
69d240eb,3313,1,7,247.17
929963fe,3314,93,7,85.6
d127a53b,3314,22,9,224.4
98f61699,3314,23,1,131.11
025bff63,3314,111,5,522.96
9fc39eb6,3314,61,1,353.88
75a92369,3315,149,3,234.87
f74e414d,3315,149,2,234.87
8d7b4228,3315,122,6,206.63
ff60e33d,3315,56,5,237.91
48900225,3316,45,1,25.51
3ccdcba8,3316,146,10,375.4
831ed90e,3316,88,9,366.29
697ea31a,3316,51,6,114.5
f2005dd1,3317,66,5,41.73
a8b091f2,3317,11,9,175.83
9ef18f45,3317,75,9,110.22
535008c2,3317,22,10,224.4
132aba23,3318,130,4,366.73
1ff91a01,3318,49,3,234.47
1282ccd4,3319,23,8,131.11
81545b56,3320,126,4,63.86
9d27b732,3320,82,8,336.54
e6498e92,3320,122,10,206.63
c54e6032,3321,4,2,39.86
5e952b92,3322,141,10,350.19
7c62b37a,3322,21,2,210.5
4288b4cf,3323,143,2,485.74
703a503a,3323,126,3,63.86
6f5c2cfe,3323,115,7,317.48
e81a48cb,3323,20,9,602.66
8005f4d5,3323,80,7,26.66
e21fcd60,3324,53,7,350.56
18bfa8ee,3324,114,5,112.98
b5907cbb,3324,27,5,304.08
03f1ec1e,3324,31,10,100.15
8f1eb21f,3324,4,9,39.86
8b401f60,3325,146,8,375.4
c7ed3e03,3325,149,7,234.87
89d56fc7,3325,97,7,356.16
41b0fdd8,3325,31,7,100.15
f95cda46,3326,129,7,254.73
c50ab927,3326,117,5,143.81
8364d60e,3326,96,10,548.63
d86ddd69,3326,82,10,336.54
4b11acd3,3327,5,1,84.34
ce6d1b53,3327,106,9,13.38
592ee4f7,3328,145,4,173.53
0fdc9a22,3328,24,3,276.31
a27733b5,3328,104,6,112.88
468bab07,3328,140,6,94.52
fb182244,3329,54,3,76.52
237e1ec7,3329,86,9,79.11
1fb20139,3329,150,3,192.44
01ae69b1,3330,89,6,164.35
e5b0ea88,3330,128,7,248.41
0747ee40,3331,113,10,576.51
834d9bf8,3331,3,7,217.43
71c2e01c,3331,22,6,224.4
1e755542,3331,79,5,289.74
904f956f,3331,126,5,63.86
910d9a68,3332,125,2,495.37
ffce9f5d,3332,41,5,135.18
da45d7a1,3332,150,7,192.44
f17e5c3c,3333,27,7,304.08
f5baf125,3334,69,1,130.35
c7bb53ed,3334,144,8,111.39
0877f925,3334,64,3,319.78
d3afe4b0,3334,102,7,451.88
fdacf7eb,3335,119,-2,362.46
29c75990,3336,12,8,249.75
9263ce55,3336,141,1,350.19
f959064f,3336,27,9,304.08
e05fd92d,3336,81,1,197.74
85cfb249,3336,28,2,211.7
dbf4eb0e,3337,105,6,27.25
fbec4788,3337,47,4,256.73
d6c0dfc3,3337,88,6,366.29
17dd95aa,3338,104,4,112.88
b6657b64,3338,52,4,635.0
0b65823b,3338,131,7,156.26
8833d9ae,3338,76,5,272.25
78e3f538,3338,82,1,336.54
fd2beae8,3339,6,7,94.32
a9ddf9e8,3339,123,8,476.54
b371e8ea,3340,39,5,547.33
52034c2c,3340,111,5,522.96
08c3cd1a,3340,81,4,197.74
68f01f68,3341,20,9,602.66
de88a86f,3341,97,4,356.16
2e85c2ac,3341,66,7,41.73
88c3c46e,3342,77,10,107.21
ef9850e3,3342,45,7,25.51
c0f94816,3342,72,4,232.02
2ae12eab,3342,121,1,563.05
58878bdc,3343,25,7,302.2
eebe1d40,3344,33,6,34.52
fae25207,3344,142,7,409.18
21bf3bc4,3345,147,2,355.47
9bd3d09f,3345,55,1,294.55
cdd6323f,3345,62,9,663.53
7f9179e9,3345,44,5,595.46
68053f6c,3345,147,2,355.47
9fb15ebb,3346,22,2,224.4
78137494,3346,39,4,547.33
9e38c93a,3346,84,10,230.04
36c52d95,3346,93,4,85.6
bded7d1e,3346,91,7,390.95
612e6942,3347,6,5,94.32
9c75921a,3347,8,10,62.66
517d6893,3348,141,3,350.19
24abc83f,3348,45,2,25.51
689bd68e,3348,74,7,309.82
3b9f73fe,3348,25,7,302.2
f0253003,3349,113,4,576.51
2b7cd97d,3349,56,3,237.91
f0949ab5,3350,55,7,294.55
7951b199,3350,88,5,366.29
6c7c6913,3351,72,8,
e87239cb,3351,67,8,144.67
6a90f71d,3351,109,5,662.43
034e18f1,3351,1,6,247.17
48f979e5,3352,90,4,25.09
01668dc6,3352,33,5,34.52
e5f926a2,3352,138,4,347.46
fe3093d7,3352,148,10,325.19
328088ce,3353,68,8,25.46
72b9b57e,3353,31,6,100.15
4d7c73e9,3353,110,7,431.46
7e2fac6b,3353,1,2,247.17
ca88477f,3353,48,1,120.58
0956544a,3354,141,8,350.19
3359691d,3355,133,-4,512.38
6ec7d36d,3355,141,3,350.19
0a0c7e95,3355,144,1,111.39
09c4d8f2,3355,122,9,206.63
213c020f,3356,34,6,457.44
e49f4955,3356,71,3,485.03
0d13a77d,3357,41,8,135.18
b6a349a4,3357,149,1,234.87
ff750b6d,3357,4,3,39.86
192fda84,3357,35,6,227.38
75fd6f7c,3357,147,9,355.47
03e26787,3358,111,1,522.96
9e2b3cac,3358,77,1,107.21
260c0d91,3358,120,8,
dfb7e43e,3359,89,1,164.35
56cc63a7,3359,38,5,323.52
b3a9d621,3359,144,10,111.39
ed5a9fa0,3359,13,9,343.78
f471259f,3359,22,3,224.4
2e49eccd,3360,150,10,192.44
0701a23c,3361,114,2,112.98
bb887816,3361,16,4,112.75
16e5164a,3361,129,8,254.73
35552052,3362,81,10,197.74
9c79d40b,3363,35,10,227.38
d9489d62,3363,139,7,562.91
dcf455e1,3364,87,10,414.86
faac9b62,3364,83,8,264.39
fe480451,3365,23,10,131.11
86979c9c,3365,13,4,343.78
beb65cf1,3365,58,6,504.47
f37c5e46,3365,121,3,
17248d27,3366,140,7,94.52
9df89a4f,3367,120,1,32.84
4dbdab1d,3367,78,3,321.17
d9f80d54,3367,29,9,489.96
9fa40f8a,3368,38,7,323.52
33d304dd,3368,31,8,100.15
92c7266e,3368,100,7,499.43
1a5d9661,3369,6,1,94.32
4cd13d91,3369,15,2,
34c7dd4e,3370,70,4,205.03
4e715270,3370,68,10,25.46
5fdcc280,3370,132,10,313.92
84733f42,3370,149,8,234.87
488492df,3370,84,2,230.04
a126e827,3371,11,4,175.83
d74404dd,3371,66,9,41.73
33fe32e3,3372,12,10,249.75
7e535c99,3372,2,7,616.23
36ef9b18,3372,139,2,562.91
0e218294,3372,49,4,234.47
183bb11e,3372,44,7,595.46
08ab6591,3373,89,1,164.35
21e5142e,3373,146,1,375.4
1815a699,3374,29,1,489.96
f08a301d,3375,42,1,217.34
302a13a3,3376,92,9,118.2
5ae05c7c,3376,135,6,156.85
85b97c95,3376,99,6,155.1
d8926703,3377,38,7,323.52
22ed5c4e,3377,32,1,505.23
5e6663ef,3377,143,7,485.74
e0aa1043,3377,62,3,663.53
d2254d7c,3378,31,8,100.15
df356fa1,3378,45,6,25.51
d6a8c476,3379,113,8,576.51
0315a62f,3379,25,9,302.2
a83c4cbb,3379,69,5,130.35
65a97bb9,3379,112,1,209.57
d560de72,3379,36,6,583.1
0aaf575b,3380,77,6,107.21
ca033f36,3381,17,5,312.14
5dc26a33,3381,5,2,84.34
a8ded5e3,3381,68,1,25.46
d5f62722,3382,80,10,26.66
9446809c,3382,96,3,548.63
133cd223,3382,64,9,319.78
66a0c65e,3383,118,7,199.93
9b1d6cb1,3383,92,3,118.2
484596a0,3384,124,10,
62b2e7c4,3384,89,9,164.35
dd5b6e96,3385,141,4,350.19
cf8b61a5,3386,27,10,304.08
c845ce50,3386,31,7,100.15
c301a1e0,3386,59,6,333.45
c383fe95,3386,22,8,224.4
09b9b5a2,3387,53,3,350.56
ac32e408,3387,49,6,234.47
6f215857,3387,35,8,227.38
8dd01961,3388,34,1,457.44
bf7888e7,3388,58,1,504.47
718553c4,3388,103,8,
036e438b,3388,117,2,143.81
d0fc6e3a,3388,96,4,548.63
5ddeea85,3389,83,7,264.39
9dc6e070,3389,143,8,485.74
28936b09,3389,131,5,156.26
085bf8da,3390,29,6,489.96
0fad5388,3390,107,5,235.92
ce8735b2,3390,17,7,312.14
3bdc041b,3390,54,1,76.52
506cd980,3391,12,-8,249.75
bb9b78e9,3391,22,6,224.4
05adae09,3391,23,3,131.11
4f886b1f,3391,26,3,269.03
f771b303,3391,50,5,447.11
6dcb9a28,3392,69,6,130.35
128b8704,3393,39,6,547.33
1c5eba01,3393,27,2,304.08
e9408499,3393,12,4,249.75
c250e576,3393,123,5,476.54
84cd83a9,3394,45,4,25.51
680606f9,3394,34,3,457.44
0cdf641a,3394,60,8,341.45
e58bae06,3394,80,4,26.66
1e61d1a6,3395,116,3,353.96
6833b5d7,3395,82,3,336.54
5f3b93e7,3395,114,1,112.98
54a832cd,3396,108,8,409.77
29cbdf72,3396,13,2,343.78
10031cd8,3396,63,2,158.85
1f10d3a2,3396,30,1,230.06
f18152ca,3396,101,1,149.65
50b7cb47,3397,107,9,235.92
3ffd5619,3397,23,1,131.11
8eab9ab7,3397,92,4,118.2
78ce594a,3398,47,-10,256.73
94cf4ce0,3398,55,3,294.55
c8327497,3398,140,1,94.52
da1dfb2b,3398,112,6,209.57
3dba24f4,3398,81,5,197.74
e62b9d6b,3399,109,4,662.43
52a15d3f,3399,76,6,272.25
2b85b179,3399,67,10,144.67
ebe95173,3399,17,2,312.14
4e97edc8,3399,68,8,25.46
f1f6cdb3,3400,70,10,205.03
361d2c16,3400,78,9,321.17
f4f1a2e8,3401,78,6,321.17
6eb6bf4b,3401,31,6,100.15
39a04858,3401,24,5,276.31
d63be0e2,3401,123,2,476.54
40c1c24c,3401,22,5,224.4
9216c496,3402,34,4,457.44
8b445b51,3402,68,6,25.46
dc84141f,3402,38,6,323.52
7dacb6e5,3403,106,8,13.38
dd6b3a20,3403,56,1,237.91
331bf5db,3403,118,9,199.93
a3de91c5,3403,55,5,294.55
1e8a8dc9,3404,145,2,173.53
e3cd6f07,3404,150,4,192.44
9a07e615,3404,145,2,173.53
03234b55,3404,83,1,264.39
d793663a,3405,10,7,321.2
bf64782a,3405,23,5,131.11
d3d23c64,3405,129,6,254.73
b33b0a26,3406,42,8,217.34
c7bfcd22,3407,69,6,130.35
9b7d4e2a,3408,88,4,366.29
bd7e4c96,3408,67,7,144.67
c2be8e9a,3408,67,6,144.67
ecde77fb,3409,19,10,385.52
67de37a0,3409,129,5,254.73
6f2f4016,3410,15,9,440.74
a793da3e,3410,60,1,341.45
34e3f74e,3410,48,3,120.58
c3522067,3411,105,10,27.25
c0df2999,3412,141,3,350.19
857d66bc,3412,105,8,27.25
6d6c5777,3412,5,1,84.34
da44c04b,3412,124,8,476.13
922cfe7f,3413,90,10,25.09
a3d0b07a,3413,24,4,276.31
5eeab254,3413,14,2,613.39
76b18d93,3413,51,7,114.5
c6dc36d4,3414,85,7,300.34
f08e2402,3414,23,5,131.11
9f591520,3414,19,10,385.52
5345d633,3414,85,8,300.34
e2c6363f,3415,26,7,269.03
7d6cd3cc,3415,142,6,409.18
03d2e33b,3415,1,3,247.17
c7738061,3416,54,7,76.52
67eb5a0a,3417,52,10,635.0
6c599b44,3417,137,9,514.29
56b097d1,3417,100,9,
ea94b69c,3418,136,6,276.4
c3988940,3418,51,1,114.5
8de84d00,3418,109,2,662.43
1e4e17bc,3419,114,1,112.98
b72f4c40,3419,67,3,144.67
383aeb8a,3419,90,1,25.09
e86704bd,3419,2,8,616.23
04c6f0d1,3420,22,1,224.4
aa863c1d,3420,150,2,192.44
ea7bfd24,3420,7,6,588.01
71238927,3420,76,9,272.25
cb5084a3,3421,128,2,248.41
4b540da6,3421,133,8,512.38
e5987e61,3421,90,2,25.09
29761db3,3422,52,8,635.0
78554549,3422,17,7,312.14
44efb40c,3423,59,1,333.45
b8d26d20,3423,149,5,234.87
990fc424,3423,26,5,269.03
95c8d90d,3423,148,3,325.19
e845a9a3,3424,126,8,63.86
44351138,3424,62,8,663.53
a32df847,3424,97,8,356.16
62a82121,3424,53,8,350.56
7db4c39f,3425,133,6,512.38
c5ef3be7,3426,31,7,100.15
442bd7da,3426,141,3,350.19
0d83be8b,3426,70,4,205.03
2695f7d9,3427,134,4,411.75
69e904a2,3428,22,2,224.4
05860fb8,3429,67,9,144.67
a82ef03b,3429,122,10,206.63
a6925359,3429,71,3,485.03
24c18e70,3429,48,2,120.58
70087cc6,3430,3,9,217.43
7decc414,3430,12,10,249.75
b35feecc,3431,105,5,27.25
2a107b8b,3431,80,8,26.66
4866f37d,3431,28,6,211.7
f248a6a5,3431,103,7,560.59
4c27e20a,3432,147,8,355.47
b90ca0ac,3432,61,2,353.88
85efad33,3432,113,1,576.51
508627d6,3432,62,4,663.53
e4895d5a,3433,93,1,85.6
fa5eb4f5,3433,6,4,94.32
24a434b8,3433,83,7,264.39
a14642a4,3434,40,8,269.82
4f96045c,3434,34,7,457.44
81f79655,3434,71,10,485.03
e50ab761,3434,76,8,272.25
23e0eb11,3434,117,6,143.81
959532e6,3435,111,1,522.96
36423373,3435,34,4,457.44
1b48645b,3435,5,1,84.34
e8b9f2bd,3435,121,-9,563.05
77fb0d5f,3435,142,3,409.18
20399747,3436,39,3,547.33
dc1bc1f8,3436,132,9,313.92
f3f1d5ec,3437,39,4,547.33
d543d0e9,3437,79,5,289.74
c22faa59,3437,101,1,149.65
bb9eaec1,3437,21,5,210.5
b4a3e6c2,3437,70,9,205.03
347a4ab4,3438,33,3,34.52
78cd90ac,3438,109,7,662.43
f643b94d,3439,131,7,156.26
a311496b,3440,82,3,336.54
f07871d4,3440,92,5,118.2
57decee7,3441,127,5,105.14
f9c94435,3442,52,1,635.0
351a6aa5,3442,94,1,266.93
9cd5313b,3442,113,5,576.51
3a524911,3443,141,-4,350.19
7eb22ece,3444,124,6,476.13
bfc4be1b,3444,133,8,512.38
013a341d,3444,82,8,336.54
2ec02c7c,3444,86,4,79.11
bcb002a3,3445,75,1,110.22
64e31bae,3446,44,8,595.46
8fa8ac38,3446,31,3,100.15
13db0eef,3446,119,10,362.46
2f9c4a78,3446,139,1,562.91
70de2bd6,3447,117,6,143.81
583b0e08,3447,63,8,158.85
f2bafc64,3448,83,6,264.39
1cdb5c7d,3449,12,7,249.75
93077919,3449,77,5,107.21
1b444fb8,3449,131,10,156.26
03ede2ba,3449,126,2,63.86
f44c9a0e,3450,43,5,143.8
22bd8b40,3450,35,4,227.38
c683d562,3450,3,9,217.43
a7a32003,3450,137,8,514.29
d07ca52d,3450,82,6,
040d2f36,3451,59,9,333.45
d5a79798,3451,49,6,234.47
6cde582c,3451,64,8,319.78
414739c2,3451,147,6,355.47
6d85d9e7,3451,70,9,205.03
5f5e5131,3452,139,8,562.91
12e41109,3452,145,8,173.53
fd5b468e,3452,150,3,192.44
e47f199b,3452,10,10,321.2
0d0cf03b,3452,61,10,353.88
2e2c51bd,3453,46,1,35.41
63302894,3454,57,9,45.96
a86677f2,3454,18,10,172.05
5fca2b91,3454,123,1,476.54
9d6ea7b0,3454,138,7,347.46
ca614dbf,3455,90,2,25.09
cb56585f,3455,43,8,143.8
f683e42f,3455,86,8,79.11
6b2e4001,3455,130,1,366.73
5afd484b,3455,129,5,254.73
899ce12c,3456,125,6,495.37
5270cbc6,3456,44,8,595.46
f16d1b3e,3456,38,4,323.52
f81fb484,3456,69,4,130.35
100ae41b,3457,113,6,576.51
be4d4d66,3457,120,8,32.84
c13af52d,3457,131,5,156.26
afc153ad,3457,78,7,321.17
b49f39bb,3457,113,5,576.51
6055aeae,3458,112,10,209.57
d69376a6,3458,75,7,110.22
69b0ebef,3458,145,2,173.53
04283f65,3458,50,7,447.11
a456aa63,3458,1,9,247.17
7893321b,3459,139,4,562.91
dd875dee,3460,123,5,476.54
d23b029c,3460,13,4,343.78
e566d208,3461,60,10,341.45
978a7669,3461,67,5,144.67
bfb8761f,3461,90,5,25.09
6fef856b,3461,42,8,217.34
25619180,3461,45,5,25.51
0584a389,3462,117,5,143.81
b120bd4b,3462,143,7,485.74
c9a0a095,3462,67,3,144.67
ad524bd6,3462,97,2,356.16
8f809560,3463,22,9,224.4
05d2dcf6,3463,53,1,350.56
7fc0e895,3464,46,9,35.41
89186921,3464,22,3,224.4
d5b09989,3464,143,2,485.74
acbbfd86,3464,9,3,306.24
65df2347,3464,44,6,595.46
6f9fcadb,3465,130,5,366.73
bb6440f8,3465,47,9,256.73
200b80fd,3466,34,1,457.44
3b870f59,3467,31,3,100.15
77fb21ba,3468,132,4,313.92
603ea7be,3468,126,3,63.86
a0c445ed,3468,56,8,237.91
0a587aba,3468,107,9,235.92
e49640ac,3469,127,10,105.14
1ec467b2,3470,40,1,269.82
601eb3d3,3470,110,6,431.46
e623d249,3470,24,10,276.31
0e2750fc,3471,149,4,234.87
9af620b5,3471,26,1,269.03
08147596,3471,45,9,25.51
178202de,3472,121,6,563.05
4d549e6a,3472,87,10,414.86
349c21b4,3472,31,3,100.15
68bcac65,3472,122,3,206.63
b460e16d,3473,4,4,39.86
4ccbe99a,3473,82,9,336.54
a4b1cf1a,3473,110,8,431.46
129c8548,3473,97,8,356.16
5d11f5a6,3473,145,1,173.53
569e9c7a,3474,110,3,431.46
2855bb0a,3474,77,1,107.21
d23a792a,3475,44,10,595.46
51a5b736,3475,100,5,499.43
42843542,3475,18,5,172.05
04e931a0,3475,78,5,321.17
04fa15ca,3476,5,6,84.34
7fbdc510,3476,77,2,107.21
5ec32287,3476,46,3,35.41
0dd3456c,3476,103,1,560.59
067abc9b,3476,60,6,341.45
775286de,3477,104,4,112.88
12f6862c,3477,139,1,562.91
9c59f400,3477,9,-8,306.24
d4ff7751,3478,125,6,495.37
5761e90a,3478,42,7,217.34
128a1bcb,3479,84,7,230.04
c2cd6e66,3479,65,8,82.75
11cd4fed,3479,27,3,304.08
664651be,3479,138,10,347.46
6ec41043,3479,86,9,79.11
92a2cb7e,3480,131,2,156.26
0964fb95,3480,12,10,249.75
113a8184,3480,148,9,325.19
9d8fc6ca,3480,142,8,409.18
a4e8b0c2,3480,122,4,206.63
685df426,3481,82,8,336.54
65e47060,3481,119,1,362.46
a2886ad0,3481,88,6,366.29
bf6bd6f1,3481,49,5,234.47
aea58925,3481,107,5,235.92
d71ea628,3482,22,2,224.4
10683cc2,3482,94,3,266.93
599a445c,3482,22,6,224.4
4ef28016,3482,42,7,217.34
84fcffd7,3483,33,8,34.52
fc475359,3484,61,2,353.88
5d66d465,3484,72,7,232.02
2743aabb,3484,103,5,560.59
e83081cd,3484,42,4,217.34
ba1c9abf,3484,138,4,347.46
170791df,3485,149,4,234.87
5b324672,3485,74,9,309.82
7db35a0e,3486,110,7,431.46
427783d6,3486,115,2,317.48
ae5ffebd,3487,53,3,350.56
945d5d12,3488,131,7,156.26
2ac8d002,3488,149,2,234.87
7a8f149c,3488,127,8,105.14
7e120910,3488,38,10,323.52
36bd2fd0,3489,35,10,227.38
334ab143,3490,41,8,135.18
6aca5342,3490,102,7,451.88
36dcfabe,3490,74,3,309.82
a75cf31e,3490,55,9,294.55
10ad8f99,3491,30,8,230.06
dc712574,3491,76,5,272.25
48c28fd5,3491,76,9,272.25
5f62472c,3491,30,8,
80c7ab56,3492,53,4,350.56
a2ae7158,3492,58,5,504.47
7106a39c,3493,57,8,45.96
37ae521f,3493,98,5,598.38
549ff1a5,3493,99,9,155.1
5019378f,3494,34,8,457.44
deae15d5,3494,135,5,156.85
79b60f05,3494,106,4,13.38
87807e8c,3494,92,1,118.2
ecf7bfda,3494,146,2,375.4
44004835,3495,87,10,414.86
3ea1a90b,3495,22,10,224.4
9248c693,3495,125,1,495.37
f06e7213,3496,146,2,375.4
ed414d90,3496,19,1,385.52
aa1e2dd6,3496,53,9,350.56
bbdbfde1,3497,6,5,94.32
268d35ea,3498,139,8,562.91
29229066,3499,111,6,522.96
1394159a,3500,99,3,155.1
a2100df6,3500,83,5,264.39
14e700d2,3500,23,1,131.11
2e24c3a9,3500,128,4,248.41
6da29201,3501,120,1,32.84
087145c9,3501,133,8,512.38
3ad3e905,3501,135,4,156.85
e76db253,3501,148,6,325.19
4c53f21a,3502,6,1,94.32
ab6a63ee,3503,64,3,319.78
52c84f76,3503,41,8,135.18
e1d92a11,3503,143,4,485.74
e80b4592,3503,42,3,217.34
c3f69da6,3504,61,3,353.88
ab33180f,3504,1,2,247.17
4ca64775,3504,66,7,41.73
0784247e,3505,84,5,230.04
711babe0,3505,81,3,197.74
fdea00b5,3506,71,5,485.03
e1b9e456,3507,62,5,663.53
83afdaae,3507,105,1,27.25
d0818c62,3507,124,7,476.13
18f5845a,3507,101,6,149.65
f4db7367,3507,40,3,269.82
74b8a5af,3508,94,7,266.93
200b46b4,3508,80,3,26.66
9c7d48c2,3508,88,1,366.29
fcb29144,3508,93,3,85.6
7c02af3a,3508,80,10,26.66
01ddd9e0,3509,91,3,390.95
c683c460,3510,74,3,309.82
bbc26844,3510,57,6,45.96
58e44d8d,3510,57,2,45.96
2b528c60,3510,63,9,158.85
9734b35e,3510,97,3,356.16
6cbf00f7,3511,56,8,237.91
742519a7,3511,124,8,476.13
06a4b8c1,3511,112,6,209.57
d25f2530,3512,100,10,499.43
7df5f00f,3512,142,10,409.18
18794d64,3512,63,8,158.85
1efa203b,3512,136,2,276.4
94cbc320,3513,146,9,375.4
394c74b5,3513,137,8,514.29
6e7730be,3513,118,6,199.93
12846938,3514,94,2,266.93
e2263b22,3514,140,2,94.52
6d3e86a4,3514,98,2,598.38
1832fca1,3515,113,3,576.51
4ab4e3f8,3516,55,2,294.55
884240f3,3516,67,3,144.67
69fff274,3517,107,10,235.92
f53a6c2f,3518,33,2,34.52
f1c89a13,3518,115,2,
c56cf5bc,3519,9,8,306.24
8bd78423,3519,116,6,353.96
1bdfd315,3520,77,9,107.21
0fd06c01,3520,16,6,112.75
e52a70fa,3521,15,5,440.74
e5fcebe3,3522,117,1,143.81
9234a132,3523,78,5,321.17
e3eafe0c,3523,141,2,350.19
6a51a282,3524,149,8,234.87
1d6bc0d5,3524,61,6,353.88
0ee48523,3524,88,5,366.29
66469c11,3524,106,5,13.38
867c3253,3525,70,4,205.03
e8d242da,3525,49,2,234.47
b6f96f1b,3525,60,10,341.45
5f495672,3525,120,3,32.84
74a8359e,3526,133,5,512.38
b041c623,3526,46,3,35.41
60a044f6,3526,97,1,356.16
3e9b2106,3526,14,7,613.39
d1129b15,3526,33,6,34.52
c01237b9,3527,90,2,25.09
2ded237f,3527,104,8,112.88
68a87622,3527,17,1,312.14
ec84e7a3,3528,76,4,272.25
d4100465,3528,5,9,84.34
a47ec2b3,3528,89,5,164.35
101ccb85,3528,62,6,663.53
e6e50305,3529,108,9,409.77
8db35d93,3529,50,3,447.11
61dfe0fe,3530,47,8,256.73
da2c68e3,3530,102,-10,451.88
e5af202d,3531,3,6,217.43
5fb5fade,3532,42,3,217.34
b4090c4c,3532,42,1,217.34
d8bb4c65,3532,39,4,547.33
c2b672b8,3532,13,4,343.78
19df3757,3533,54,6,76.52
5bfd6436,3533,33,2,34.52
a5d8bfe3,3534,145,5,173.53
0589b5b8,3534,87,9,414.86
ce0644e0,3535,139,6,562.91
67df8624,3536,83,4,264.39
22c34bc1,3536,128,8,248.41
536eaa00,3536,149,5,234.87
fd735929,3537,101,2,149.65
ae385cf9,3537,59,4,333.45
249c3a21,3537,132,1,313.92
812cefdf,3537,67,2,144.67
67bdabee,3537,119,-8,362.46
9c130a56,3538,9,7,306.24
17373134,3538,127,7,105.14
7ad5c021,3538,109,8,662.43
caf5ae81,3538,71,10,485.03
06978c16,3538,58,6,504.47
c3a7eec7,3539,56,4,237.91
0127eaf0,3539,109,6,662.43
7b9d6037,3539,40,3,269.82
8983ad4f,3539,14,10,613.39
165ef3ff,3540,105,6,27.25
47d48a39,3540,43,5,143.8
0fc63bce,3540,56,4,237.91
3d10b23d,3541,99,10,155.1
953b2135,3541,131,10,156.26
3ea4a69b,3541,26,5,269.03
323201fc,3541,122,4,206.63
6fbfee37,3542,22,2,224.4
53da2211,3542,132,7,313.92
a8b44402,3542,68,8,25.46
eed4bc7c,3542,135,8,
e30a5eea,3542,17,9,312.14
86f644ea,3543,37,7,659.37
b8d1c62a,3543,22,9,224.4
e1d2ed75,3543,15,2,440.74
56eeda23,3544,90,5,25.09
f08fe2cd,3544,150,10,192.44
9ee41799,3544,137,6,514.29
06cee5a6,3544,32,8,505.23
4c23d836,3545,8,5,62.66
91712470,3545,43,9,143.8
dba0f001,3546,118,1,199.93
20dca2c6,3546,61,6,353.88
794266ec,3546,23,9,131.11
8627773c,3546,8,5,62.66
7f00032b,3546,46,5,35.41
dd74aa88,3547,146,10,375.4
b100847b,3547,118,3,199.93
ad113b59,3547,26,6,269.03
5ea4ee2e,3547,142,7,409.18
41b30473,3547,69,3,130.35
11cb67d3,3548,83,5,264.39
927fb8ee,3548,100,5,499.43
9023c693,3548,41,4,135.18
8cb44480,3548,129,5,254.73
9a237620,3548,125,7,495.37
aa9b7ce0,3549,73,2,189.8
3ab132a6,3549,61,5,353.88
aea9b52d,3549,53,8,350.56
80f33808,3549,119,3,362.46
8290141e,3550,63,9,158.85
3d0747fa,3550,15,6,440.74
638ae701,3551,96,5,548.63
3c15823d,3551,14,10,613.39
e0e467a8,3551,69,7,130.35
f2d1f495,3551,63,9,158.85
5058aa0c,3551,104,1,112.88
8e0e10c8,3552,117,8,143.81
b24106a8,3552,36,5,583.1
f308c6ca,3552,56,10,237.91
1aec2e8d,3552,101,2,149.65
1ca7defd,3552,54,3,76.52
5ac38848,3553,113,5,576.51
775eeb24,3553,49,7,234.47
c9155aed,3553,135,1,156.85
4801f657,3553,120,2,32.84
bed83b74,3554,30,3,230.06
23cd34d9,3555,100,4,499.43
aecb3810,3555,54,7,76.52
25bd113a,3555,30,4,230.06
2cfa5ff1,3556,73,3,189.8
1a7aef94,3556,147,9,355.47
be0aba19,3557,128,1,248.41
fe719a5e,3557,60,4,341.45
8ec92c73,3557,146,4,375.4
325c668d,3557,89,-10,164.35
0e98257e,3557,34,10,457.44
9412202c,3558,114,1,112.98
d67ff3e8,3559,13,8,343.78
892dbcfd,3560,35,4,227.38
d3e18b9e,3560,109,5,662.43
74b793c5,3561,62,9,
9d8173f0,3561,56,4,237.91
7ca29b81,3561,112,8,209.57
40e5b5f8,3561,51,7,114.5
b2f24437,3562,74,6,309.82
5ad78019,3562,82,9,336.54
17c97034,3562,20,1,602.66
2fffe1f5,3562,74,3,309.82
cdad0f8e,3563,126,9,63.86
11b588cd,3563,88,9,366.29
c3761963,3564,144,10,111.39
48e669b8,3565,37,8,659.37
430a35a9,3565,133,4,512.38
f7243552,3565,80,5,26.66
5329b744,3565,138,4,347.46
ff844615,3566,36,5,583.1
32afb4cf,3566,127,9,105.14
d9705ba9,3566,128,1,248.41
ecf12d71,3567,17,6,312.14
2bf1c54c,3567,24,1,276.31
31fec327,3568,62,5,663.53
dbaa9fff,3568,40,5,269.82
d7db0975,3568,100,4,499.43
934f1469,3568,41,7,135.18
0717e6ed,3568,17,9,312.14
d4da8bbe,3569,121,7,563.05
43f9cca3,3569,48,10,120.58
569e9676,3569,6,5,94.32
0a4ec8ef,3569,94,9,266.93
51f9655a,3569,24,5,276.31
3579d27b,3570,46,4,35.41
32fe6feb,3570,30,8,230.06
033d6ad7,3571,130,9,366.73
961d1bf8,3572,108,10,409.77
525efe0f,3573,122,1,206.63
3107922d,3573,13,5,343.78
17fc2df1,3573,135,8,156.85
8be9e855,3573,85,3,300.34
0cfeee3b,3573,134,5,411.75
449282b4,3574,45,2,25.51
a4d87817,3574,123,1,476.54
7ebcd5cf,3574,55,6,294.55
8b2a5557,3575,22,6,224.4
1de3c5f0,3575,131,9,156.26
3e5f6620,3575,101,1,149.65
e73660fe,3575,80,4,26.66
65857fe9,3576,129,10,254.73
f6e68748,3576,89,6,164.35
f8fffa2f,3576,108,5,409.77
f2c41a77,3577,12,6,249.75
d8f1863c,3577,31,6,100.15
2609155e,3577,61,-6,353.88
bcd8637a,3578,9,10,306.24
3b42871c,3578,17,10,312.14
3cb109f4,3579,55,2,294.55
2309c0d5,3579,53,9,350.56
872bb4c6,3579,91,6,390.95
a8a13113,3579,16,3,
d6c9ba67,3580,127,10,105.14
5817998e,3580,95,2,124.61
d250b918,3580,72,7,232.02
605f7c67,3581,30,3,230.06
b65987a1,3581,11,8,175.83
f73145e5,3581,58,5,504.47
2b7a0d60,3581,114,2,112.98
555f203c,3581,16,2,112.75
64bf5732,3582,62,5,663.53
ff0548ce,3582,111,4,522.96
0dcae34a,3583,83,4,264.39
d52e3f96,3583,34,9,457.44
66752590,3584,13,1,343.78
faeed8b8,3584,127,6,105.14
dcfe6f08,3585,38,9,323.52
e00eb038,3586,125,9,495.37
59edc801,3586,59,6,333.45
5546063b,3586,10,3,321.2
7d41b7d0,3586,29,5,489.96
8ac89a2b,3586,131,5,156.26
d72f3d5b,3587,120,10,32.84
25efdde3,3587,107,10,235.92
cc7d8565,3587,51,10,114.5
5aafed14,3588,120,1,32.84
3bd6e8ad,3588,49,4,234.47
7f6639cf,3588,70,9,205.03
3978ec70,3589,121,5,563.05
77c7b66a,3589,127,4,105.14
f54adc00,3590,6,1,94.32
3f61a395,3590,2,4,616.23
2c393af7,3591,147,8,355.47
42a3119b,3592,74,4,309.82
a766a997,3592,78,5,321.17
faa7c68b,3593,38,4,323.52
913ab927,3593,137,9,514.29
1a7829c0,3593,60,8,341.45
7a6083bf,3594,126,4,63.86
7bb9fa2b,3594,125,2,495.37
b1856049,3594,88,5,366.29
f999adef,3594,134,7,411.75
977b3044,3594,140,8,94.52
49305b08,3595,33,8,34.52
fd2b7d2d,3595,62,3,663.53
18fda864,3596,83,10,264.39
2bd14a9a,3596,13,3,343.78
9632fe2d,3596,31,1,100.15
43813139,3596,72,9,232.02
271f7812,3597,134,3,411.75
defe7030,3598,67,5,144.67
764653d2,3598,17,4,312.14
7e04bb90,3598,10,7,321.2
a54179d9,3598,73,7,189.8
2dc8a447,3598,67,8,144.67
2c5c8a03,3599,83,6,264.39
70e54540,3599,101,4,149.65
62a0025e,3600,119,8,362.46
26724634,3601,35,3,227.38
c402482d,3601,49,10,234.47
f6e78a3d,3601,35,9,227.38
fa7e85ab,3601,67,2,144.67
762551a9,3602,71,6,485.03
9cfa4d0e,3602,149,10,234.87
f68863d1,3602,125,7,495.37
8e5b2175,3602,122,4,206.63
19001e40,3603,26,5,269.03
866d96f5,3603,16,1,112.75
6317fae2,3604,101,4,149.65
f524c9f2,3604,46,7,35.41
db8c5124,3604,128,5,248.41
ac9c3a30,3605,84,3,
6c2f59b3,3605,64,5,319.78
d3daa40f,3605,130,10,366.73
24f9fac6,3605,1,10,247.17
8fb88bc6,3606,101,5,149.65
18cdcf3f,3606,51,6,114.5
4093a1f7,3606,87,7,414.86
bf38ee15,3607,35,7,227.38
3356266e,3607,135,9,156.85
63cf9160,3608,111,2,522.96
91b2792d,3608,113,4,576.51
1fcf3de3,3608,118,8,199.93
59c0b624,3608,18,5,172.05
c5c30e04,3609,114,7,112.98
3f4f4b0d,3609,26,7,269.03
d5886c7e,3609,70,4,205.03
f061e6f7,3610,120,10,32.84
c43cfcc8,3610,54,4,76.52
8c636df3,3610,143,10,485.74
5777c4e4,3610,126,4,63.86
a491ee9f,3611,129,8,254.73
343048b8,3611,99,3,155.1
13e4174f,3611,147,9,355.47
529b6f33,3611,30,1,230.06
05e50308,3611,119,4,362.46
71f2a422,3612,10,10,321.2
599cd48c,3612,67,8,144.67
834a0f9d,3612,42,10,217.34
08a3ccfb,3613,40,10,269.82
457d170b,3614,60,7,341.45
b82a8555,3614,110,4,431.46
100778f7,3614,96,3,548.63
1894ae89,3614,5,8,
b9d10341,3614,3,9,217.43
1a4d3f8d,3615,14,2,613.39
75c5a721,3615,39,9,
54bc1527,3616,124,10,476.13
5094c0eb,3616,138,7,347.46
6cdf080d,3616,96,7,548.63
334f9c5c,3616,67,1,144.67
174d302e,3617,46,5,35.41
7aa5a39f,3617,22,7,224.4
f6d71492,3617,93,9,85.6
56aff6bb,3617,47,7,256.73
0969a2e7,3617,14,5,613.39
af91eda4,3618,51,9,114.5
9ec650e4,3618,31,3,100.15
048ef742,3619,143,6,485.74
90866b41,3619,76,3,272.25
2ab60ce8,3619,146,9,375.4
07870bc3,3619,117,1,143.81
a5a27616,3620,35,7,227.38
30b408ac,3620,84,3,230.04
1620c8d8,3621,129,10,254.73
b0324f89,3621,110,7,431.46
e8ae3c47,3621,30,1,230.06
fe2aa786,3622,12,1,
dad6bebc,3622,64,7,319.78
445a298d,3622,131,3,156.26
c27961c0,3622,47,3,256.73
2a08725e,3623,48,2,120.58
2eacdb2f,3623,6,3,94.32
b1b69885,3623,7,10,588.01
1e3d23aa,3624,41,6,135.18
080f2757,3624,100,6,499.43
426c0529,3624,57,7,45.96
d3ae1f82,3624,83,1,264.39
45c7170f,3625,124,6,476.13
f72ea900,3625,16,4,112.75
478641fb,3626,61,3,353.88
19708ddb,3627,11,10,175.83
da551333,3627,6,7,94.32
9b0eebbf,3627,141,2,350.19
4abcf782,3627,121,2,563.05
3bcb5df3,3627,16,8,112.75
44d6733a,3628,14,7,613.39
b1fb17cf,3628,120,9,32.84
4ab5fdf2,3628,49,10,234.47
98c3838a,3629,49,9,234.47
845f3c7e,3629,130,10,366.73
28ff0ffd,3629,65,3,82.75
2cf207fd,3629,14,4,613.39
ed2fbdb4,3629,127,4,105.14
56d530a8,3630,50,3,447.11
3f136827,3630,107,10,235.92
e72aeb29,3630,32,1,505.23
c5fad0d0,3631,142,7,409.18
269d9bf7,3631,49,4,234.47
fd399aeb,3632,24,2,276.31
849c49dc,3632,73,7,189.8
e2e15f94,3633,65,2,82.75
bb96db1d,3633,117,4,143.81
0f4c2e9c,3634,147,3,355.47
61e6c94c,3635,71,1,485.03
12d093c9,3635,53,1,350.56
b17e6fd6,3635,99,9,155.1
33cf130b,3635,115,3,317.48
a4b4f7cf,3636,30,4,230.06
ec1b3d93,3636,50,1,447.11
1bbd2271,3636,27,6,304.08
0cc2ec1f,3636,142,10,409.18
f047580a,3637,58,4,504.47
c7358a78,3637,83,1,264.39
859b2fed,3637,105,1,27.25
b53382d7,3637,50,1,447.11
906bcba2,3637,49,5,234.47
e69590b4,3638,138,6,347.46
e7686eaa,3638,62,2,663.53
6b09e047,3638,40,8,269.82
89a62b88,3638,76,9,272.25
41dcc3bc,3638,93,7,85.6
47198ef8,3639,90,6,25.09
b57ba845,3640,85,4,300.34
5c7a08e8,3641,87,10,414.86
e54de4d9,3641,69,2,130.35
d2dc7c08,3641,34,10,457.44
b74c84fa,3641,134,-2,411.75
3d373968,3642,116,10,353.96
192946e8,3642,92,5,118.2
f6a8ebdc,3642,129,6,254.73
7aae0e79,3643,100,10,499.43
e71cb4df,3643,141,8,350.19
aa923b7c,3643,149,10,234.87
4ecd262e,3643,140,5,94.52
f8f1d6ee,3643,102,1,451.88
f17ad214,3644,79,1,289.74
dbc6e178,3644,27,10,304.08
1b07ed70,3644,48,1,120.58
3ed139a1,3644,128,4,248.41
13d513d3,3644,129,2,
e3ed307d,3645,120,8,32.84
b1374e92,3645,127,10,105.14
05023f1d,3646,27,4,304.08
873e8268,3646,64,3,319.78
b1fc3c50,3647,78,2,321.17
44092a66,3647,46,3,35.41
99418c8f,3647,29,2,489.96
ba5d30fc,3648,132,6,313.92
6daf3306,3648,105,2,27.25
d7e6b553,3648,100,9,
277b574c,3649,126,4,63.86
3ac8963a,3649,86,2,79.11
922f8acb,3649,101,1,149.65
34826659,3649,45,1,25.51
43c6ab85,3650,6,2,94.32
0e4a1025,3650,88,7,366.29
acbfeb20,3650,53,5,350.56
ba69f45a,3651,5,5,84.34
7b9bbacd,3652,118,8,199.93
f6f42530,3652,129,4,254.73
256c0032,3652,39,1,547.33
a01ab82f,3652,25,7,302.2
219364d4,3652,22,10,224.4
6ee13165,3653,18,5,172.05
9c13183b,3653,121,1,563.05
d92fb671,3653,122,4,206.63
46b58687,3653,100,8,499.43
47367219,3653,79,7,289.74
39e8cdb3,3654,37,5,659.37
b551c45e,3654,147,7,355.47
2469fd8b,3654,115,8,317.48
0211ffb5,3654,126,3,63.86
768554a6,3654,43,10,143.8
c9f78844,3655,19,9,385.52
5552bdbf,3655,74,7,309.82
1ef6995a,3655,39,8,547.33
fc19c216,3656,43,7,143.8
e6f8c7c0,3656,110,10,431.46
a0032c9a,3656,57,9,45.96
b635bb4e,3656,87,9,414.86
3d0fa009,3657,70,8,205.03
14606f53,3657,77,1,107.21
39413c63,3658,109,2,662.43
c9ee092e,3658,104,5,112.88
21826660,3658,7,8,588.01
e259268b,3658,101,7,
89f154a8,3659,124,9,476.13
318259b0,3659,97,7,356.16
281a676a,3660,79,3,289.74
c27536be,3660,131,5,156.26
4840defa,3660,138,8,347.46
2aba3597,3660,28,3,211.7
f4b36feb,3661,142,8,409.18
25f5e5f8,3661,74,9,309.82
8b5f7cc8,3662,46,8,35.41
51c0639d,3662,3,5,217.43
d970a93e,3662,121,4,563.05
a7337014,3662,101,9,149.65
a86c9b7c,3663,100,6,499.43
3bdc13de,3663,138,7,347.46
e3195c4a,3664,33,9,34.52
51fff798,3664,108,5,409.77
d47982dc,3664,30,7,230.06
a60018db,3665,98,3,598.38
7918c924,3665,96,4,548.63
2995c384,3666,36,4,583.1
3c8f95da,3666,94,2,266.93
d450c318,3666,80,6,26.66
742d4b42,3666,107,4,235.92
e6f9f326,3666,94,3,266.93
aa193403,3667,23,1,131.11
286c5093,3668,12,10,249.75
8a6e9f3a,3669,22,6,224.4
75250db6,3669,64,3,319.78
ddec4d64,3669,126,1,63.86
27de4a96,3669,139,7,562.91
368fddf4,3669,12,3,249.75
beb485d8,3670,66,10,41.73
e64b7f19,3670,90,7,25.09
4fd1828c,3671,67,9,144.67
9126f339,3671,23,2,131.11
76c40752,3671,57,7,45.96
a97ec7e0,3671,79,5,289.74
a3d333c0,3672,37,7,659.37
73b3b5de,3672,69,6,130.35
c6a0d426,3673,103,9,560.59
2c97fbee,3674,15,6,440.74
be40e505,3674,110,7,431.46
1a0e23cd,3674,20,8,602.66
68bdf1fe,3674,98,2,598.38
ba5a3096,3674,121,4,563.05
4ee43bca,3675,128,3,248.41
6c352dbe,3676,110,10,431.46
40b7888c,3677,96,7,548.63
4debfd61,3677,140,9,94.52
760e5666,3678,143,1,485.74
6e840487,3678,71,2,485.03
52f9968d,3678,148,6,325.19
f2b252eb,3679,88,7,366.29
e97cab86,3679,121,3,563.05
285b8280,3679,109,2,662.43
a0907e8a,3679,59,3,333.45
47940bff,3680,73,10,189.8
16f12390,3680,148,8,325.19
ab43d696,3680,99,6,155.1
417e9631,3680,128,2,248.41
8e5dc70f,3680,124,6,476.13
419f3f3e,3681,113,6,576.51
1a000198,3682,72,1,232.02
b8ba2669,3682,9,10,306.24
e8d9d1cc,3683,108,8,409.77
7840ab0e,3683,130,4,366.73
ef57df2d,3683,46,7,35.41
cdd20289,3683,52,2,635.0
d1b389fc,3684,19,3,385.52
42392f69,3684,122,9,206.63
e3606023,3685,150,2,192.44
6c3d7fc6,3686,55,10,294.55
55ce3dac,3687,71,7,485.03
3294d211,3688,89,3,164.35
1472b83d,3689,131,7,156.26
1d4a3703,3689,47,3,256.73
83d8c347,3689,14,1,613.39
cfa50d0a,3690,79,2,289.74
025829c9,3690,15,2,440.74
5d284324,3690,54,5,
d937570f,3690,97,9,356.16
5d4b609c,3690,18,8,172.05
af5887a7,3691,143,2,485.74
c54a7f3d,3691,37,2,659.37
18881d0a,3691,28,3,211.7
752153fb,3691,88,9,366.29
f1757288,3691,94,10,
9dc8c391,3692,92,9,118.2
62068b64,3693,40,1,269.82
87c92496,3693,8,3,62.66
e5f9f82c,3693,94,1,266.93
556d6b19,3693,61,10,353.88
a102589f,3694,102,1,451.88
1a1957e5,3694,143,3,485.74
a393cbf3,3694,4,8,39.86
01c32708,3694,54,5,76.52
0d932693,3694,120,6,32.84
d531abfe,3695,44,4,595.46
3aaf1373,3695,96,1,548.63
9d667ef3,3695,124,7,476.13
7c247909,3695,35,2,227.38
420022e7,3696,39,7,547.33
e014371e,3697,58,9,504.47
735641d3,3697,16,10,112.75
a67efb9b,3697,131,2,156.26
26244e7a,3698,63,1,158.85
35aff3f2,3698,9,2,306.24
6f204f48,3698,16,6,112.75
c5d3a435,3698,21,9,210.5
c89c6761,3698,106,8,13.38
975d9062,3699,7,4,588.01
b01c2749,3699,32,1,505.23
951d2b26,3699,91,10,390.95
c9951081,3699,48,3,120.58
211ef782,3699,70,5,205.03
f9bc308d,3700,89,10,164.35
1fe51e42,3700,35,1,227.38
f3e7e5b3,3700,99,5,155.1
c4c8883a,3700,142,4,409.18
0dc124fc,3701,46,2,35.41
5a7f7566,3701,44,5,595.46
e502885c,3701,89,2,164.35
a052eade,3701,10,9,321.2
510ad796,3701,116,-9,353.96
d9ca2479,3702,79,8,289.74
a551fd09,3702,68,3,25.46
7ad350b3,3702,92,8,118.2
979852ff,3703,123,1,476.54
81feba4a,3703,123,10,
0f3392f2,3703,68,7,25.46
a6091b29,3704,113,3,576.51
af2d819c,3705,19,7,385.52
0735846d,3706,39,3,547.33
aa4386a1,3706,43,7,
62984b1f,3707,5,10,84.34
d2ba569f,3707,32,10,505.23
7ada6f3d,3707,66,2,41.73
9f39092b,3707,64,2,319.78
263649f8,3707,133,10,512.38
4dad8aff,3708,37,10,659.37
1d0682df,3709,54,1,76.52
d2a8f76f,3709,130,8,366.73
56b265bb,3709,6,-10,94.32
c8775e28,3709,124,8,476.13
c1a63313,3710,119,9,362.46
4f578808,3710,63,10,158.85
1bc3a040,3710,135,6,156.85
d0015a42,3710,58,2,504.47
225e87ee,3711,32,10,505.23
df092e28,3711,44,4,595.46
adb08ca0,3711,45,6,25.51
89c1a0d4,3712,135,9,156.85
331db6b9,3712,27,8,
2f9426b3,3712,134,8,411.75
e3c19a18,3713,111,5,522.96
413b615b,3713,3,9,217.43
6734dcac,3713,87,5,414.86
44bbda58,3713,128,6,248.41
796eb561,3713,141,2,350.19
a9356bbb,3714,121,9,563.05
4f1ddc63,3714,29,1,489.96
d9004b20,3714,31,7,100.15
c59f575b,3715,108,10,409.77
22f5a48a,3715,108,9,409.77
46310559,3715,89,2,164.35
f911719a,3715,5,8,84.34
f42c3430,3716,74,10,309.82
54ab6e51,3717,4,2,39.86
39e0bdcf,3717,133,5,512.38
b2929aee,3717,69,7,130.35
47041362,3717,31,10,100.15
b8a8fba9,3718,51,10,114.5
4140e37b,3718,91,4,390.95
50c3a213,3718,144,4,111.39
5d1f56b3,3719,30,4,230.06
8116d902,3719,105,10,27.25
a1203de9,3719,35,4,227.38
6344aedd,3719,57,6,45.96
1bda7426,3719,128,9,248.41
afb2d3b0,3720,14,5,613.39
b3fc10e7,3720,128,2,248.41
db92c258,3720,70,3,205.03
266da1fb,3720,97,10,356.16
965da352,3721,42,9,217.34
855705c8,3721,69,8,130.35
23e5fa94,3721,77,6,107.21
0aeded53,3722,77,3,107.21
2cc9dc6f,3722,49,7,
94f90664,3722,142,1,409.18
eb17ad17,3722,139,8,562.91
efd49a44,3723,10,1,321.2
7aca4e9b,3723,88,8,366.29
13fb29f0,3724,13,2,343.78
b216db27,3724,149,2,234.87
07c8c531,3724,111,5,522.96
7ce08580,3724,86,9,79.11
e0f1413c,3725,76,8,272.25
9242cf30,3725,10,4,321.2
beb0cd67,3725,136,5,276.4
dc0980be,3725,17,7,312.14
bce54232,3725,135,6,156.85
51a6ffdc,3726,48,4,120.58
678ab8ff,3726,24,8,276.31
c17af5f6,3727,137,10,514.29
6eb6d7a1,3728,22,10,224.4
ccf8bb0e,3729,108,1,409.77
ca3d4b7a,3729,63,4,158.85
b2006b0e,3729,148,8,325.19
e0a61366,3730,71,6,485.03
ff86244e,3730,67,7,144.67
022cae20,3730,123,4,476.54
35117836,3731,98,7,598.38
123a38d4,3732,31,3,100.15
20efb555,3732,23,10,131.11
b70fb20b,3733,14,8,613.39
8f8a5b70,3733,138,8,347.46
ef836d1c,3734,61,8,353.88
1a298e8b,3734,67,4,144.67
b8663dab,3734,117,6,143.81
5dc8f913,3735,110,3,431.46
37af85c1,3735,77,8,107.21
e55db042,3735,10,1,321.2
2195833a,3736,40,7,269.82
f2758032,3736,143,2,485.74
7d6212c8,3736,140,6,94.52
83a25d02,3736,15,1,440.74
9ffd6e16,3736,103,6,560.59
01f58f19,3737,81,7,197.74
a0710d7d,3737,120,8,32.84
421436ff,3737,18,3,
213100b8,3738,7,5,588.01
4fa64063,3738,7,8,588.01
e3a40d44,3738,70,3,205.03
976c2f32,3739,77,4,107.21
0c8fb7f8,3739,133,3,512.38
25c41dc5,3740,119,8,362.46
4809c887,3740,74,2,309.82
6f04a573,3740,115,3,317.48
aea1244c,3740,117,4,143.81
5f3823c2,3740,55,7,294.55
b9b510cc,3741,93,4,85.6
984b90c9,3741,94,3,266.93
15bea92a,3741,64,6,319.78
49383174,3741,147,6,355.47
98448872,3741,75,4,110.22
e2b51150,3742,61,1,353.88
3837702a,3742,143,7,485.74
32c22074,3742,68,2,25.46
c6d5b9f5,3742,40,6,269.82
8bfda38d,3743,128,6,248.41
afe1c99b,3743,13,2,343.78
206adea7,3743,5,9,84.34
5405972d,3743,52,10,635.0
acfb4165,3744,100,6,499.43
09dffe7e,3745,16,10,112.75
0f779029,3745,102,9,451.88
40227c8c,3745,91,2,390.95
68c2b41e,3745,79,1,289.74
72e7b413,3746,71,3,485.03
f006df41,3746,6,4,94.32
ebc669f4,3746,63,7,158.85
3ef7b430,3746,40,2,269.82
3b463bf5,3747,100,1,499.43
bfe008a1,3747,79,10,289.74
7824039f,3747,106,7,13.38
813e682a,3747,32,7,505.23
159090c2,3747,83,8,264.39
2ea5b254,3748,76,4,272.25
d38c8dc0,3749,19,3,385.52
12ece38e,3750,56,9,237.91
82d49a37,3751,128,9,248.41
ade2b96d,3752,3,7,217.43
9b2e05da,3752,131,9,156.26
8c8f9e08,3752,51,2,114.5
52545484,3752,139,4,562.91
1b0003cd,3753,12,2,249.75
d193411c,3753,93,5,85.6
c363cfba,3753,72,7,232.02
ff3bf42f,3753,134,5,411.75
50f94a0b,3754,125,3,495.37
b42c692b,3754,4,2,39.86
0be30f66,3755,106,3,13.38
bb888594,3755,47,4,
07fa8c9d,3755,35,7,227.38
a13fd4bf,3756,59,9,333.45
3eb07df4,3757,24,8,276.31
b086b587,3758,36,5,583.1
782bcf05,3758,123,1,476.54
ea945686,3758,23,2,131.11
dc596855,3759,27,4,304.08
2802c5f0,3759,123,5,476.54
fc3e552b,3759,92,7,118.2
ac078859,3759,126,6,63.86
30296ac1,3760,93,4,85.6
1e9d3cc0,3760,105,6,27.25
be8b3643,3760,128,4,248.41
7abd6de3,3760,79,9,289.74
0614df79,3760,16,1,112.75
862be9aa,3761,19,3,385.52
f6aa5fb0,3761,8,7,62.66
b4110616,3762,140,8,94.52
a9ef9ab1,3762,34,9,457.44
4c8abde2,3762,24,8,276.31
c8cd510a,3762,125,5,495.37
cba1a69f,3762,39,2,547.33
c93ab7b4,3763,143,10,485.74
3d46b60e,3763,52,7,635.0
a10995c1,3763,107,9,235.92
7b8fab88,3764,40,7,269.82
3525253f,3764,33,8,34.52
77868cc3,3764,79,6,289.74
2f600515,3764,1,10,247.17
5a52038f,3764,55,4,294.55
b70d68c0,3765,42,5,217.34
ff152b5f,3766,115,4,317.48
fb72132a,3766,100,4,499.43
042434e4,3767,146,2,375.4
0cb7ec08,3767,19,6,385.52
8eb97f65,3767,19,9,385.52
e7c8a3c3,3768,51,7,114.5
fdde7522,3768,135,7,156.85
d03a0aae,3768,142,3,409.18
97987a02,3768,96,2,548.63
f6abf57a,3768,85,3,300.34
da76240b,3769,54,2,76.52
cac6d6cd,3769,27,1,304.08
ac31c5ef,3769,55,3,294.55
a5d66c58,3770,21,5,210.5
5b3d344a,3771,96,2,548.63
9a05b63b,3771,60,-4,341.45
90042f67,3771,68,9,25.46
10c267a8,3772,108,7,409.77
8a6ad2a3,3772,91,6,390.95
93a5acaf,3772,113,3,576.51
ef27ed0b,3773,123,2,476.54
9d37af23,3773,41,3,135.18
31ec5132,3774,145,7,173.53
ab0bdde1,3774,99,5,155.1
8dc89eca,3774,26,9,269.03
aad93d6d,3775,133,1,512.38
8aff8f6a,3776,102,2,451.88
ef73eddd,3777,110,6,431.46
a3ecb431,3777,58,2,504.47
4472ed26,3777,6,9,94.32
dbcd2320,3777,86,8,79.11
d8cd574d,3777,31,7,100.15
ffedce34,3778,135,7,156.85
dd1e6f97,3778,140,9,94.52
6af835eb,3778,141,3,350.19
b35e0b7f,3778,95,3,124.61
10f6744c,3779,74,2,309.82
a17e7499,3780,28,9,211.7
1fcf72c2,3780,98,8,598.38
fe7def17,3780,52,5,635.0
48e4310e,3780,83,2,264.39
d908361d,3780,104,7,112.88
b93fa4f8,3781,7,3,588.01
a5ee8be0,3781,52,5,635.0
accc0488,3781,144,4,111.39
3cacc3df,3781,98,10,598.38
e500eece,3782,6,1,94.32
e1e00a58,3782,75,6,110.22
7cb61fdd,3782,70,1,205.03
e60613bc,3782,114,9,112.98
14cbc060,3782,12,4,249.75
cd9aa255,3783,71,1,485.03
1b3637f5,3783,48,7,120.58
43d4884f,3783,42,3,217.34
71e30a97,3783,92,4,118.2
f786c040,3784,52,3,635.0
1e09c34c,3784,35,1,227.38
e24404f3,3784,71,10,485.03
59ab0a70,3784,148,8,
36172a35,3784,117,6,143.81
44687a96,3785,53,1,350.56
79125dac,3786,14,5,613.39
e130e97a,3786,125,3,495.37
d1af8255,3786,22,10,224.4
6913668d,3787,8,1,62.66
44116099,3787,38,1,323.52
6b55e1ee,3787,138,9,347.46
dfcdfdda,3787,149,8,234.87
462f721b,3788,122,1,206.63
30a8d08a,3788,44,5,595.46
091ab805,3788,73,4,189.8
9a4d8e9d,3788,33,10,34.52
f4310b07,3788,25,1,302.2
99f2b459,3789,48,6,120.58
18843fe7,3789,68,3,25.46
b9cd2357,3789,132,4,313.92
67b7f4d0,3790,49,1,234.47
9fafd188,3790,139,9,562.91
7b2778ec,3790,85,5,300.34
b2c7c885,3790,141,3,350.19
370fa153,3790,140,7,94.52
bf35da3b,3791,77,7,107.21
1db5bbfa,3791,40,3,269.82
38b7dfdb,3791,103,5,560.59
11957e84,3791,78,7,321.17
8abdccd4,3792,93,9,85.6
d2e8a1cb,3792,14,7,613.39
b4c9e5b9,3792,39,5,547.33
87940ce8,3792,111,1,522.96
72924fef,3793,26,7,269.03
2781a03a,3794,42,7,217.34
4df68b2f,3795,41,1,135.18
aba16731,3795,80,2,26.66
aaca1e2b,3795,34,5,457.44
9ffcd55c,3795,92,-5,118.2
a6ca9c37,3796,101,2,149.65
f5ff5dc6,3796,71,8,485.03
20ad6240,3796,126,4,63.86
4dc1a002,3796,146,8,375.4
33724db4,3797,114,5,112.98
3efed230,3797,122,2,206.63
9964a41d,3797,112,8,209.57
8f5aa041,3797,19,5,385.52
b9ed083e,3798,60,7,341.45
0a556c78,3798,34,-10,457.44
418172cf,3798,133,4,512.38
a5a80f80,3798,119,2,362.46
221794d9,3799,77,10,107.21
80ced317,3799,81,8,197.74
c4acc601,3799,108,5,409.77
f3a9e6aa,3800,68,2,25.46
45a67b1f,3800,94,7,266.93
5c7cfd72,3800,56,10,237.91
29bd8d98,3800,11,2,175.83
f611d26b,3800,99,4,155.1
5df47ce3,3801,70,10,205.03
22b6296d,3801,118,6,199.93
cefb3bcc,3801,109,8,662.43
a22d512a,3801,66,10,41.73
ad2890c7,3801,131,2,156.26
24eafd79,3802,43,5,143.8
0441d282,3802,109,5,662.43
480f9010,3802,35,5,227.38
16470301,3803,4,1,39.86
56cf7bb8,3804,129,2,254.73
8db5e416,3805,103,10,560.59
f63cea98,3805,22,9,224.4
f5126d6b,3805,91,4,390.95
1c072bff,3806,56,5,237.91
3b8bb08e,3806,128,6,248.41
cb2e9cfe,3806,85,1,300.34
cb5127ea,3807,71,1,485.03
f3827f0f,3807,77,3,107.21
08ac93ff,3807,12,9,249.75
6a533a39,3808,93,6,85.6
f95d1062,3809,69,2,130.35
9da1bddf,3809,111,7,522.96
1e2cb1d6,3809,56,7,237.91
052273ec,3810,34,9,457.44
1e58a173,3810,91,4,390.95
ef90f315,3810,74,5,309.82
c6eac7c1,3810,32,8,505.23
6d732728,3811,31,2,100.15
434d4344,3811,76,7,272.25
ee26c70e,3811,98,2,598.38
718e2403,3812,66,6,41.73
a8c256ec,3813,58,2,504.47
18c82257,3813,31,4,100.15
fff0b3e9,3813,20,3,602.66
83b00af8,3813,98,7,598.38
37c6f887,3813,29,4,489.96
65a1dfb3,3814,71,5,485.03
f7c5a6c4,3815,3,6,217.43
df315115,3815,143,5,485.74
f2f3dd49,3815,57,10,45.96
daa3e92e,3815,8,8,62.66
b078c4e2,3816,63,7,158.85
73946468,3816,114,6,112.98
bbdfc222,3817,37,6,659.37
2ece317b,3817,62,9,663.53
4344b1d5,3817,97,2,356.16
0d4c721b,3818,87,1,414.86
c9208ee7,3818,16,8,112.75
42328d06,3818,136,6,276.4
a9bf3e1e,3818,100,7,499.43
adf704fe,3818,55,10,294.55
0e8d501a,3819,148,8,325.19
092f1967,3819,31,2,100.15
eb84baac,3819,92,10,118.2
d792fec2,3819,59,10,333.45
6245209f,3820,131,2,156.26
2a7828a6,3820,95,10,124.61
25b289c1,3821,73,5,189.8
0257bfbd,3821,99,5,155.1
3d8bd33d,3822,40,5,269.82
baf78537,3822,34,4,457.44
64779a08,3822,104,9,112.88
3cfeca09,3822,64,10,319.78
5be519ba,3822,100,1,499.43
42cfd26d,3823,29,10,489.96
9c9c9de2,3823,129,8,254.73
12164aa6,3823,93,7,85.6
ec2c7cca,3823,4,4,39.86
d8bf6126,3823,139,7,562.91
ae861b99,3824,80,9,26.66
7fd16d2e,3824,106,5,13.38
238ae76c,3825,89,10,164.35
904edc0e,3825,68,2,25.46
96b1f5c7,3825,77,5,107.21
7b072ddf,3825,149,2,234.87
2e8fe60e,3826,66,8,
aad30f2f,3827,29,8,489.96
53cf6ac5,3828,67,5,144.67
d3487b8f,3828,114,2,112.98
2495a4f3,3829,45,9,25.51
da75979e,3829,96,2,548.63
8f100da7,3829,123,5,476.54
bcc2134b,3830,101,6,149.65
b2d4e2cc,3830,121,1,563.05
1eced601,3830,42,4,217.34
f837f029,3831,131,3,156.26
53fbd852,3831,2,4,616.23
bb59dafc,3832,114,10,112.98
aa10b1b2,3832,111,3,522.96
c3939fe9,3833,120,3,32.84
66b7914e,3833,17,10,312.14
dab3b0bc,3833,133,6,512.38
25186bf4,3834,124,1,476.13
31259c3a,3834,142,5,409.18
a35907de,3834,81,5,197.74
3146c618,3834,83,5,264.39
ad69a5be,3834,116,3,353.96
ed9d0890,3835,103,8,560.59
c5d09036,3835,61,8,353.88
c41bde1c,3836,20,8,602.66
855ab901,3836,91,6,390.95
236d8e05,3837,31,7,100.15
4d6bc69f,3837,90,7,25.09
38e9dc79,3838,126,1,
59170367,3838,106,7,13.38
c3a3e9a5,3838,110,1,431.46
a5c0003d,3838,117,2,143.81
3d1f7a1e,3839,137,9,514.29
8b3f329e,3840,100,2,499.43
e41f5209,3840,107,1,235.92
63815e33,3840,24,1,276.31
57def8a1,3840,143,3,485.74
e8a2e35a,3840,61,6,353.88
8119fd4c,3841,4,1,39.86
c69919b3,3841,69,5,130.35
f7996a50,3841,122,2,206.63
c1686a02,3841,59,5,333.45
38d2a271,3841,84,6,230.04
d8680b50,3842,144,3,111.39
d84a24d2,3843,59,10,333.45
f78cedf6,3843,112,10,209.57
fd6d9a37,3844,53,5,350.56
ea453a95,3844,141,10,350.19
dcef4f8c,3844,123,2,476.54
fa36ab99,3845,4,9,39.86
8a226e9a,3845,3,7,217.43
dbca7df0,3845,16,7,112.75
75dcdf8b,3845,23,9,131.11
50c22b29,3846,11,8,175.83
0ab2838d,3847,83,4,264.39
3647428b,3847,38,5,323.52
ba6b7d02,3847,92,3,118.2
a7720d6c,3847,21,2,210.5
d614e54c,3847,76,9,272.25
e977f9cb,3848,95,9,124.61
abc5e456,3848,45,8,25.51
a81644c8,3848,105,9,27.25
80d90b19,3848,105,10,27.25
1cc4bf19,3848,131,5,156.26
dd43beb9,3849,146,10,375.4
1191a938,3850,66,10,41.73
e2019923,3850,119,9,362.46
4670fd8e,3851,44,4,595.46
7efddd9a,3851,122,2,206.63
91e3779c,3851,99,6,155.1
1e4f4aa0,3852,20,9,602.66
e51f7f13,3852,18,1,172.05
91f8b124,3852,140,10,94.52
c536ced2,3852,57,8,45.96
fbf44f85,3852,12,5,249.75
ea3785e4,3853,66,6,41.73
678ac42e,3853,35,6,227.38
a094c8cf,3853,17,10,312.14
23494a29,3854,34,7,457.44
98efbc49,3855,23,5,131.11
eab06134,3856,139,9,562.91
c6bac239,3857,79,4,289.74
9b1a7802,3857,41,3,135.18
897f1678,3857,110,10,431.46
c02130a4,3858,74,9,309.82
63445eb0,3858,127,4,105.14
e8d126d7,3858,19,10,385.52
4073c2e3,3859,64,2,319.78
4848381b,3859,82,4,336.54
8c76a9d7,3859,82,10,336.54
3b3d7138,3859,140,6,94.52
60096666,3860,6,8,94.32
8e2f7a5c,3860,122,3,206.63
34c8f4db,3860,134,9,411.75
8cef4f27,3861,113,7,576.51
cde196b4,3861,9,6,306.24
0b669640,3862,12,5,249.75
79917b1c,3862,113,8,576.51
f8b64dd7,3862,105,8,27.25
1a7323f3,3863,125,1,495.37
f8aa405f,3863,55,8,294.55
7b851818,3863,8,6,62.66
12ae0ed6,3863,30,7,230.06
0c194f69,3863,112,3,209.57
b64e8341,3864,44,9,595.46
70406f51,3864,68,3,25.46
01fa6918,3865,104,9,112.88
095677e5,3865,130,10,366.73
1aaf80d1,3865,38,2,323.52
b5e63e45,3866,72,5,232.02
20d27f30,3866,84,4,230.04
5988444c,3867,4,5,39.86
80271ba6,3867,7,5,588.01
484cebbb,3867,75,2,110.22
29a84460,3867,109,7,662.43
96b3b8f4,3868,57,8,45.96
c396acd1,3869,34,1,457.44
c2848fcc,3869,102,1,451.88
2d5c4a6b,3869,129,1,254.73
bc23f5ab,3870,144,10,111.39
51d200dd,3870,129,9,254.73
dc082532,3870,37,5,659.37
53dc387f,3870,85,4,300.34
69b1e492,3870,114,8,112.98
80e5787f,3871,72,10,232.02
c79235b4,3871,112,1,209.57
b1e71b6c,3871,10,1,321.2
63a5aca8,3871,83,5,264.39
c0482a09,3872,150,3,192.44
eec81a87,3872,17,10,312.14
10eb346b,3872,104,2,112.88
c4f36f1c,3873,122,3,206.63
0682a6c1,3873,112,5,209.57
c53be9f9,3873,67,8,144.67
9d4c2e87,3873,84,9,230.04
2b42aca3,3873,105,4,27.25
b82f3839,3874,99,3,155.1
3cf1d40d,3875,62,1,663.53
9a5e58ca,3876,73,1,189.8
3af89c6d,3876,24,1,276.31
e51f3d0d,3876,17,10,312.14
dad1621a,3876,18,7,172.05
dfaed7bf,3877,84,4,230.04
e2ce1bb1,3877,29,5,489.96
2e1609ef,3877,142,2,409.18
3e8bb5f5,3877,15,4,440.74
e967f15a,3877,52,7,635.0
c18dd26e,3878,25,9,302.2
9709ae79,3878,34,5,457.44
ad0c34bc,3879,62,4,663.53
93fee656,3879,12,7,249.75
56ffc4ce,3880,119,4,362.46
4aeee915,3880,95,7,124.61
b0c31707,3880,76,2,272.25
9196f725,3880,79,6,289.74
1a0c56fa,3880,87,10,414.86
794239b0,3881,21,4,210.5
17cacd08,3881,132,5,313.92
42a91744,3881,35,6,227.38
7dbd884f,3881,66,3,41.73
a32c423e,3882,101,4,149.65
101ecb44,3882,136,7,276.4
1dac61e1,3882,49,4,234.47
9699615e,3883,63,8,158.85
fe628604,3883,108,8,409.77
a0c76664,3884,46,3,35.41
1ace8dd7,3885,141,4,350.19
2150557a,3885,124,10,476.13
7bcb05fd,3885,53,1,350.56
09935388,3885,49,9,234.47
0edaf96f,3885,144,7,111.39
3dad37c5,3886,105,9,27.25
e32d31aa,3886,69,4,130.35
57703a32,3886,133,7,512.38
a5a86b57,3886,95,9,
4d0362a5,3886,139,9,562.91
83d586f5,3887,105,9,27.25
0daccd09,3887,72,5,232.02
a587058a,3887,52,6,635.0
5970640b,3887,98,5,598.38
4f83ae69,3888,8,3,62.66
b8029926,3888,96,5,548.63
0e6c07df,3888,40,5,269.82
efc27206,3888,24,5,276.31
022ee091,3888,141,4,350.19
247b5de9,3889,101,6,149.65
c3909ea2,3890,70,9,205.03
7846febe,3891,146,4,375.4
800e4a0b,3891,107,4,235.92
558f4dff,3891,114,1,112.98
b8b3760c,3892,97,7,356.16
31466dc3,3892,75,5,110.22
3b50a03f,3892,133,5,512.38
10457b2a,3893,124,1,476.13
eef3e010,3893,4,3,39.86
b6e76cc6,3893,87,10,414.86
947c420a,3894,46,10,35.41
fffdb94f,3894,6,10,94.32
a0b3d8ab,3894,112,1,209.57
fe86691a,3895,17,9,312.14
127627c8,3895,113,6,576.51
22297036,3895,34,7,457.44
52a1704a,3895,4,1,39.86
95e7ba68,3895,122,4,206.63
d7917145,3896,120,8,32.84
bcd99b95,3896,65,4,82.75
9720775e,3896,146,8,375.4
a9d58a95,3896,8,2,62.66
7b6eeb53,3896,52,4,635.0
08ca3e59,3897,35,8,227.38
30005d3b,3897,109,4,662.43
5471f916,3898,101,2,149.65
4396de21,3898,85,9,300.34
88dfd7a5,3898,39,7,547.33
a940f3d1,3899,87,8,414.86
24e56fe6,3900,75,3,110.22
4af38b16,3900,24,9,276.31
4a2c9d35,3901,12,2,249.75
f2da3e9c,3901,73,10,189.8
ff46182a,3902,129,3,254.73
e6dbc15a,3903,70,9,205.03
d1604228,3904,70,4,205.03
22bb963d,3904,60,6,341.45
82705ae1,3904,136,7,276.4
8c368ad0,3904,82,5,336.54
995b34de,3905,115,3,317.48
977c4f17,3905,117,10,143.81
58a6ba43,3905,139,1,562.91
c38ceefb,3906,28,6,211.7
9e1b5777,3906,41,4,135.18
7064ed1a,3906,116,8,353.96
bff0a226,3906,70,2,205.03
d3faa28e,3907,56,7,237.91
abffdad0,3907,95,10,124.61
c4f669dd,3907,9,7,306.24
9f605a83,3907,118,8,199.93
c7bd342f,3907,67,9,144.67
83d096a6,3908,148,8,325.19
dc283e6b,3909,147,7,355.47
d2e9fedf,3909,100,8,499.43
57f3596a,3909,145,3,173.53
8dff9135,3909,50,7,447.11
e95fef2a,3910,11,10,175.83
d70dbbb2,3910,137,10,514.29
9f667805,3910,128,10,248.41
162a2814,3910,63,9,
3a3d83de,3911,72,1,232.02
f83bc303,3911,86,3,79.11
c8a81744,3912,83,7,264.39
870be6e5,3912,46,3,35.41
1bd85f8e,3912,85,1,300.34
5a84e568,3912,120,9,32.84
58fa566e,3913,96,10,548.63
3d920a59,3913,47,1,256.73
126d033c,3913,146,3,375.4
0f82ef94,3913,57,8,45.96
b8911bfa,3913,76,3,272.25
c27e42a9,3914,63,8,158.85
3949554a,3914,70,10,205.03
63af0919,3914,76,1,272.25
0b26af7d,3914,104,10,112.88
212a712a,3914,58,9,504.47
824dbb87,3915,46,3,35.41
219b7122,3915,82,10,336.54
56e38a31,3915,13,6,343.78
2af64d45,3916,60,3,341.45
24b5abb4,3916,22,4,224.4
8fc7652e,3916,49,8,234.47
a8021ee5,3917,105,5,27.25
16fb6e85,3917,60,9,341.45
c8c043b0,3917,94,1,266.93
800a8466,3917,45,1,25.51
905e5a82,3917,136,3,276.4
4461020f,3918,99,-2,155.1
ed3f5d2c,3918,125,1,495.37
eac9b626,3918,105,-5,27.25
ee27ac7d,3918,98,5,598.38
04301fb0,3918,28,2,211.7
c3c84911,3919,148,6,325.19
3045c8cd,3919,63,3,158.85
b06f1323,3920,35,9,227.38
cef8be26,3921,60,6,341.45
73e4aa7b,3921,69,10,130.35
9090fdc9,3921,14,2,613.39
c2002f51,3922,85,10,300.34
7baa3593,3922,46,9,35.41
0182f697,3923,78,2,321.17
a38e1f2b,3923,138,2,347.46
17c00832,3923,28,10,211.7
34d0c692,3924,54,2,76.52
bab43efb,3925,78,9,321.17
594c4533,3925,105,5,27.25
a5befd2d,3925,38,1,323.52
202c39d1,3926,111,6,522.96
2b481e89,3926,145,4,173.53
813c4724,3927,97,6,356.16
83682229,3927,25,7,302.2
29094b47,3928,80,5,26.66
f42332e3,3928,6,6,94.32
93465578,3928,83,4,264.39
8b4f857b,3928,80,10,26.66
720ea193,3929,141,9,350.19
5be115ec,3930,35,3,227.38
a635fe26,3930,12,5,249.75
c63b88e5,3930,24,7,276.31
74a59be1,3930,134,5,411.75
63805275,3930,82,7,336.54
afe3c2df,3931,5,7,84.34
c7f7439c,3931,140,3,94.52
cb8b9e32,3931,73,8,189.8
819d27d6,3932,25,8,302.2
55da244c,3932,103,10,560.59
9234dc91,3932,63,4,158.85
345335e2,3933,6,10,94.32
dd35bc2f,3933,117,9,143.81
38a0e951,3933,31,1,100.15
196bdc1f,3933,13,9,343.78
51f1c5a4,3933,93,7,85.6
33344f93,3934,138,6,347.46
e730cd4a,3934,94,2,266.93
485aa92f,3934,66,4,41.73
a5fea1f4,3935,78,10,321.17
cb45f734,3935,5,10,84.34
fe746241,3935,70,10,205.03
992832a5,3936,73,10,189.8
b711c606,3937,147,6,355.47
030bbd35,3937,76,3,272.25
54ab0aff,3937,106,-4,13.38
f4437ef3,3937,83,6,264.39
533f842b,3937,78,8,321.17
e683faa1,3938,140,9,94.52
6d1ea983,3939,145,3,173.53
53d04396,3940,98,3,598.38
77858311,3940,22,7,224.4
016ef74e,3940,95,7,124.61
b3afd3c3,3940,57,1,45.96
0c32f214,3940,50,4,447.11
6e5820ce,3941,4,8,39.86
7c2065b9,3941,85,7,300.34
cf9583df,3941,68,7,25.46
c2053cb1,3942,130,4,366.73
0269f4c9,3942,99,3,155.1
6132fc92,3942,118,5,199.93
adac438c,3942,32,7,505.23
053a952a,3942,101,6,149.65
c33de92e,3943,88,9,366.29
bf272a7c,3943,22,1,224.4
15d2e845,3944,48,5,120.58
ed8f0a85,3944,40,4,269.82
bb3b5c87,3944,45,9,25.51
7e0a464f,3944,107,3,235.92
fb9ac2fb,3945,18,8,172.05
d3596516,3945,64,7,319.78
42cd2e00,3945,14,8,613.39
ae82f583,3946,86,1,79.11
564f24c5,3947,80,10,26.66
a3e29c2c,3948,28,9,211.7
6f711b52,3949,95,8,124.61
03dfe4cc,3949,7,4,588.01
dceaa179,3949,52,3,635.0
043c06dd,3949,111,7,522.96
162d6cb4,3950,105,7,27.25
02a33776,3950,112,7,209.57
69ec02d5,3951,128,8,248.41
b34c15a3,3952,106,2,13.38
752c489b,3952,111,7,522.96
b8929fc7,3952,121,2,563.05
760da797,3952,41,3,135.18
ce23035c,3953,150,5,192.44
d5b3ee48,3953,115,3,317.48
3e3f7e8c,3954,109,2,662.43
8baa4f96,3954,19,1,385.52
5389fbac,3954,88,8,366.29
9fa06ebb,3954,144,4,111.39
2d731943,3955,30,6,230.06
b29b8875,3956,11,9,175.83
27e7eab4,3956,138,4,347.46
1411407d,3956,102,10,451.88
8fe3e268,3957,23,2,131.11
ecfa175b,3957,139,10,562.91
a1ecef81,3957,99,4,155.1
57e0825b,3957,8,5,62.66
bbbb16fe,3957,69,2,130.35
1b4667f3,3958,102,4,451.88
5175e325,3959,75,9,110.22
eba18c8f,3959,2,6,616.23
5db11301,3959,68,10,25.46
1a10b68b,3959,93,9,85.6
b66e5a99,3960,63,9,158.85
f070865e,3960,138,10,347.46
ee569623,3961,68,5,25.46
24f66955,3961,6,6,94.32
24e06666,3962,83,3,264.39
91711f50,3963,76,6,272.25
e77ed847,3963,59,7,333.45
599a35c0,3963,36,9,583.1
21aeeba0,3963,113,10,576.51
2efe6178,3964,144,6,111.39
1418d16d,3964,101,10,149.65
ce4cd0cf,3965,9,4,306.24
cc096c21,3966,83,7,264.39
e75ba070,3966,68,4,25.46
e51322c1,3967,125,5,495.37
736a4306,3967,57,9,45.96
33436dc3,3968,131,8,156.26
9e71a2eb,3968,95,7,124.61
b608de7f,3968,60,2,341.45
9c404fea,3968,102,10,451.88
2ac5acc1,3968,4,10,39.86
bfc201d1,3969,58,5,504.47
54068837,3969,127,2,105.14
9545acb2,3969,93,7,85.6
6a49491f,3970,63,3,158.85
f3532c61,3971,129,5,254.73
6cde9ec6,3971,11,9,175.83
3c475d0f,3971,11,4,175.83
ba05b404,3971,70,3,205.03
f9cfcd01,3972,71,3,485.03
7cc4a0eb,3972,85,2,300.34
aaeffd5c,3972,135,9,156.85
2b1149d3,3973,127,9,105.14
b5aebbc0,3973,50,5,447.11
158212e5,3973,124,7,476.13
57ba123a,3974,125,4,495.37
2a90c8a4,3974,130,8,366.73
1d0e4947,3975,5,9,84.34
2261ae8d,3975,116,1,353.96
a7151c7a,3976,63,6,158.85
641b42b1,3976,123,5,476.54
8e6b9269,3976,69,4,130.35
03607294,3977,68,9,25.46
192604bd,3977,31,9,100.15
a0e31047,3977,13,9,343.78
55d19c77,3977,95,4,124.61
8a2f0cf5,3978,97,8,356.16
966b8100,3978,3,1,217.43
df29c4aa,3978,47,8,256.73
eba5806c,3978,106,6,13.38
332c6eba,3978,135,10,156.85
a59addde,3979,3,6,217.43
c47aae2e,3979,60,5,341.45
25655c16,3980,66,8,41.73
ded87eaa,3980,142,1,409.18
31293408,3980,80,5,26.66
f2441152,3980,44,6,595.46
0b7ef57c,3981,115,5,317.48
d76c1177,3981,130,10,366.73
f05626b8,3981,11,6,175.83
85501c89,3982,98,2,598.38
6ee8a33f,3982,22,7,224.4
a6c518e9,3982,67,2,144.67
0575b493,3982,116,5,353.96
8e487ffc,3983,50,3,447.11
de662a49,3984,47,6,256.73
4268107e,3984,127,9,105.14
dc423ceb,3985,101,8,149.65
f440c0af,3985,8,4,62.66
0f3854e5,3985,29,3,489.96
a3d23111,3985,22,6,224.4
7371e836,3986,140,6,94.52
acaaca62,3986,132,4,313.92
1b193e07,3986,108,3,409.77
eb1c3c37,3987,37,4,659.37
60b0c29c,3987,108,1,409.77
e98f3c67,3987,131,1,156.26
222c5b65,3987,63,3,158.85
732d29dd,3987,47,3,256.73
6125fb43,3988,27,7,304.08
60aa9156,3988,115,2,317.48
911a5321,3988,69,8,130.35
94e22c7d,3989,51,9,114.5
b55aea66,3990,29,2,489.96
46e4a087,3990,145,3,173.53
4aeea109,3990,72,5,232.02
0a9fb96f,3990,12,9,249.75
9c5fc793,3991,73,4,189.8
584e7a8d,3991,131,6,156.26
7f0647c4,3991,41,1,135.18
a667262d,3991,65,10,82.75
0c41bc31,3991,120,6,32.84
4187475d,3992,20,5,602.66
a2711be1,3992,55,10,294.55
f5412e61,3992,23,4,131.11
fe0fa492,3992,53,4,350.56
adc289c4,3993,77,5,107.21
2429a3a5,3994,36,8,583.1
9260469e,3994,28,10,211.7
83bb0849,3995,71,9,485.03
ea722f3d,3995,111,2,
02d497c2,3995,81,3,197.74
832ef9d3,3995,8,1,62.66
2b2726c9,3995,41,5,135.18
6e905857,3996,104,3,112.88
ac35a160,3996,107,3,235.92
8e01a96b,3997,67,6,144.67
8f53244c,3997,108,8,409.77
b83abaa7,3997,13,8,343.78
15aeefef,3997,145,6,173.53
c2ab20e0,3998,136,3,276.4
7f6301bd,3998,116,9,353.96
0f93448f,3998,24,2,276.31
c68fe3d4,3999,28,2,211.7
24f7b635,3999,140,2,94.52
48decf09,3999,85,9,300.34
d9e3898e,3999,31,9,100.15
fb86c6f2,3999,61,10,353.88
ae3bec48,4000,123,2,476.54
4bb30b43,4000,46,-2,35.41
100ff27c,4000,5,5,84.34
4f590658,4000,18,10,172.05
